2026-01-24 01:46:20,256 [11] ERROR -  >>  >> Login >> 0 >> Lijin Login Error:System.ServiceModel.EndpointNotFoundException: Nessun endpoint in ascolto su net.pipe://localhost/novadata/IDataService in grado di accettare il messaggio. Ciò è spesso causato da un'azione SOAP o un indirizzo non corretto. Per ulteriori dettagli, vedere InnerException, se presente. ---> System.IO.PipeException: Impossibile trovare l'endpoint di pipe 'net.pipe://localhost/novadata/IDataService' nel computer locale. 
   --- Fine della traccia dello stack dell'eccezione interna ---

Server stack trace: 
   in System.ServiceModel.Channels.PipeConnectionInitiator.GetPipeName(Uri uri, IPipeTransportFactorySettings transportFactorySettings)
   in System.ServiceModel.Channels.NamedPipeConnectionPoolRegistry.NamedPipeConnectionPool.GetPoolKey(EndpointAddress address, Uri via)
   in System.ServiceModel.Channels.CommunicationPool`2.TakeConnection(EndpointAddress address, Uri via, TimeSpan timeout, TKey& key)
   in System.ServiceModel.Channels.ConnectionPoolHelper.EstablishConnection(TimeSpan timeout)
   in System.ServiceModel.Channels.ClientFramingDuplexSessionChannel.OnOpen(TimeSpan timeout)
   in System.ServiceModel.Channels.CommunicationObject.Open(TimeSpan timeout)
   in System.ServiceModel.Channels.ServiceChannel.OnOpen(TimeSpan timeout)
   in System.ServiceModel.Channels.CommunicationObject.Open(TimeSpan timeout)
   in System.ServiceModel.Channels.ServiceChannel.CallOpenOnce.System.ServiceModel.Channels.ServiceChannel.ICallOnce.Call(ServiceChannel channel, TimeSpan timeout)
   in System.ServiceModel.Channels.ServiceChannel.CallOnceManager.CallOnce(TimeSpan timeout, CallOnceManager cascade)
   in System.ServiceModel.Channels.ServiceChannel.Call(String action, Boolean oneway, ProxyOperationRuntime operation, Object[] ins, Object[] outs, TimeSpan timeout)
   in System.ServiceModel.Channels.ServiceChannelProxy.InvokeService(IMethodCallMessage methodCall, ProxyOperationRuntime operation)
   in System.ServiceModel.Channels.ServiceChannelProxy.Invoke(IMessage message)

Exception rethrown at [0]: 
   in System.Runtime.Remoting.Proxies.RealProxy.HandleReturnMessage(IMessage reqMsg, IMessage retMsg)
   in System.Runtime.Remoting.Proxies.RealProxy.PrivateInvoke(MessageData& msgData, Int32 type)
   in Nova.Monitoring.Common.IDataService.Login(String name)
   in Nova.Monitoring.Common.DataClientBaseNew.Login(String name)
2026-01-24 01:46:20,287 [11] ERROR -  >>  >> Hello >> 0 >> Hello Error:System.ServiceModel.CommunicationObjectFaultedException: Impossibile utilizzare l'oggetto di comunicazione, System.ServiceModel.Channels.ServiceChannel, per la comunicazione perché è nello stato Faulted.

Server stack trace: 
   in System.ServiceModel.Channels.CommunicationObject.ThrowIfDisposedOrNotOpen()
   in System.ServiceModel.Channels.ServiceChannel.Call(String action, Boolean oneway, ProxyOperationRuntime operation, Object[] ins, Object[] outs, TimeSpan timeout)
   in System.ServiceModel.Channels.ServiceChannelProxy.InvokeService(IMethodCallMessage methodCall, ProxyOperationRuntime operation)
   in System.ServiceModel.Channels.ServiceChannelProxy.Invoke(IMessage message)

Exception rethrown at [0]: 
   in System.Runtime.Remoting.Proxies.RealProxy.HandleReturnMessage(IMessage reqMsg, IMessage retMsg)
   in System.Runtime.Remoting.Proxies.RealProxy.PrivateInvoke(MessageData& msgData, Int32 type)
   in Nova.Monitoring.Common.IDataService.Hello()
   in Nova.Monitoring.Common.DataClientBaseNew.Hello()
2026-01-24 01:46:20,465 [11] ERROR -  >>  >> Login >> 0 >> Lijin Login Error:System.ServiceModel.EndpointNotFoundException: Nessun endpoint in ascolto su net.pipe://localhost/novadata/IDataService in grado di accettare il messaggio. Ciò è spesso causato da un'azione SOAP o un indirizzo non corretto. Per ulteriori dettagli, vedere InnerException, se presente. ---> System.IO.PipeException: Impossibile trovare l'endpoint di pipe 'net.pipe://localhost/novadata/IDataService' nel computer locale. 
   --- Fine della traccia dello stack dell'eccezione interna ---

Server stack trace: 
   in System.ServiceModel.Channels.PipeConnectionInitiator.GetPipeName(Uri uri, IPipeTransportFactorySettings transportFactorySettings)
   in System.ServiceModel.Channels.NamedPipeConnectionPoolRegistry.NamedPipeConnectionPool.GetPoolKey(EndpointAddress address, Uri via)
   in System.ServiceModel.Channels.CommunicationPool`2.TakeConnection(EndpointAddress address, Uri via, TimeSpan timeout, TKey& key)
   in System.ServiceModel.Channels.ConnectionPoolHelper.EstablishConnection(TimeSpan timeout)
   in System.ServiceModel.Channels.ClientFramingDuplexSessionChannel.OnOpen(TimeSpan timeout)
   in System.ServiceModel.Channels.CommunicationObject.Open(TimeSpan timeout)
   in System.ServiceModel.Channels.ServiceChannel.OnOpen(TimeSpan timeout)
   in System.ServiceModel.Channels.CommunicationObject.Open(TimeSpan timeout)
   in System.ServiceModel.Channels.ServiceChannel.CallOpenOnce.System.ServiceModel.Channels.ServiceChannel.ICallOnce.Call(ServiceChannel channel, TimeSpan timeout)
   in System.ServiceModel.Channels.ServiceChannel.CallOnceManager.CallOnce(TimeSpan timeout, CallOnceManager cascade)
   in System.ServiceModel.Channels.ServiceChannel.Call(String action, Boolean oneway, ProxyOperationRuntime operation, Object[] ins, Object[] outs, TimeSpan timeout)
   in System.ServiceModel.Channels.ServiceChannelProxy.InvokeService(IMethodCallMessage methodCall, ProxyOperationRuntime operation)
   in System.ServiceModel.Channels.ServiceChannelProxy.Invoke(IMessage message)

Exception rethrown at [0]: 
   in System.Runtime.Remoting.Proxies.RealProxy.HandleReturnMessage(IMessage reqMsg, IMessage retMsg)
   in System.Runtime.Remoting.Proxies.RealProxy.PrivateInvoke(MessageData& msgData, Int32 type)
   in Nova.Monitoring.Common.IDataService.Login(String name)
   in Nova.Monitoring.Common.DataClientBaseNew.Login(String name)
2026-01-24 01:46:21,685 [5] ERROR -  >>  >> Hello >> 0 >> Hello Error:System.ServiceModel.CommunicationObjectFaultedException: Impossibile utilizzare l'oggetto di comunicazione, System.ServiceModel.Channels.ServiceChannel, per la comunicazione perché è nello stato Faulted.

Server stack trace: 
   in System.ServiceModel.Channels.CommunicationObject.ThrowIfDisposedOrNotOpen()
   in System.ServiceModel.Channels.ServiceChannel.Call(String action, Boolean oneway, ProxyOperationRuntime operation, Object[] ins, Object[] outs, TimeSpan timeout)
   in System.ServiceModel.Channels.ServiceChannelProxy.InvokeService(IMethodCallMessage methodCall, ProxyOperationRuntime operation)
   in System.ServiceModel.Channels.ServiceChannelProxy.Invoke(IMessage message)

Exception rethrown at [0]: 
   in System.Runtime.Remoting.Proxies.RealProxy.HandleReturnMessage(IMessage reqMsg, IMessage retMsg)
   in System.Runtime.Remoting.Proxies.RealProxy.PrivateInvoke(MessageData& msgData, Int32 type)
   in Nova.Monitoring.Common.IDataService.Hello()
   in Nova.Monitoring.Common.DataClientBaseNew.Hello()
2026-01-24 01:46:21,689 [5] ERROR -  >>  >> Login >> 0 >> Lijin Login Error:System.ServiceModel.EndpointNotFoundException: Nessun endpoint in ascolto su net.pipe://localhost/novadata/IDataService in grado di accettare il messaggio. Ciò è spesso causato da un'azione SOAP o un indirizzo non corretto. Per ulteriori dettagli, vedere InnerException, se presente. ---> System.IO.PipeException: Impossibile trovare l'endpoint di pipe 'net.pipe://localhost/novadata/IDataService' nel computer locale. 
   --- Fine della traccia dello stack dell'eccezione interna ---

Server stack trace: 
   in System.ServiceModel.Channels.PipeConnectionInitiator.GetPipeName(Uri uri, IPipeTransportFactorySettings transportFactorySettings)
   in System.ServiceModel.Channels.NamedPipeConnectionPoolRegistry.NamedPipeConnectionPool.GetPoolKey(EndpointAddress address, Uri via)
   in System.ServiceModel.Channels.CommunicationPool`2.TakeConnection(EndpointAddress address, Uri via, TimeSpan timeout, TKey& key)
   in System.ServiceModel.Channels.ConnectionPoolHelper.EstablishConnection(TimeSpan timeout)
   in System.ServiceModel.Channels.ClientFramingDuplexSessionChannel.OnOpen(TimeSpan timeout)
   in System.ServiceModel.Channels.CommunicationObject.Open(TimeSpan timeout)
   in System.ServiceModel.Channels.ServiceChannel.OnOpen(TimeSpan timeout)
   in System.ServiceModel.Channels.CommunicationObject.Open(TimeSpan timeout)
   in System.ServiceModel.Channels.ServiceChannel.CallOpenOnce.System.ServiceModel.Channels.ServiceChannel.ICallOnce.Call(ServiceChannel channel, TimeSpan timeout)
   in System.ServiceModel.Channels.ServiceChannel.CallOnceManager.CallOnce(TimeSpan timeout, CallOnceManager cascade)
   in System.ServiceModel.Channels.ServiceChannel.Call(String action, Boolean oneway, ProxyOperationRuntime operation, Object[] ins, Object[] outs, TimeSpan timeout)
   in System.ServiceModel.Channels.ServiceChannelProxy.InvokeService(IMethodCallMessage methodCall, ProxyOperationRuntime operation)
   in System.ServiceModel.Channels.ServiceChannelProxy.Invoke(IMessage message)

Exception rethrown at [0]: 
   in System.Runtime.Remoting.Proxies.RealProxy.HandleReturnMessage(IMessage reqMsg, IMessage retMsg)
   in System.Runtime.Remoting.Proxies.RealProxy.PrivateInvoke(MessageData& msgData, Int32 type)
   in Nova.Monitoring.Common.IDataService.Login(String name)
   in Nova.Monitoring.Common.DataClientBaseNew.Login(String name)
2026-01-24 01:46:22,505 [11] ERROR -  >>  >> ExecuteCommand >> 0 >> System.ServiceModel.CommunicationObjectFaultedException: Impossibile utilizzare l'oggetto di comunicazione, System.ServiceModel.Channels.ServiceChannel, per la comunicazione perché è nello stato Faulted.

Server stack trace: 
   in System.ServiceModel.Channels.CommunicationObject.ThrowIfDisposedOrNotOpen()
   in System.ServiceModel.Channels.ServiceChannel.Call(String action, Boolean oneway, ProxyOperationRuntime operation, Object[] ins, Object[] outs, TimeSpan timeout)
   in System.ServiceModel.Channels.ServiceChannelProxy.InvokeService(IMethodCallMessage methodCall, ProxyOperationRuntime operation)
   in System.ServiceModel.Channels.ServiceChannelProxy.Invoke(IMessage message)

Exception rethrown at [0]: 
   in System.Runtime.Remoting.Proxies.RealProxy.HandleReturnMessage(IMessage reqMsg, IMessage retMsg)
   in System.Runtime.Remoting.Proxies.RealProxy.PrivateInvoke(MessageData& msgData, Int32 type)
   in Nova.Monitoring.Common.IDataService.ExecuteCommand(Int32 code, String data)
   in Nova.LCT.GigabitSystem.MonitorClientManager.MonitorClient.ExecuteCommand(Int32 code, String data, Boolean catchError)
2026-01-24 01:46:27,493 [11] ERROR -  >>  >> Hello >> 0 >> Hello Error:System.ServiceModel.CommunicationObjectFaultedException: Impossibile utilizzare l'oggetto di comunicazione, System.ServiceModel.Channels.ServiceChannel, per la comunicazione perché è nello stato Faulted.

Server stack trace: 
   in System.ServiceModel.Channels.CommunicationObject.ThrowIfDisposedOrNotOpen()
   in System.ServiceModel.Channels.ServiceChannel.Call(String action, Boolean oneway, ProxyOperationRuntime operation, Object[] ins, Object[] outs, TimeSpan timeout)
   in System.ServiceModel.Channels.ServiceChannelProxy.InvokeService(IMethodCallMessage methodCall, ProxyOperationRuntime operation)
   in System.ServiceModel.Channels.ServiceChannelProxy.Invoke(IMessage message)

Exception rethrown at [0]: 
   in System.Runtime.Remoting.Proxies.RealProxy.HandleReturnMessage(IMessage reqMsg, IMessage retMsg)
   in System.Runtime.Remoting.Proxies.RealProxy.PrivateInvoke(MessageData& msgData, Int32 type)
   in Nova.Monitoring.Common.IDataService.Hello()
   in Nova.Monitoring.Common.DataClientBaseNew.Hello()
2026-01-24 01:46:27,496 [11] ERROR -  >>  >> Login >> 0 >> Lijin Login Error:System.ServiceModel.EndpointNotFoundException: Nessun endpoint in ascolto su net.pipe://localhost/novadata/IDataService in grado di accettare il messaggio. Ciò è spesso causato da un'azione SOAP o un indirizzo non corretto. Per ulteriori dettagli, vedere InnerException, se presente. ---> System.IO.PipeException: Impossibile trovare l'endpoint di pipe 'net.pipe://localhost/novadata/IDataService' nel computer locale. 
   --- Fine della traccia dello stack dell'eccezione interna ---

Server stack trace: 
   in System.ServiceModel.Channels.PipeConnectionInitiator.GetPipeName(Uri uri, IPipeTransportFactorySettings transportFactorySettings)
   in System.ServiceModel.Channels.NamedPipeConnectionPoolRegistry.NamedPipeConnectionPool.GetPoolKey(EndpointAddress address, Uri via)
   in System.ServiceModel.Channels.CommunicationPool`2.TakeConnection(EndpointAddress address, Uri via, TimeSpan timeout, TKey& key)
   in System.ServiceModel.Channels.ConnectionPoolHelper.EstablishConnection(TimeSpan timeout)
   in System.ServiceModel.Channels.ClientFramingDuplexSessionChannel.OnOpen(TimeSpan timeout)
   in System.ServiceModel.Channels.CommunicationObject.Open(TimeSpan timeout)
   in System.ServiceModel.Channels.ServiceChannel.OnOpen(TimeSpan timeout)
   in System.ServiceModel.Channels.CommunicationObject.Open(TimeSpan timeout)
   in System.ServiceModel.Channels.ServiceChannel.CallOpenOnce.System.ServiceModel.Channels.ServiceChannel.ICallOnce.Call(ServiceChannel channel, TimeSpan timeout)
   in System.ServiceModel.Channels.ServiceChannel.CallOnceManager.CallOnce(TimeSpan timeout, CallOnceManager cascade)
   in System.ServiceModel.Channels.ServiceChannel.Call(String action, Boolean oneway, ProxyOperationRuntime operation, Object[] ins, Object[] outs, TimeSpan timeout)
   in System.ServiceModel.Channels.ServiceChannelProxy.InvokeService(IMethodCallMessage methodCall, ProxyOperationRuntime operation)
   in System.ServiceModel.Channels.ServiceChannelProxy.Invoke(IMessage message)

Exception rethrown at [0]: 
   in System.Runtime.Remoting.Proxies.RealProxy.HandleReturnMessage(IMessage reqMsg, IMessage retMsg)
   in System.Runtime.Remoting.Proxies.RealProxy.PrivateInvoke(MessageData& msgData, Int32 type)
   in Nova.Monitoring.Common.IDataService.Login(String name)
   in Nova.Monitoring.Common.DataClientBaseNew.Login(String name)
2026-01-24 01:46:30,247 [1] ERROR -  >>  >> TraceInfo >> 0 >>  >> LCTServerMessageProxy >>?????????:,3.1.1
2026-01-24 01:46:30,286 [10] ERROR -  >>  >> TraceInfo >> 0 >>  >> LCTServerMessageProxy >>OnHandshakeServerPrivderCallback: ???394840,???394840
2026-01-24 01:46:31,840 [8] ERROR -  >>  >> OnEquipmentChangeEvent >> 0 >> ?????????
2026-01-24 01:46:31,845 [1] ERROR -  >>  >> ChangeDeviceList >> 0 >> equipmentTable.count:0
2026-01-24 01:46:31,941 [8] ERROR -  >>  >> OnEquipmentChangeEvent >> 0 >> ????,???0!!!
2026-01-24 01:46:32,356 [15] ERROR -  >>  >> <UploadBakFile>b__0 >> 0 >> ?LCT????????????? -- Sleep Finished
2026-01-24 01:46:33,497 [17] ERROR -  >>  >> Hello >> 0 >> Hello Error:System.ServiceModel.CommunicationObjectFaultedException: Impossibile utilizzare l'oggetto di comunicazione, System.ServiceModel.Channels.ServiceChannel, per la comunicazione perché è nello stato Faulted.

Server stack trace: 
   in System.ServiceModel.Channels.CommunicationObject.ThrowIfDisposedOrNotOpen()
   in System.ServiceModel.Channels.ServiceChannel.Call(String action, Boolean oneway, ProxyOperationRuntime operation, Object[] ins, Object[] outs, TimeSpan timeout)
   in System.ServiceModel.Channels.ServiceChannelProxy.InvokeService(IMethodCallMessage methodCall, ProxyOperationRuntime operation)
   in System.ServiceModel.Channels.ServiceChannelProxy.Invoke(IMessage message)

Exception rethrown at [0]: 
   in System.Runtime.Remoting.Proxies.RealProxy.HandleReturnMessage(IMessage reqMsg, IMessage retMsg)
   in System.Runtime.Remoting.Proxies.RealProxy.PrivateInvoke(MessageData& msgData, Int32 type)
   in Nova.Monitoring.Common.IDataService.Hello()
   in Nova.Monitoring.Common.DataClientBaseNew.Hello()
2026-01-24 01:46:33,503 [17] ERROR -  >>  >> Login >> 0 >> Lijin Login Error:System.ServiceModel.EndpointNotFoundException: Nessun endpoint in ascolto su net.pipe://localhost/novadata/IDataService in grado di accettare il messaggio. Ciò è spesso causato da un'azione SOAP o un indirizzo non corretto. Per ulteriori dettagli, vedere InnerException, se presente. ---> System.IO.PipeException: Impossibile trovare l'endpoint di pipe 'net.pipe://localhost/novadata/IDataService' nel computer locale. 
   --- Fine della traccia dello stack dell'eccezione interna ---

Server stack trace: 
   in System.ServiceModel.Channels.PipeConnectionInitiator.GetPipeName(Uri uri, IPipeTransportFactorySettings transportFactorySettings)
   in System.ServiceModel.Channels.NamedPipeConnectionPoolRegistry.NamedPipeConnectionPool.GetPoolKey(EndpointAddress address, Uri via)
   in System.ServiceModel.Channels.CommunicationPool`2.TakeConnection(EndpointAddress address, Uri via, TimeSpan timeout, TKey& key)
   in System.ServiceModel.Channels.ConnectionPoolHelper.EstablishConnection(TimeSpan timeout)
   in System.ServiceModel.Channels.ClientFramingDuplexSessionChannel.OnOpen(TimeSpan timeout)
   in System.ServiceModel.Channels.CommunicationObject.Open(TimeSpan timeout)
   in System.ServiceModel.Channels.ServiceChannel.OnOpen(TimeSpan timeout)
   in System.ServiceModel.Channels.CommunicationObject.Open(TimeSpan timeout)
   in System.ServiceModel.Channels.ServiceChannel.CallOpenOnce.System.ServiceModel.Channels.ServiceChannel.ICallOnce.Call(ServiceChannel channel, TimeSpan timeout)
   in System.ServiceModel.Channels.ServiceChannel.CallOnceManager.CallOnce(TimeSpan timeout, CallOnceManager cascade)
   in System.ServiceModel.Channels.ServiceChannel.Call(String action, Boolean oneway, ProxyOperationRuntime operation, Object[] ins, Object[] outs, TimeSpan timeout)
   in System.ServiceModel.Channels.ServiceChannelProxy.InvokeService(IMethodCallMessage methodCall, ProxyOperationRuntime operation)
   in System.ServiceModel.Channels.ServiceChannelProxy.Invoke(IMessage message)

Exception rethrown at [0]: 
   in System.Runtime.Remoting.Proxies.RealProxy.HandleReturnMessage(IMessage reqMsg, IMessage retMsg)
   in System.Runtime.Remoting.Proxies.RealProxy.PrivateInvoke(MessageData& msgData, Int32 type)
   in Nova.Monitoring.Common.IDataService.Login(String name)
   in Nova.Monitoring.Common.DataClientBaseNew.Login(String name)
2026-01-24 01:46:40,302 [15] ERROR -  >>  >> TraceInfo >> 0 >>  >> LCTServerMessageProxy >>OnHandshakeServerPrivderCallback: ???394840,???394840
2026-01-24 01:46:50,317 [10] ERROR -  >>  >> TraceInfo >> 0 >>  >> LCTServerMessageProxy >>OnHandshakeServerPrivderCallback: ???394840,???394840
2026-01-24 01:47:00,335 [17] ERROR -  >>  >> TraceInfo >> 0 >>  >> LCTServerMessageProxy >>OnHandshakeServerPrivderCallback: ???394840,???394840
2026-01-24 01:47:01,164 [1] ERROR -  >>  >> TraceInfo >> 0 >>  >> LCTServerMessageProxy >>?????????:COM3,
2026-01-24 01:47:01,170 [1] ERROR -  >>  >> TraceInfo >> 0 >>  >> LCTServerMessageProxy >>?????????:
2026-01-24 01:47:01,171 [1] ERROR -  >>  >> OnCompleteConnectAllController >> 0 >> ??????????
2026-01-24 01:47:01,172 [1] ERROR -  >>  >> ChangeDeviceList >> 0 >> equipmentTable.count:0
2026-01-24 01:47:01,178 [1] ERROR -  >>  >> OnDeviceChangeEvent >> 0 >> ????:??????, ????:0 
2026-01-24 01:47:10,343 [16] ERROR -  >>  >> TraceInfo >> 0 >>  >> LCTServerMessageProxy >>OnHandshakeServerPrivderCallback: ???394840,???394840
2026-01-24 01:47:20,356 [5] ERROR -  >>  >> TraceInfo >> 0 >>  >> LCTServerMessageProxy >>OnHandshakeServerPrivderCallback: ???394840,???394840
2026-01-24 01:47:30,359 [8] ERROR -  >>  >> TraceInfo >> 0 >>  >> LCTServerMessageProxy >>OnHandshakeServerPrivderCallback: ???394840,???394840
2026-01-24 01:47:36,702 [1] ERROR -  >>  >> TraceInfo >> 0 >>  >> LCTServerMessageProxy >>?????????:COM3,
2026-01-24 01:47:36,704 [1] ERROR -  >>  >> TraceInfo >> 0 >>  >> LCTServerMessageProxy >>?????????:
2026-01-24 01:47:36,705 [1] ERROR -  >>  >> OnCompleteConnectAllController >> 0 >> ??????????
2026-01-24 01:47:36,706 [1] ERROR -  >>  >> ChangeDeviceList >> 0 >> equipmentTable.count:0
2026-01-24 01:47:36,710 [1] ERROR -  >>  >> OnDeviceChangeEvent >> 0 >> ????:??????, ????:0 
2026-01-24 01:47:40,375 [8] ERROR -  >>  >> TraceInfo >> 0 >>  >> LCTServerMessageProxy >>OnHandshakeServerPrivderCallback: ???394840,???394840
2026-01-24 01:47:42,186 [6] ERROR -  >>  >> DeSerializedXmlFromFile >> 0 >> DeSerialize xml Error:System.IO.FileNotFoundException: Il file 'C:\Users\abi4f\AppData\Roaming\NovaLCT 2012\Config\ScannerPageConfig.ini' non è stato trovato.
Nome file: 'C:\Users\abi4f\AppData\Roaming\NovaLCT 2012\Config\ScannerPageConfig.ini'
   in System.IO.__Error.WinIOError(Int32 errorCode, String maybeFullPath)
   in System.IO.FileStream.Init(String path, FileMode mode, FileAccess access, Int32 rights, Boolean useRights, FileShare share, Int32 bufferSize, FileOptions options, SECURITY_ATTRIBUTES secAttrs, String msgPath, Boolean bFromProxy, Boolean useLongPath, Boolean checkHost)
   in System.IO.FileStream..ctor(String path, FileMode mode, FileAccess access, FileShare share, Int32 bufferSize)
   in System.Xml.XmlDownloadManager.GetStream(Uri uri, ICredentials credentials, IWebProxy proxy, RequestCachePolicy cachePolicy)
   in System.Xml.XmlUrlResolver.GetEntity(Uri absoluteUri, String role, Type ofObjectToReturn)
   in System.Xml.XmlTextReaderImpl.OpenUrlDelegate(Object xmlResolver)
   in System.Threading.CompressedStack.runTryCode(Object userData)
   in System.Runtime.CompilerServices.RuntimeHelpers.ExecuteCodeWithGuaranteedCleanup(TryCode code, CleanupCode backoutCode, Object userData)
   in System.Threading.CompressedStack.Run(CompressedStack compressedStack, ContextCallback callback, Object state)
   in System.Xml.XmlTextReaderImpl.OpenUrl()
   in System.Xml.XmlTextReaderImpl.Read()
   in System.Xml.XmlLoader.Load(XmlDocument doc, XmlReader reader, Boolean preserveWhitespace)
   in System.Xml.XmlDocument.Load(XmlReader reader)
   in System.Xml.XmlDocument.Load(String filename)
   in Nova.LCT.GigabitSystem.Common.CustomTransform.DeSerializedXmlFromFile[T](String filePath, String filePathForChipTypeUse, T& source, Boolean isChipNeedHandle)
2026-01-24 01:47:50,378 [17] ERROR -  >>  >> TraceInfo >> 0 >>  >> LCTServerMessageProxy >>OnHandshakeServerPrivderCallback: ???394840,???394840
2026-01-24 01:48:00,380 [8] ERROR -  >>  >> TraceInfo >> 0 >>  >> LCTServerMessageProxy >>OnHandshakeServerPrivderCallback: ???394840,???394840
2026-01-24 01:48:10,395 [4] ERROR -  >>  >> TraceInfo >> 0 >>  >> LCTServerMessageProxy >>OnHandshakeServerPrivderCallback: ???394840,???394840
2026-01-24 01:48:12,198 [1] ERROR -  >>  >> TraceInfo >> 0 >>  >> LCTServerMessageProxy >>?????????:COM3,
2026-01-24 01:48:12,203 [1] ERROR -  >>  >> TraceInfo >> 0 >>  >> LCTServerMessageProxy >>?????????:
2026-01-24 01:48:12,204 [1] ERROR -  >>  >> OnCompleteConnectAllController >> 0 >> ??????????
2026-01-24 01:48:12,205 [1] ERROR -  >>  >> ChangeDeviceList >> 0 >> equipmentTable.count:0
2026-01-24 01:48:12,208 [1] ERROR -  >>  >> OnDeviceChangeEvent >> 0 >> ????:??????, ????:0 
2026-01-24 01:48:20,400 [5] ERROR -  >>  >> TraceInfo >> 0 >>  >> LCTServerMessageProxy >>OnHandshakeServerPrivderCallback: ???394840,???394840
2026-01-24 01:48:30,403 [17] ERROR -  >>  >> TraceInfo >> 0 >>  >> LCTServerMessageProxy >>OnHandshakeServerPrivderCallback: ???394840,???394840
2026-01-24 01:48:40,415 [16] ERROR -  >>  >> TraceInfo >> 0 >>  >> LCTServerMessageProxy >>OnHandshakeServerPrivderCallback: ???394840,???394840
2026-01-24 01:48:47,731 [1] ERROR -  >>  >> TraceInfo >> 0 >>  >> LCTServerMessageProxy >>?????????:COM3,
2026-01-24 01:48:47,737 [1] ERROR -  >>  >> TraceInfo >> 0 >>  >> LCTServerMessageProxy >>?????????:
2026-01-24 01:48:47,737 [1] ERROR -  >>  >> OnCompleteConnectAllController >> 0 >> ??????????
2026-01-24 01:48:47,738 [1] ERROR -  >>  >> ChangeDeviceList >> 0 >> equipmentTable.count:0
2026-01-24 01:48:47,742 [1] ERROR -  >>  >> OnDeviceChangeEvent >> 0 >> ????:??????, ????:0 
2026-01-24 01:48:50,425 [8] ERROR -  >>  >> TraceInfo >> 0 >>  >> LCTServerMessageProxy >>OnHandshakeServerPrivderCallback: ???394840,???394840
2026-01-24 01:49:00,439 [8] ERROR -  >>  >> TraceInfo >> 0 >>  >> LCTServerMessageProxy >>OnHandshakeServerPrivderCallback: ???394840,???394840
2026-01-24 01:49:10,440 [8] ERROR -  >>  >> TraceInfo >> 0 >>  >> LCTServerMessageProxy >>OnHandshakeServerPrivderCallback: ???394840,???394840
2026-01-24 01:49:15,531 [8] ERROR -  >>  >> Hello >> 0 >> Hello Error:System.ServiceModel.CommunicationObjectFaultedException: Impossibile utilizzare l'oggetto di comunicazione, System.ServiceModel.Channels.ServiceChannel, per la comunicazione perché è nello stato Faulted.

Server stack trace: 
   in System.ServiceModel.Channels.CommunicationObject.ThrowIfDisposedOrNotOpen()
   in System.ServiceModel.Channels.ServiceChannel.Call(String action, Boolean oneway, ProxyOperationRuntime operation, Object[] ins, Object[] outs, TimeSpan timeout)
   in System.ServiceModel.Channels.ServiceChannelProxy.InvokeService(IMethodCallMessage methodCall, ProxyOperationRuntime operation)
   in System.ServiceModel.Channels.ServiceChannelProxy.Invoke(IMessage message)

Exception rethrown at [0]: 
   in System.Runtime.Remoting.Proxies.RealProxy.HandleReturnMessage(IMessage reqMsg, IMessage retMsg)
   in System.Runtime.Remoting.Proxies.RealProxy.PrivateInvoke(MessageData& msgData, Int32 type)
   in Nova.Monitoring.Common.IDataService.Hello()
   in Nova.Monitoring.Common.DataClientBaseNew.Hello()
2026-01-24 01:49:15,551 [8] ERROR -  >>  >> Login >> 0 >> Lijin Login Error:System.ServiceModel.EndpointNotFoundException: Nessun endpoint in ascolto su net.pipe://localhost/novadata/IDataService in grado di accettare il messaggio. Ciò è spesso causato da un'azione SOAP o un indirizzo non corretto. Per ulteriori dettagli, vedere InnerException, se presente. ---> System.IO.PipeException: Impossibile trovare l'endpoint di pipe 'net.pipe://localhost/novadata/IDataService' nel computer locale. 
   --- Fine della traccia dello stack dell'eccezione interna ---

Server stack trace: 
   in System.ServiceModel.Channels.PipeConnectionInitiator.GetPipeName(Uri uri, IPipeTransportFactorySettings transportFactorySettings)
   in System.ServiceModel.Channels.PipeConnectionInitiator.PrepareConnect(Uri remoteUri, TimeSpan timeout, String& resolvedAddress, BackoffTimeoutHelper& backoffHelper)
   in System.ServiceModel.Channels.PipeConnectionInitiator.Connect(Uri remoteUri, TimeSpan timeout)
   in System.ServiceModel.Channels.BufferedConnectionInitiator.Connect(Uri uri, TimeSpan timeout)
   in System.ServiceModel.Channels.ConnectionPoolHelper.EstablishConnection(TimeSpan timeout)
   in System.ServiceModel.Channels.ClientFramingDuplexSessionChannel.OnOpen(TimeSpan timeout)
   in System.ServiceModel.Channels.CommunicationObject.Open(TimeSpan timeout)
   in System.ServiceModel.Channels.ServiceChannel.OnOpen(TimeSpan timeout)
   in System.ServiceModel.Channels.CommunicationObject.Open(TimeSpan timeout)
   in System.ServiceModel.Channels.ServiceChannel.CallOpenOnce.System.ServiceModel.Channels.ServiceChannel.ICallOnce.Call(ServiceChannel channel, TimeSpan timeout)
   in System.ServiceModel.Channels.ServiceChannel.CallOnceManager.CallOnce(TimeSpan timeout, CallOnceManager cascade)
   in System.ServiceModel.Channels.ServiceChannel.Call(String action, Boolean oneway, ProxyOperationRuntime operation, Object[] ins, Object[] outs, TimeSpan timeout)
   in System.ServiceModel.Channels.ServiceChannelProxy.InvokeService(IMethodCallMessage methodCall, ProxyOperationRuntime operation)
   in System.ServiceModel.Channels.ServiceChannelProxy.Invoke(IMessage message)

Exception rethrown at [0]: 
   in System.Runtime.Remoting.Proxies.RealProxy.HandleReturnMessage(IMessage reqMsg, IMessage retMsg)
   in System.Runtime.Remoting.Proxies.RealProxy.PrivateInvoke(MessageData& msgData, Int32 type)
   in Nova.Monitoring.Common.IDataService.Login(String name)
   in Nova.Monitoring.Common.DataClientBaseNew.Login(String name)
2026-01-24 01:49:18,543 [16] ERROR -  >>  >> Hello >> 0 >> Hello Error:System.ServiceModel.CommunicationObjectFaultedException: Impossibile utilizzare l'oggetto di comunicazione, System.ServiceModel.Channels.ServiceChannel, per la comunicazione perché è nello stato Faulted.

Server stack trace: 
   in System.ServiceModel.Channels.CommunicationObject.ThrowIfDisposedOrNotOpen()
   in System.ServiceModel.Channels.ServiceChannel.Call(String action, Boolean oneway, ProxyOperationRuntime operation, Object[] ins, Object[] outs, TimeSpan timeout)
   in System.ServiceModel.Channels.ServiceChannelProxy.InvokeService(IMethodCallMessage methodCall, ProxyOperationRuntime operation)
   in System.ServiceModel.Channels.ServiceChannelProxy.Invoke(IMessage message)

Exception rethrown at [0]: 
   in System.Runtime.Remoting.Proxies.RealProxy.HandleReturnMessage(IMessage reqMsg, IMessage retMsg)
   in System.Runtime.Remoting.Proxies.RealProxy.PrivateInvoke(MessageData& msgData, Int32 type)
   in Nova.Monitoring.Common.IDataService.Hello()
   in Nova.Monitoring.Common.DataClientBaseNew.Hello()
2026-01-24 01:49:18,548 [16] ERROR -  >>  >> Login >> 0 >> Lijin Login Error:System.ServiceModel.EndpointNotFoundException: Nessun endpoint in ascolto su net.pipe://localhost/novadata/IDataService in grado di accettare il messaggio. Ciò è spesso causato da un'azione SOAP o un indirizzo non corretto. Per ulteriori dettagli, vedere InnerException, se presente. ---> System.IO.PipeException: Impossibile trovare l'endpoint di pipe 'net.pipe://localhost/novadata/IDataService' nel computer locale. 
   --- Fine della traccia dello stack dell'eccezione interna ---

Server stack trace: 
   in System.ServiceModel.Channels.PipeConnectionInitiator.GetPipeName(Uri uri, IPipeTransportFactorySettings transportFactorySettings)
   in System.ServiceModel.Channels.PipeConnectionInitiator.PrepareConnect(Uri remoteUri, TimeSpan timeout, String& resolvedAddress, BackoffTimeoutHelper& backoffHelper)
   in System.ServiceModel.Channels.PipeConnectionInitiator.Connect(Uri remoteUri, TimeSpan timeout)
   in System.ServiceModel.Channels.BufferedConnectionInitiator.Connect(Uri uri, TimeSpan timeout)
   in System.ServiceModel.Channels.ConnectionPoolHelper.EstablishConnection(TimeSpan timeout)
   in System.ServiceModel.Channels.ClientFramingDuplexSessionChannel.OnOpen(TimeSpan timeout)
   in System.ServiceModel.Channels.CommunicationObject.Open(TimeSpan timeout)
   in System.ServiceModel.Channels.ServiceChannel.OnOpen(TimeSpan timeout)
   in System.ServiceModel.Channels.CommunicationObject.Open(TimeSpan timeout)
   in System.ServiceModel.Channels.ServiceChannel.CallOpenOnce.System.ServiceModel.Channels.ServiceChannel.ICallOnce.Call(ServiceChannel channel, TimeSpan timeout)
   in System.ServiceModel.Channels.ServiceChannel.CallOnceManager.CallOnce(TimeSpan timeout, CallOnceManager cascade)
   in System.ServiceModel.Channels.ServiceChannel.Call(String action, Boolean oneway, ProxyOperationRuntime operation, Object[] ins, Object[] outs, TimeSpan timeout)
   in System.ServiceModel.Channels.ServiceChannelProxy.InvokeService(IMethodCallMessage methodCall, ProxyOperationRuntime operation)
   in System.ServiceModel.Channels.ServiceChannelProxy.Invoke(IMessage message)

Exception rethrown at [0]: 
   in System.Runtime.Remoting.Proxies.RealProxy.HandleReturnMessage(IMessage reqMsg, IMessage retMsg)
   in System.Runtime.Remoting.Proxies.RealProxy.PrivateInvoke(MessageData& msgData, Int32 type)
   in Nova.Monitoring.Common.IDataService.Login(String name)
   in Nova.Monitoring.Common.DataClientBaseNew.Login(String name)
2026-01-24 01:49:20,441 [5] ERROR -  >>  >> TraceInfo >> 0 >>  >> LCTServerMessageProxy >>OnHandshakeServerPrivderCallback: ???394840,???0
2026-01-24 01:49:20,445 [5] ERROR -  >>  >> TraceInfo >> 0 >>  >> LCTServerMessageProxy >>????????,????????1,????????:1
2026-01-24 01:49:21,560 [16] ERROR -  >>  >> Hello >> 0 >> Hello Error:System.ServiceModel.CommunicationObjectFaultedException: Impossibile utilizzare l'oggetto di comunicazione, System.ServiceModel.Channels.ServiceChannel, per la comunicazione perché è nello stato Faulted.

Server stack trace: 
   in System.ServiceModel.Channels.CommunicationObject.ThrowIfDisposedOrNotOpen()
   in System.ServiceModel.Channels.ServiceChannel.Call(String action, Boolean oneway, ProxyOperationRuntime operation, Object[] ins, Object[] outs, TimeSpan timeout)
   in System.ServiceModel.Channels.ServiceChannelProxy.InvokeService(IMethodCallMessage methodCall, ProxyOperationRuntime operation)
   in System.ServiceModel.Channels.ServiceChannelProxy.Invoke(IMessage message)

Exception rethrown at [0]: 
   in System.Runtime.Remoting.Proxies.RealProxy.HandleReturnMessage(IMessage reqMsg, IMessage retMsg)
   in System.Runtime.Remoting.Proxies.RealProxy.PrivateInvoke(MessageData& msgData, Int32 type)
   in Nova.Monitoring.Common.IDataService.Hello()
   in Nova.Monitoring.Common.DataClientBaseNew.Hello()
2026-01-24 01:49:21,563 [16] ERROR -  >>  >> Login >> 0 >> Lijin Login Error:System.ServiceModel.EndpointNotFoundException: Nessun endpoint in ascolto su net.pipe://localhost/novadata/IDataService in grado di accettare il messaggio. Ciò è spesso causato da un'azione SOAP o un indirizzo non corretto. Per ulteriori dettagli, vedere InnerException, se presente. ---> System.IO.PipeException: Impossibile trovare l'endpoint di pipe 'net.pipe://localhost/novadata/IDataService' nel computer locale. 
   --- Fine della traccia dello stack dell'eccezione interna ---

Server stack trace: 
   in System.ServiceModel.Channels.PipeConnectionInitiator.GetPipeName(Uri uri, IPipeTransportFactorySettings transportFactorySettings)
   in System.ServiceModel.Channels.PipeConnectionInitiator.PrepareConnect(Uri remoteUri, TimeSpan timeout, String& resolvedAddress, BackoffTimeoutHelper& backoffHelper)
   in System.ServiceModel.Channels.PipeConnectionInitiator.Connect(Uri remoteUri, TimeSpan timeout)
   in System.ServiceModel.Channels.BufferedConnectionInitiator.Connect(Uri uri, TimeSpan timeout)
   in System.ServiceModel.Channels.ConnectionPoolHelper.EstablishConnection(TimeSpan timeout)
   in System.ServiceModel.Channels.ClientFramingDuplexSessionChannel.OnOpen(TimeSpan timeout)
   in System.ServiceModel.Channels.CommunicationObject.Open(TimeSpan timeout)
   in System.ServiceModel.Channels.ServiceChannel.OnOpen(TimeSpan timeout)
   in System.ServiceModel.Channels.CommunicationObject.Open(TimeSpan timeout)
   in System.ServiceModel.Channels.ServiceChannel.CallOpenOnce.System.ServiceModel.Channels.ServiceChannel.ICallOnce.Call(ServiceChannel channel, TimeSpan timeout)
   in System.ServiceModel.Channels.ServiceChannel.CallOnceManager.CallOnce(TimeSpan timeout, CallOnceManager cascade)
   in System.ServiceModel.Channels.ServiceChannel.Call(String action, Boolean oneway, ProxyOperationRuntime operation, Object[] ins, Object[] outs, TimeSpan timeout)
   in System.ServiceModel.Channels.ServiceChannelProxy.InvokeService(IMethodCallMessage methodCall, ProxyOperationRuntime operation)
   in System.ServiceModel.Channels.ServiceChannelProxy.Invoke(IMessage message)

Exception rethrown at [0]: 
   in System.Runtime.Remoting.Proxies.RealProxy.HandleReturnMessage(IMessage reqMsg, IMessage retMsg)
   in System.Runtime.Remoting.Proxies.RealProxy.PrivateInvoke(MessageData& msgData, Int32 type)
   in Nova.Monitoring.Common.IDataService.Login(String name)
   in Nova.Monitoring.Common.DataClientBaseNew.Login(String name)
2026-02-06 15:50:15,097 [10] ERROR -  >>  >> Login >> 0 >> Lijin Login Error:System.ServiceModel.EndpointNotFoundException: Nessun endpoint in ascolto su net.pipe://localhost/novadata/IDataService in grado di accettare il messaggio. Ciò è spesso causato da un'azione SOAP o un indirizzo non corretto. Per ulteriori dettagli, vedere InnerException, se presente. ---> System.IO.PipeException: Impossibile trovare l'endpoint di pipe 'net.pipe://localhost/novadata/IDataService' nel computer locale. 
   --- Fine della traccia dello stack dell'eccezione interna ---

Server stack trace: 
   in System.ServiceModel.Channels.PipeConnectionInitiator.GetPipeName(Uri uri, IPipeTransportFactorySettings transportFactorySettings)
   in System.ServiceModel.Channels.NamedPipeConnectionPoolRegistry.NamedPipeConnectionPool.GetPoolKey(EndpointAddress address, Uri via)
   in System.ServiceModel.Channels.CommunicationPool`2.TakeConnection(EndpointAddress address, Uri via, TimeSpan timeout, TKey& key)
   in System.ServiceModel.Channels.ConnectionPoolHelper.EstablishConnection(TimeSpan timeout)
   in System.ServiceModel.Channels.ClientFramingDuplexSessionChannel.OnOpen(TimeSpan timeout)
   in System.ServiceModel.Channels.CommunicationObject.Open(TimeSpan timeout)
   in System.ServiceModel.Channels.ServiceChannel.OnOpen(TimeSpan timeout)
   in System.ServiceModel.Channels.CommunicationObject.Open(TimeSpan timeout)
   in System.ServiceModel.Channels.ServiceChannel.CallOpenOnce.System.ServiceModel.Channels.ServiceChannel.ICallOnce.Call(ServiceChannel channel, TimeSpan timeout)
   in System.ServiceModel.Channels.ServiceChannel.CallOnceManager.CallOnce(TimeSpan timeout, CallOnceManager cascade)
   in System.ServiceModel.Channels.ServiceChannel.Call(String action, Boolean oneway, ProxyOperationRuntime operation, Object[] ins, Object[] outs, TimeSpan timeout)
   in System.ServiceModel.Channels.ServiceChannelProxy.InvokeService(IMethodCallMessage methodCall, ProxyOperationRuntime operation)
   in System.ServiceModel.Channels.ServiceChannelProxy.Invoke(IMessage message)

Exception rethrown at [0]: 
   in System.Runtime.Remoting.Proxies.RealProxy.HandleReturnMessage(IMessage reqMsg, IMessage retMsg)
   in System.Runtime.Remoting.Proxies.RealProxy.PrivateInvoke(MessageData& msgData, Int32 type)
   in Nova.Monitoring.Common.IDataService.Login(String name)
   in Nova.Monitoring.Common.DataClientBaseNew.Login(String name)
2026-02-06 15:50:15,184 [10] ERROR -  >>  >> Hello >> 0 >> Hello Error:System.ServiceModel.CommunicationObjectFaultedException: Impossibile utilizzare l'oggetto di comunicazione, System.ServiceModel.Channels.ServiceChannel, per la comunicazione perché è nello stato Faulted.

Server stack trace: 
   in System.ServiceModel.Channels.CommunicationObject.ThrowIfDisposedOrNotOpen()
   in System.ServiceModel.Channels.ServiceChannel.Call(String action, Boolean oneway, ProxyOperationRuntime operation, Object[] ins, Object[] outs, TimeSpan timeout)
   in System.ServiceModel.Channels.ServiceChannelProxy.InvokeService(IMethodCallMessage methodCall, ProxyOperationRuntime operation)
   in System.ServiceModel.Channels.ServiceChannelProxy.Invoke(IMessage message)

Exception rethrown at [0]: 
   in System.Runtime.Remoting.Proxies.RealProxy.HandleReturnMessage(IMessage reqMsg, IMessage retMsg)
   in System.Runtime.Remoting.Proxies.RealProxy.PrivateInvoke(MessageData& msgData, Int32 type)
   in Nova.Monitoring.Common.IDataService.Hello()
   in Nova.Monitoring.Common.DataClientBaseNew.Hello()
2026-02-06 15:50:15,192 [10] ERROR -  >>  >> Login >> 0 >> Lijin Login Error:System.ServiceModel.EndpointNotFoundException: Nessun endpoint in ascolto su net.pipe://localhost/novadata/IDataService in grado di accettare il messaggio. Ciò è spesso causato da un'azione SOAP o un indirizzo non corretto. Per ulteriori dettagli, vedere InnerException, se presente. ---> System.IO.PipeException: Impossibile trovare l'endpoint di pipe 'net.pipe://localhost/novadata/IDataService' nel computer locale. 
   --- Fine della traccia dello stack dell'eccezione interna ---

Server stack trace: 
   in System.ServiceModel.Channels.PipeConnectionInitiator.GetPipeName(Uri uri, IPipeTransportFactorySettings transportFactorySettings)
   in System.ServiceModel.Channels.NamedPipeConnectionPoolRegistry.NamedPipeConnectionPool.GetPoolKey(EndpointAddress address, Uri via)
   in System.ServiceModel.Channels.CommunicationPool`2.TakeConnection(EndpointAddress address, Uri via, TimeSpan timeout, TKey& key)
   in System.ServiceModel.Channels.ConnectionPoolHelper.EstablishConnection(TimeSpan timeout)
   in System.ServiceModel.Channels.ClientFramingDuplexSessionChannel.OnOpen(TimeSpan timeout)
   in System.ServiceModel.Channels.CommunicationObject.Open(TimeSpan timeout)
   in System.ServiceModel.Channels.ServiceChannel.OnOpen(TimeSpan timeout)
   in System.ServiceModel.Channels.CommunicationObject.Open(TimeSpan timeout)
   in System.ServiceModel.Channels.ServiceChannel.CallOpenOnce.System.ServiceModel.Channels.ServiceChannel.ICallOnce.Call(ServiceChannel channel, TimeSpan timeout)
   in System.ServiceModel.Channels.ServiceChannel.CallOnceManager.CallOnce(TimeSpan timeout, CallOnceManager cascade)
   in System.ServiceModel.Channels.ServiceChannel.Call(String action, Boolean oneway, ProxyOperationRuntime operation, Object[] ins, Object[] outs, TimeSpan timeout)
   in System.ServiceModel.Channels.ServiceChannelProxy.InvokeService(IMethodCallMessage methodCall, ProxyOperationRuntime operation)
   in System.ServiceModel.Channels.ServiceChannelProxy.Invoke(IMessage message)

Exception rethrown at [0]: 
   in System.Runtime.Remoting.Proxies.RealProxy.HandleReturnMessage(IMessage reqMsg, IMessage retMsg)
   in System.Runtime.Remoting.Proxies.RealProxy.PrivateInvoke(MessageData& msgData, Int32 type)
   in Nova.Monitoring.Common.IDataService.Login(String name)
   in Nova.Monitoring.Common.DataClientBaseNew.Login(String name)
2026-02-06 15:50:16,089 [10] ERROR -  >>  >> ExecuteCommand >> 0 >> System.ServiceModel.CommunicationObjectFaultedException: Impossibile utilizzare l'oggetto di comunicazione, System.ServiceModel.Channels.ServiceChannel, per la comunicazione perché è nello stato Faulted.

Server stack trace: 
   in System.ServiceModel.Channels.CommunicationObject.ThrowIfDisposedOrNotOpen()
   in System.ServiceModel.Channels.ServiceChannel.Call(String action, Boolean oneway, ProxyOperationRuntime operation, Object[] ins, Object[] outs, TimeSpan timeout)
   in System.ServiceModel.Channels.ServiceChannelProxy.InvokeService(IMethodCallMessage methodCall, ProxyOperationRuntime operation)
   in System.ServiceModel.Channels.ServiceChannelProxy.Invoke(IMessage message)

Exception rethrown at [0]: 
   in System.Runtime.Remoting.Proxies.RealProxy.HandleReturnMessage(IMessage reqMsg, IMessage retMsg)
   in System.Runtime.Remoting.Proxies.RealProxy.PrivateInvoke(MessageData& msgData, Int32 type)
   in Nova.Monitoring.Common.IDataService.ExecuteCommand(Int32 code, String data)
   in Nova.LCT.GigabitSystem.MonitorClientManager.MonitorClient.ExecuteCommand(Int32 code, String data, Boolean catchError)
2026-02-06 15:50:16,194 [10] ERROR -  >>  >> Hello >> 0 >> Hello Error:System.ServiceModel.CommunicationObjectFaultedException: Impossibile utilizzare l'oggetto di comunicazione, System.ServiceModel.Channels.ServiceChannel, per la comunicazione perché è nello stato Faulted.

Server stack trace: 
   in System.ServiceModel.Channels.CommunicationObject.ThrowIfDisposedOrNotOpen()
   in System.ServiceModel.Channels.ServiceChannel.Call(String action, Boolean oneway, ProxyOperationRuntime operation, Object[] ins, Object[] outs, TimeSpan timeout)
   in System.ServiceModel.Channels.ServiceChannelProxy.InvokeService(IMethodCallMessage methodCall, ProxyOperationRuntime operation)
   in System.ServiceModel.Channels.ServiceChannelProxy.Invoke(IMessage message)

Exception rethrown at [0]: 
   in System.Runtime.Remoting.Proxies.RealProxy.HandleReturnMessage(IMessage reqMsg, IMessage retMsg)
   in System.Runtime.Remoting.Proxies.RealProxy.PrivateInvoke(MessageData& msgData, Int32 type)
   in Nova.Monitoring.Common.IDataService.Hello()
   in Nova.Monitoring.Common.DataClientBaseNew.Hello()
2026-02-06 15:50:16,202 [10] ERROR -  >>  >> Login >> 0 >> Lijin Login Error:System.ServiceModel.EndpointNotFoundException: Nessun endpoint in ascolto su net.pipe://localhost/novadata/IDataService in grado di accettare il messaggio. Ciò è spesso causato da un'azione SOAP o un indirizzo non corretto. Per ulteriori dettagli, vedere InnerException, se presente. ---> System.IO.PipeException: Impossibile trovare l'endpoint di pipe 'net.pipe://localhost/novadata/IDataService' nel computer locale. 
   --- Fine della traccia dello stack dell'eccezione interna ---

Server stack trace: 
   in System.ServiceModel.Channels.PipeConnectionInitiator.GetPipeName(Uri uri, IPipeTransportFactorySettings transportFactorySettings)
   in System.ServiceModel.Channels.NamedPipeConnectionPoolRegistry.NamedPipeConnectionPool.GetPoolKey(EndpointAddress address, Uri via)
   in System.ServiceModel.Channels.CommunicationPool`2.TakeConnection(EndpointAddress address, Uri via, TimeSpan timeout, TKey& key)
   in System.ServiceModel.Channels.ConnectionPoolHelper.EstablishConnection(TimeSpan timeout)
   in System.ServiceModel.Channels.ClientFramingDuplexSessionChannel.OnOpen(TimeSpan timeout)
   in System.ServiceModel.Channels.CommunicationObject.Open(TimeSpan timeout)
   in System.ServiceModel.Channels.ServiceChannel.OnOpen(TimeSpan timeout)
   in System.ServiceModel.Channels.CommunicationObject.Open(TimeSpan timeout)
   in System.ServiceModel.Channels.ServiceChannel.CallOpenOnce.System.ServiceModel.Channels.ServiceChannel.ICallOnce.Call(ServiceChannel channel, TimeSpan timeout)
   in System.ServiceModel.Channels.ServiceChannel.CallOnceManager.CallOnce(TimeSpan timeout, CallOnceManager cascade)
   in System.ServiceModel.Channels.ServiceChannel.Call(String action, Boolean oneway, ProxyOperationRuntime operation, Object[] ins, Object[] outs, TimeSpan timeout)
   in System.ServiceModel.Channels.ServiceChannelProxy.InvokeService(IMethodCallMessage methodCall, ProxyOperationRuntime operation)
   in System.ServiceModel.Channels.ServiceChannelProxy.Invoke(IMessage message)

Exception rethrown at [0]: 
   in System.Runtime.Remoting.Proxies.RealProxy.HandleReturnMessage(IMessage reqMsg, IMessage retMsg)
   in System.Runtime.Remoting.Proxies.RealProxy.PrivateInvoke(MessageData& msgData, Int32 type)
   in Nova.Monitoring.Common.IDataService.Login(String name)
   in Nova.Monitoring.Common.DataClientBaseNew.Login(String name)
2026-02-06 15:50:22,204 [9] ERROR -  >>  >> Hello >> 0 >> Hello Error:System.ServiceModel.CommunicationObjectFaultedException: Impossibile utilizzare l'oggetto di comunicazione, System.ServiceModel.Channels.ServiceChannel, per la comunicazione perché è nello stato Faulted.

Server stack trace: 
   in System.ServiceModel.Channels.CommunicationObject.ThrowIfDisposedOrNotOpen()
   in System.ServiceModel.Channels.ServiceChannel.Call(String action, Boolean oneway, ProxyOperationRuntime operation, Object[] ins, Object[] outs, TimeSpan timeout)
   in System.ServiceModel.Channels.ServiceChannelProxy.InvokeService(IMethodCallMessage methodCall, ProxyOperationRuntime operation)
   in System.ServiceModel.Channels.ServiceChannelProxy.Invoke(IMessage message)

Exception rethrown at [0]: 
   in System.Runtime.Remoting.Proxies.RealProxy.HandleReturnMessage(IMessage reqMsg, IMessage retMsg)
   in System.Runtime.Remoting.Proxies.RealProxy.PrivateInvoke(MessageData& msgData, Int32 type)
   in Nova.Monitoring.Common.IDataService.Hello()
   in Nova.Monitoring.Common.DataClientBaseNew.Hello()
2026-02-06 15:50:22,209 [9] ERROR -  >>  >> Login >> 0 >> Lijin Login Error:System.ServiceModel.EndpointNotFoundException: Nessun endpoint in ascolto su net.pipe://localhost/novadata/IDataService in grado di accettare il messaggio. Ciò è spesso causato da un'azione SOAP o un indirizzo non corretto. Per ulteriori dettagli, vedere InnerException, se presente. ---> System.IO.PipeException: Impossibile trovare l'endpoint di pipe 'net.pipe://localhost/novadata/IDataService' nel computer locale. 
   --- Fine della traccia dello stack dell'eccezione interna ---

Server stack trace: 
   in System.ServiceModel.Channels.PipeConnectionInitiator.GetPipeName(Uri uri, IPipeTransportFactorySettings transportFactorySettings)
   in System.ServiceModel.Channels.NamedPipeConnectionPoolRegistry.NamedPipeConnectionPool.GetPoolKey(EndpointAddress address, Uri via)
   in System.ServiceModel.Channels.CommunicationPool`2.TakeConnection(EndpointAddress address, Uri via, TimeSpan timeout, TKey& key)
   in System.ServiceModel.Channels.ConnectionPoolHelper.EstablishConnection(TimeSpan timeout)
   in System.ServiceModel.Channels.ClientFramingDuplexSessionChannel.OnOpen(TimeSpan timeout)
   in System.ServiceModel.Channels.CommunicationObject.Open(TimeSpan timeout)
   in System.ServiceModel.Channels.ServiceChannel.OnOpen(TimeSpan timeout)
   in System.ServiceModel.Channels.CommunicationObject.Open(TimeSpan timeout)
   in System.ServiceModel.Channels.ServiceChannel.CallOpenOnce.System.ServiceModel.Channels.ServiceChannel.ICallOnce.Call(ServiceChannel channel, TimeSpan timeout)
   in System.ServiceModel.Channels.ServiceChannel.CallOnceManager.CallOnce(TimeSpan timeout, CallOnceManager cascade)
   in System.ServiceModel.Channels.ServiceChannel.Call(String action, Boolean oneway, ProxyOperationRuntime operation, Object[] ins, Object[] outs, TimeSpan timeout)
   in System.ServiceModel.Channels.ServiceChannelProxy.InvokeService(IMethodCallMessage methodCall, ProxyOperationRuntime operation)
   in System.ServiceModel.Channels.ServiceChannelProxy.Invoke(IMessage message)

Exception rethrown at [0]: 
   in System.Runtime.Remoting.Proxies.RealProxy.HandleReturnMessage(IMessage reqMsg, IMessage retMsg)
   in System.Runtime.Remoting.Proxies.RealProxy.PrivateInvoke(MessageData& msgData, Int32 type)
   in Nova.Monitoring.Common.IDataService.Login(String name)
   in Nova.Monitoring.Common.DataClientBaseNew.Login(String name)
2026-02-06 15:50:24,482 [1] ERROR -  >>  >> TraceInfo >> 0 >>  >> LCTServerMessageProxy >>?????????:,3.1.1
2026-02-06 15:50:24,485 [19] ERROR -  >>  >> TraceInfo >> 0 >>  >> LCTServerMessageProxy >>OnHandshakeServerPrivderCallback: ???132304,???132304
2026-02-06 15:50:24,932 [1] ERROR -  >>  >> TraceInfo >> 0 >>  >> LCTServerMessageProxy >>?????????:COM3,
2026-02-06 15:50:25,045 [1] ERROR -  >>  >> TraceInfo >> 0 >>  >> LCTServerMessageProxy >>?????????:
2026-02-06 15:50:25,046 [1] ERROR -  >>  >> OnCompleteConnectAllController >> 0 >> ??????????
2026-02-06 15:50:25,049 [5] ERROR -  >>  >> OnEquipmentChangeEvent >> 0 >> ?????????
2026-02-06 15:50:25,050 [1] ERROR -  >>  >> ChangeDeviceList >> 0 >> equipmentTable.count:0
2026-02-06 15:50:25,071 [1] ERROR -  >>  >> OnDeviceChangeEvent >> 0 >> ????:??????, ????:0 
2026-02-06 15:50:25,073 [1] ERROR -  >>  >> ChangeDeviceList >> 0 >> equipmentTable.count:0
2026-02-06 15:50:25,076 [1] ERROR -  >>  >> TraceInfo >> 0 >>  >> LCTServerMessageProxy >>?????????:
2026-02-06 15:50:25,077 [1] ERROR -  >>  >> OnEquipmentChangeEvent >> 0 >> ?????????
2026-02-06 15:50:25,078 [1] ERROR -  >>  >> ChangeDeviceList >> 0 >> equipmentTable.count:0
2026-02-06 15:50:25,099 [1] ERROR -  >>  >> OnEquipmentChangeEvent >> 0 >> ????,???0!!!
2026-02-06 15:50:25,111 [5] ERROR -  >>  >> OnEquipmentChangeEvent >> 0 >> ????,???0!!!
2026-02-06 15:50:25,122 [10] ERROR -  >>  >> ExecuteCommand >> 0 >> System.ServiceModel.CommunicationObjectFaultedException: Impossibile utilizzare l'oggetto di comunicazione, System.ServiceModel.Channels.ServiceChannel, per la comunicazione perché è nello stato Faulted.

Server stack trace: 
   in System.ServiceModel.Channels.CommunicationObject.ThrowIfDisposedOrNotOpen()
   in System.ServiceModel.Channels.ServiceChannel.Call(String action, Boolean oneway, ProxyOperationRuntime operation, Object[] ins, Object[] outs, TimeSpan timeout)
   in System.ServiceModel.Channels.ServiceChannelProxy.InvokeService(IMethodCallMessage methodCall, ProxyOperationRuntime operation)
   in System.ServiceModel.Channels.ServiceChannelProxy.Invoke(IMessage message)

Exception rethrown at [0]: 
   in System.Runtime.Remoting.Proxies.RealProxy.HandleReturnMessage(IMessage reqMsg, IMessage retMsg)
   in System.Runtime.Remoting.Proxies.RealProxy.PrivateInvoke(MessageData& msgData, Int32 type)
   in Nova.Monitoring.Common.IDataService.ExecuteCommand(Int32 code, String data)
   in Nova.LCT.GigabitSystem.MonitorClientManager.MonitorClient.ExecuteCommand(Int32 code, String data, Boolean catchError)
2026-02-06 15:50:34,012 [11] ERROR -  >>  >> <UploadBakFile>b__0 >> 0 >> ?LCT????????????? -- Sleep Finished
2026-02-06 15:50:34,492 [6] ERROR -  >>  >> TraceInfo >> 0 >>  >> LCTServerMessageProxy >>OnHandshakeServerPrivderCallback: ???132304,???132304
2026-02-06 15:50:44,497 [11] ERROR -  >>  >> TraceInfo >> 0 >>  >> LCTServerMessageProxy >>OnHandshakeServerPrivderCallback: ???132304,???132304
2026-02-06 15:50:54,509 [10] ERROR -  >>  >> TraceInfo >> 0 >>  >> LCTServerMessageProxy >>OnHandshakeServerPrivderCallback: ???132304,???132304
2026-02-06 15:51:00,362 [1] ERROR -  >>  >> TraceInfo >> 0 >>  >> LCTServerMessageProxy >>?????????:COM3,
2026-02-06 15:51:00,367 [1] ERROR -  >>  >> TraceInfo >> 0 >>  >> LCTServerMessageProxy >>?????????:
2026-02-06 15:51:00,368 [1] ERROR -  >>  >> OnCompleteConnectAllController >> 0 >> ??????????
2026-02-06 15:51:00,369 [1] ERROR -  >>  >> ChangeDeviceList >> 0 >> equipmentTable.count:0
2026-02-06 15:51:00,373 [1] ERROR -  >>  >> OnDeviceChangeEvent >> 0 >> ????:??????, ????:0 
2026-02-06 15:51:04,511 [6] ERROR -  >>  >> TraceInfo >> 0 >>  >> LCTServerMessageProxy >>OnHandshakeServerPrivderCallback: ???132304,???132304
2026-02-06 15:51:14,518 [10] ERROR -  >>  >> TraceInfo >> 0 >>  >> LCTServerMessageProxy >>OnHandshakeServerPrivderCallback: ???132304,???132304
2026-02-06 15:51:24,521 [25] ERROR -  >>  >> TraceInfo >> 0 >>  >> LCTServerMessageProxy >>OnHandshakeServerPrivderCallback: ???132304,???132304
2026-02-06 15:51:34,536 [6] ERROR -  >>  >> TraceInfo >> 0 >>  >> LCTServerMessageProxy >>OnHandshakeServerPrivderCallback: ???132304,???132304
2026-02-06 15:51:35,876 [1] ERROR -  >>  >> TraceInfo >> 0 >>  >> LCTServerMessageProxy >>?????????:COM3,
2026-02-06 15:51:35,881 [1] ERROR -  >>  >> TraceInfo >> 0 >>  >> LCTServerMessageProxy >>?????????:
2026-02-06 15:51:35,882 [1] ERROR -  >>  >> OnCompleteConnectAllController >> 0 >> ??????????
2026-02-06 15:51:35,883 [1] ERROR -  >>  >> ChangeDeviceList >> 0 >> equipmentTable.count:0
2026-02-06 15:51:35,886 [1] ERROR -  >>  >> OnDeviceChangeEvent >> 0 >> ????:??????, ????:0 
2026-02-06 15:51:44,548 [10] ERROR -  >>  >> TraceInfo >> 0 >>  >> LCTServerMessageProxy >>OnHandshakeServerPrivderCallback: ???132304,???132304
2026-02-06 15:51:54,550 [10] ERROR -  >>  >> TraceInfo >> 0 >>  >> LCTServerMessageProxy >>OnHandshakeServerPrivderCallback: ???132304,???132304
2026-02-06 15:52:04,555 [11] ERROR -  >>  >> TraceInfo >> 0 >>  >> LCTServerMessageProxy >>OnHandshakeServerPrivderCallback: ???132304,???132304
2026-02-06 15:52:11,419 [1] ERROR -  >>  >> TraceInfo >> 0 >>  >> LCTServerMessageProxy >>?????????:COM3,
2026-02-06 15:52:11,425 [1] ERROR -  >>  >> TraceInfo >> 0 >>  >> LCTServerMessageProxy >>?????????:
2026-02-06 15:52:11,426 [1] ERROR -  >>  >> OnCompleteConnectAllController >> 0 >> ??????????
2026-02-06 15:52:11,427 [1] ERROR -  >>  >> ChangeDeviceList >> 0 >> equipmentTable.count:0
2026-02-06 15:52:11,431 [1] ERROR -  >>  >> OnDeviceChangeEvent >> 0 >> ????:??????, ????:0 
2026-02-06 15:52:14,565 [8] ERROR -  >>  >> TraceInfo >> 0 >>  >> LCTServerMessageProxy >>OnHandshakeServerPrivderCallback: ???132304,???132304
2026-02-06 15:52:24,566 [25] ERROR -  >>  >> TraceInfo >> 0 >>  >> LCTServerMessageProxy >>OnHandshakeServerPrivderCallback: ???132304,???132304
2026-02-06 15:52:26,291 [6] ERROR -  >>  >> GetHttpResponse >> 0 >> System.Net.WebException: Impossibile risolvere il nome remoto.: 'www.pingboss.com'
   in System.Net.HttpWebRequest.GetResponse()
   in Nova.LCT.GigabitSystem.CloudServerManager.HttpClientbase.GetHttpResponse(String url)
2026-02-06 15:52:26,293 [6] ERROR -  >>  >> GetHttpResponse >> 0 >> System.Net.WebException: Impossibile risolvere il nome remoto.: 'www.pingboss.com'
   in System.Net.HttpWebRequest.GetResponse()
   in Nova.LCT.GigabitSystem.CloudServerManager.HttpClientbase.GetHttpResponse(String url)
2026-02-06 15:52:26,295 [6] ERROR -  >>  >> GetHttpResponse >> 0 >> System.Net.WebException: Impossibile risolvere il nome remoto.: 'www.pingboss.com'
   in System.Net.HttpWebRequest.GetResponse()
   in Nova.LCT.GigabitSystem.CloudServerManager.HttpClientbase.GetHttpResponse(String url)
2026-02-06 15:52:26,551 [25] ERROR -  >>  >> <ReturnNodeIndex>b__0 >> 0 >> System.Net.WebException: Impossibile risolvere il nome remoto.: 'ipinfo.io'
   in System.Net.WebClient.DownloadDataInternal(Uri address, WebRequest& request)
   in System.Net.WebClient.DownloadString(Uri address)
   in System.Net.WebClient.DownloadString(String address)
   in Nova.LCT.GigabitSystem.CloudServerManager.BackupRestoreHttpClient.<>c__DisplayClass24_0.<ReturnNodeIndex>b__0()
2026-02-06 15:52:34,569 [25] ERROR -  >>  >> TraceInfo >> 0 >>  >> LCTServerMessageProxy >>OnHandshakeServerPrivderCallback: ???132304,???132304
2026-02-06 15:52:39,000 [4] ERROR -  >>  >> Hello >> 0 >> Hello Error:System.ServiceModel.CommunicationObjectFaultedException: Impossibile utilizzare l'oggetto di comunicazione, System.ServiceModel.Channels.ServiceChannel, per la comunicazione perché è nello stato Faulted.

Server stack trace: 
   in System.ServiceModel.Channels.CommunicationObject.ThrowIfDisposedOrNotOpen()
   in System.ServiceModel.Channels.ServiceChannel.Call(String action, Boolean oneway, ProxyOperationRuntime operation, Object[] ins, Object[] outs, TimeSpan timeout)
   in System.ServiceModel.Channels.ServiceChannelProxy.InvokeService(IMethodCallMessage methodCall, ProxyOperationRuntime operation)
   in System.ServiceModel.Channels.ServiceChannelProxy.Invoke(IMessage message)

Exception rethrown at [0]: 
   in System.Runtime.Remoting.Proxies.RealProxy.HandleReturnMessage(IMessage reqMsg, IMessage retMsg)
   in System.Runtime.Remoting.Proxies.RealProxy.PrivateInvoke(MessageData& msgData, Int32 type)
   in Nova.Monitoring.Common.IDataService.Hello()
   in Nova.Monitoring.Common.DataClientBaseNew.Hello()
2026-02-06 15:52:39,004 [4] ERROR -  >>  >> Login >> 0 >> Lijin Login Error:System.ServiceModel.EndpointNotFoundException: Nessun endpoint in ascolto su net.pipe://localhost/novadata/IDataService in grado di accettare il messaggio. Ciò è spesso causato da un'azione SOAP o un indirizzo non corretto. Per ulteriori dettagli, vedere InnerException, se presente. ---> System.IO.PipeException: Impossibile trovare l'endpoint di pipe 'net.pipe://localhost/novadata/IDataService' nel computer locale. 
   --- Fine della traccia dello stack dell'eccezione interna ---

Server stack trace: 
   in System.ServiceModel.Channels.PipeConnectionInitiator.GetPipeName(Uri uri, IPipeTransportFactorySettings transportFactorySettings)
   in System.ServiceModel.Channels.PipeConnectionInitiator.PrepareConnect(Uri remoteUri, TimeSpan timeout, String& resolvedAddress, BackoffTimeoutHelper& backoffHelper)
   in System.ServiceModel.Channels.PipeConnectionInitiator.Connect(Uri remoteUri, TimeSpan timeout)
   in System.ServiceModel.Channels.BufferedConnectionInitiator.Connect(Uri uri, TimeSpan timeout)
   in System.ServiceModel.Channels.ConnectionPoolHelper.EstablishConnection(TimeSpan timeout)
   in System.ServiceModel.Channels.ClientFramingDuplexSessionChannel.OnOpen(TimeSpan timeout)
   in System.ServiceModel.Channels.CommunicationObject.Open(TimeSpan timeout)
   in System.ServiceModel.Channels.ServiceChannel.OnOpen(TimeSpan timeout)
   in System.ServiceModel.Channels.CommunicationObject.Open(TimeSpan timeout)
   in System.ServiceModel.Channels.ServiceChannel.CallOpenOnce.System.ServiceModel.Channels.ServiceChannel.ICallOnce.Call(ServiceChannel channel, TimeSpan timeout)
   in System.ServiceModel.Channels.ServiceChannel.CallOnceManager.CallOnce(TimeSpan timeout, CallOnceManager cascade)
   in System.ServiceModel.Channels.ServiceChannel.Call(String action, Boolean oneway, ProxyOperationRuntime operation, Object[] ins, Object[] outs, TimeSpan timeout)
   in System.ServiceModel.Channels.ServiceChannelProxy.InvokeService(IMethodCallMessage methodCall, ProxyOperationRuntime operation)
   in System.ServiceModel.Channels.ServiceChannelProxy.Invoke(IMessage message)

Exception rethrown at [0]: 
   in System.Runtime.Remoting.Proxies.RealProxy.HandleReturnMessage(IMessage reqMsg, IMessage retMsg)
   in System.Runtime.Remoting.Proxies.RealProxy.PrivateInvoke(MessageData& msgData, Int32 type)
   in Nova.Monitoring.Common.IDataService.Login(String name)
   in Nova.Monitoring.Common.DataClientBaseNew.Login(String name)
2026-02-06 15:52:42,012 [25] ERROR -  >>  >> Hello >> 0 >> Hello Error:System.ServiceModel.CommunicationObjectFaultedException: Impossibile utilizzare l'oggetto di comunicazione, System.ServiceModel.Channels.ServiceChannel, per la comunicazione perché è nello stato Faulted.

Server stack trace: 
   in System.ServiceModel.Channels.CommunicationObject.ThrowIfDisposedOrNotOpen()
   in System.ServiceModel.Channels.ServiceChannel.Call(String action, Boolean oneway, ProxyOperationRuntime operation, Object[] ins, Object[] outs, TimeSpan timeout)
   in System.ServiceModel.Channels.ServiceChannelProxy.InvokeService(IMethodCallMessage methodCall, ProxyOperationRuntime operation)
   in System.ServiceModel.Channels.ServiceChannelProxy.Invoke(IMessage message)

Exception rethrown at [0]: 
   in System.Runtime.Remoting.Proxies.RealProxy.HandleReturnMessage(IMessage reqMsg, IMessage retMsg)
   in System.Runtime.Remoting.Proxies.RealProxy.PrivateInvoke(MessageData& msgData, Int32 type)
   in Nova.Monitoring.Common.IDataService.Hello()
   in Nova.Monitoring.Common.DataClientBaseNew.Hello()
2026-02-06 15:52:42,017 [25] ERROR -  >>  >> Login >> 0 >> Lijin Login Error:System.ServiceModel.EndpointNotFoundException: Nessun endpoint in ascolto su net.pipe://localhost/novadata/IDataService in grado di accettare il messaggio. Ciò è spesso causato da un'azione SOAP o un indirizzo non corretto. Per ulteriori dettagli, vedere InnerException, se presente. ---> System.IO.PipeException: Impossibile trovare l'endpoint di pipe 'net.pipe://localhost/novadata/IDataService' nel computer locale. 
   --- Fine della traccia dello stack dell'eccezione interna ---

Server stack trace: 
   in System.ServiceModel.Channels.PipeConnectionInitiator.GetPipeName(Uri uri, IPipeTransportFactorySettings transportFactorySettings)
   in System.ServiceModel.Channels.PipeConnectionInitiator.PrepareConnect(Uri remoteUri, TimeSpan timeout, String& resolvedAddress, BackoffTimeoutHelper& backoffHelper)
   in System.ServiceModel.Channels.PipeConnectionInitiator.Connect(Uri remoteUri, TimeSpan timeout)
   in System.ServiceModel.Channels.BufferedConnectionInitiator.Connect(Uri uri, TimeSpan timeout)
   in System.ServiceModel.Channels.ConnectionPoolHelper.EstablishConnection(TimeSpan timeout)
   in System.ServiceModel.Channels.ClientFramingDuplexSessionChannel.OnOpen(TimeSpan timeout)
   in System.ServiceModel.Channels.CommunicationObject.Open(TimeSpan timeout)
   in System.ServiceModel.Channels.ServiceChannel.OnOpen(TimeSpan timeout)
   in System.ServiceModel.Channels.CommunicationObject.Open(TimeSpan timeout)
   in System.ServiceModel.Channels.ServiceChannel.CallOpenOnce.System.ServiceModel.Channels.ServiceChannel.ICallOnce.Call(ServiceChannel channel, TimeSpan timeout)
   in System.ServiceModel.Channels.ServiceChannel.CallOnceManager.CallOnce(TimeSpan timeout, CallOnceManager cascade)
   in System.ServiceModel.Channels.ServiceChannel.Call(String action, Boolean oneway, ProxyOperationRuntime operation, Object[] ins, Object[] outs, TimeSpan timeout)
   in System.ServiceModel.Channels.ServiceChannelProxy.InvokeService(IMethodCallMessage methodCall, ProxyOperationRuntime operation)
   in System.ServiceModel.Channels.ServiceChannelProxy.Invoke(IMessage message)

Exception rethrown at [0]: 
   in System.Runtime.Remoting.Proxies.RealProxy.HandleReturnMessage(IMessage reqMsg, IMessage retMsg)
   in System.Runtime.Remoting.Proxies.RealProxy.PrivateInvoke(MessageData& msgData, Int32 type)
   in Nova.Monitoring.Common.IDataService.Login(String name)
   in Nova.Monitoring.Common.DataClientBaseNew.Login(String name)
2026-02-06 15:52:44,586 [25] ERROR -  >>  >> TraceInfo >> 0 >>  >> LCTServerMessageProxy >>OnHandshakeServerPrivderCallback: ???132304,???0
2026-02-06 15:52:44,592 [25] ERROR -  >>  >> TraceInfo >> 0 >>  >> LCTServerMessageProxy >>????????,????????1,????????:1
2026-02-06 15:52:45,018 [6] ERROR -  >>  >> Hello >> 0 >> Hello Error:System.ServiceModel.CommunicationObjectFaultedException: Impossibile utilizzare l'oggetto di comunicazione, System.ServiceModel.Channels.ServiceChannel, per la comunicazione perché è nello stato Faulted.

Server stack trace: 
   in System.ServiceModel.Channels.CommunicationObject.ThrowIfDisposedOrNotOpen()
   in System.ServiceModel.Channels.ServiceChannel.Call(String action, Boolean oneway, ProxyOperationRuntime operation, Object[] ins, Object[] outs, TimeSpan timeout)
   in System.ServiceModel.Channels.ServiceChannelProxy.InvokeService(IMethodCallMessage methodCall, ProxyOperationRuntime operation)
   in System.ServiceModel.Channels.ServiceChannelProxy.Invoke(IMessage message)

Exception rethrown at [0]: 
   in System.Runtime.Remoting.Proxies.RealProxy.HandleReturnMessage(IMessage reqMsg, IMessage retMsg)
   in System.Runtime.Remoting.Proxies.RealProxy.PrivateInvoke(MessageData& msgData, Int32 type)
   in Nova.Monitoring.Common.IDataService.Hello()
   in Nova.Monitoring.Common.DataClientBaseNew.Hello()
2026-02-06 15:52:45,022 [6] ERROR -  >>  >> Login >> 0 >> Lijin Login Error:System.ServiceModel.EndpointNotFoundException: Nessun endpoint in ascolto su net.pipe://localhost/novadata/IDataService in grado di accettare il messaggio. Ciò è spesso causato da un'azione SOAP o un indirizzo non corretto. Per ulteriori dettagli, vedere InnerException, se presente. ---> System.IO.PipeException: Impossibile trovare l'endpoint di pipe 'net.pipe://localhost/novadata/IDataService' nel computer locale. 
   --- Fine della traccia dello stack dell'eccezione interna ---

Server stack trace: 
   in System.ServiceModel.Channels.PipeConnectionInitiator.GetPipeName(Uri uri, IPipeTransportFactorySettings transportFactorySettings)
   in System.ServiceModel.Channels.PipeConnectionInitiator.PrepareConnect(Uri remoteUri, TimeSpan timeout, String& resolvedAddress, BackoffTimeoutHelper& backoffHelper)
   in System.ServiceModel.Channels.PipeConnectionInitiator.Connect(Uri remoteUri, TimeSpan timeout)
   in System.ServiceModel.Channels.BufferedConnectionInitiator.Connect(Uri uri, TimeSpan timeout)
   in System.ServiceModel.Channels.ConnectionPoolHelper.EstablishConnection(TimeSpan timeout)
   in System.ServiceModel.Channels.ClientFramingDuplexSessionChannel.OnOpen(TimeSpan timeout)
   in System.ServiceModel.Channels.CommunicationObject.Open(TimeSpan timeout)
   in System.ServiceModel.Channels.ServiceChannel.OnOpen(TimeSpan timeout)
   in System.ServiceModel.Channels.CommunicationObject.Open(TimeSpan timeout)
   in System.ServiceModel.Channels.ServiceChannel.CallOpenOnce.System.ServiceModel.Channels.ServiceChannel.ICallOnce.Call(ServiceChannel channel, TimeSpan timeout)
   in System.ServiceModel.Channels.ServiceChannel.CallOnceManager.CallOnce(TimeSpan timeout, CallOnceManager cascade)
   in System.ServiceModel.Channels.ServiceChannel.Call(String action, Boolean oneway, ProxyOperationRuntime operation, Object[] ins, Object[] outs, TimeSpan timeout)
   in System.ServiceModel.Channels.ServiceChannelProxy.InvokeService(IMethodCallMessage methodCall, ProxyOperationRuntime operation)
   in System.ServiceModel.Channels.ServiceChannelProxy.Invoke(IMessage message)

Exception rethrown at [0]: 
   in System.Runtime.Remoting.Proxies.RealProxy.HandleReturnMessage(IMessage reqMsg, IMessage retMsg)
   in System.Runtime.Remoting.Proxies.RealProxy.PrivateInvoke(MessageData& msgData, Int32 type)
   in Nova.Monitoring.Common.IDataService.Login(String name)
   in Nova.Monitoring.Common.DataClientBaseNew.Login(String name)
2026-02-18 17:51:48,056 [12] ERROR -  >>  >> Login >> 0 >> Lijin Login Error:System.ServiceModel.EndpointNotFoundException: Nessun endpoint in ascolto su net.pipe://localhost/novadata/IDataService in grado di accettare il messaggio. Ciò è spesso causato da un'azione SOAP o un indirizzo non corretto. Per ulteriori dettagli, vedere InnerException, se presente. ---> System.IO.PipeException: Impossibile trovare l'endpoint di pipe 'net.pipe://localhost/novadata/IDataService' nel computer locale. 
   --- Fine della traccia dello stack dell'eccezione interna ---

Server stack trace: 
   in System.ServiceModel.Channels.PipeConnectionInitiator.GetPipeName(Uri uri, IPipeTransportFactorySettings transportFactorySettings)
   in System.ServiceModel.Channels.NamedPipeConnectionPoolRegistry.NamedPipeConnectionPool.GetPoolKey(EndpointAddress address, Uri via)
   in System.ServiceModel.Channels.CommunicationPool`2.TakeConnection(EndpointAddress address, Uri via, TimeSpan timeout, TKey& key)
   in System.ServiceModel.Channels.ConnectionPoolHelper.EstablishConnection(TimeSpan timeout)
   in System.ServiceModel.Channels.ClientFramingDuplexSessionChannel.OnOpen(TimeSpan timeout)
   in System.ServiceModel.Channels.CommunicationObject.Open(TimeSpan timeout)
   in System.ServiceModel.Channels.ServiceChannel.OnOpen(TimeSpan timeout)
   in System.ServiceModel.Channels.CommunicationObject.Open(TimeSpan timeout)
   in System.ServiceModel.Channels.ServiceChannel.CallOpenOnce.System.ServiceModel.Channels.ServiceChannel.ICallOnce.Call(ServiceChannel channel, TimeSpan timeout)
   in System.ServiceModel.Channels.ServiceChannel.CallOnceManager.CallOnce(TimeSpan timeout, CallOnceManager cascade)
   in System.ServiceModel.Channels.ServiceChannel.Call(String action, Boolean oneway, ProxyOperationRuntime operation, Object[] ins, Object[] outs, TimeSpan timeout)
   in System.ServiceModel.Channels.ServiceChannelProxy.InvokeService(IMethodCallMessage methodCall, ProxyOperationRuntime operation)
   in System.ServiceModel.Channels.ServiceChannelProxy.Invoke(IMessage message)

Exception rethrown at [0]: 
   in System.Runtime.Remoting.Proxies.RealProxy.HandleReturnMessage(IMessage reqMsg, IMessage retMsg)
   in System.Runtime.Remoting.Proxies.RealProxy.PrivateInvoke(MessageData& msgData, Int32 type)
   in Nova.Monitoring.Common.IDataService.Login(String name)
   in Nova.Monitoring.Common.DataClientBaseNew.Login(String name)
2026-02-18 17:51:48,134 [12] ERROR -  >>  >> Hello >> 0 >> Hello Error:System.ServiceModel.CommunicationObjectFaultedException: Impossibile utilizzare l'oggetto di comunicazione, System.ServiceModel.Channels.ServiceChannel, per la comunicazione perché è nello stato Faulted.

Server stack trace: 
   in System.ServiceModel.Channels.CommunicationObject.ThrowIfDisposedOrNotOpen()
   in System.ServiceModel.Channels.ServiceChannel.Call(String action, Boolean oneway, ProxyOperationRuntime operation, Object[] ins, Object[] outs, TimeSpan timeout)
   in System.ServiceModel.Channels.ServiceChannelProxy.InvokeService(IMethodCallMessage methodCall, ProxyOperationRuntime operation)
   in System.ServiceModel.Channels.ServiceChannelProxy.Invoke(IMessage message)

Exception rethrown at [0]: 
   in System.Runtime.Remoting.Proxies.RealProxy.HandleReturnMessage(IMessage reqMsg, IMessage retMsg)
   in System.Runtime.Remoting.Proxies.RealProxy.PrivateInvoke(MessageData& msgData, Int32 type)
   in Nova.Monitoring.Common.IDataService.Hello()
   in Nova.Monitoring.Common.DataClientBaseNew.Hello()
2026-02-18 17:51:48,213 [12] ERROR -  >>  >> Login >> 0 >> Lijin Login Error:System.ServiceModel.EndpointNotFoundException: Nessun endpoint in ascolto su net.pipe://localhost/novadata/IDataService in grado di accettare il messaggio. Ciò è spesso causato da un'azione SOAP o un indirizzo non corretto. Per ulteriori dettagli, vedere InnerException, se presente. ---> System.IO.PipeException: Impossibile trovare l'endpoint di pipe 'net.pipe://localhost/novadata/IDataService' nel computer locale. 
   --- Fine della traccia dello stack dell'eccezione interna ---

Server stack trace: 
   in System.ServiceModel.Channels.PipeConnectionInitiator.GetPipeName(Uri uri, IPipeTransportFactorySettings transportFactorySettings)
   in System.ServiceModel.Channels.NamedPipeConnectionPoolRegistry.NamedPipeConnectionPool.GetPoolKey(EndpointAddress address, Uri via)
   in System.ServiceModel.Channels.CommunicationPool`2.TakeConnection(EndpointAddress address, Uri via, TimeSpan timeout, TKey& key)
   in System.ServiceModel.Channels.ConnectionPoolHelper.EstablishConnection(TimeSpan timeout)
   in System.ServiceModel.Channels.ClientFramingDuplexSessionChannel.OnOpen(TimeSpan timeout)
   in System.ServiceModel.Channels.CommunicationObject.Open(TimeSpan timeout)
   in System.ServiceModel.Channels.ServiceChannel.OnOpen(TimeSpan timeout)
   in System.ServiceModel.Channels.CommunicationObject.Open(TimeSpan timeout)
   in System.ServiceModel.Channels.ServiceChannel.CallOpenOnce.System.ServiceModel.Channels.ServiceChannel.ICallOnce.Call(ServiceChannel channel, TimeSpan timeout)
   in System.ServiceModel.Channels.ServiceChannel.CallOnceManager.CallOnce(TimeSpan timeout, CallOnceManager cascade)
   in System.ServiceModel.Channels.ServiceChannel.Call(String action, Boolean oneway, ProxyOperationRuntime operation, Object[] ins, Object[] outs, TimeSpan timeout)
   in System.ServiceModel.Channels.ServiceChannelProxy.InvokeService(IMethodCallMessage methodCall, ProxyOperationRuntime operation)
   in System.ServiceModel.Channels.ServiceChannelProxy.Invoke(IMessage message)

Exception rethrown at [0]: 
   in System.Runtime.Remoting.Proxies.RealProxy.HandleReturnMessage(IMessage reqMsg, IMessage retMsg)
   in System.Runtime.Remoting.Proxies.RealProxy.PrivateInvoke(MessageData& msgData, Int32 type)
   in Nova.Monitoring.Common.IDataService.Login(String name)
   in Nova.Monitoring.Common.DataClientBaseNew.Login(String name)
2026-02-18 17:51:49,229 [11] ERROR -  >>  >> Hello >> 0 >> Hello Error:System.ServiceModel.CommunicationObjectFaultedException: Impossibile utilizzare l'oggetto di comunicazione, System.ServiceModel.Channels.ServiceChannel, per la comunicazione perché è nello stato Faulted.

Server stack trace: 
   in System.ServiceModel.Channels.CommunicationObject.ThrowIfDisposedOrNotOpen()
   in System.ServiceModel.Channels.ServiceChannel.Call(String action, Boolean oneway, ProxyOperationRuntime operation, Object[] ins, Object[] outs, TimeSpan timeout)
   in System.ServiceModel.Channels.ServiceChannelProxy.InvokeService(IMethodCallMessage methodCall, ProxyOperationRuntime operation)
   in System.ServiceModel.Channels.ServiceChannelProxy.Invoke(IMessage message)

Exception rethrown at [0]: 
   in System.Runtime.Remoting.Proxies.RealProxy.HandleReturnMessage(IMessage reqMsg, IMessage retMsg)
   in System.Runtime.Remoting.Proxies.RealProxy.PrivateInvoke(MessageData& msgData, Int32 type)
   in Nova.Monitoring.Common.IDataService.Hello()
   in Nova.Monitoring.Common.DataClientBaseNew.Hello()
2026-02-18 17:51:49,233 [11] ERROR -  >>  >> Login >> 0 >> Lijin Login Error:System.ServiceModel.EndpointNotFoundException: Nessun endpoint in ascolto su net.pipe://localhost/novadata/IDataService in grado di accettare il messaggio. Ciò è spesso causato da un'azione SOAP o un indirizzo non corretto. Per ulteriori dettagli, vedere InnerException, se presente. ---> System.IO.PipeException: Impossibile trovare l'endpoint di pipe 'net.pipe://localhost/novadata/IDataService' nel computer locale. 
   --- Fine della traccia dello stack dell'eccezione interna ---

Server stack trace: 
   in System.ServiceModel.Channels.PipeConnectionInitiator.GetPipeName(Uri uri, IPipeTransportFactorySettings transportFactorySettings)
   in System.ServiceModel.Channels.NamedPipeConnectionPoolRegistry.NamedPipeConnectionPool.GetPoolKey(EndpointAddress address, Uri via)
   in System.ServiceModel.Channels.CommunicationPool`2.TakeConnection(EndpointAddress address, Uri via, TimeSpan timeout, TKey& key)
   in System.ServiceModel.Channels.ConnectionPoolHelper.EstablishConnection(TimeSpan timeout)
   in System.ServiceModel.Channels.ClientFramingDuplexSessionChannel.OnOpen(TimeSpan timeout)
   in System.ServiceModel.Channels.CommunicationObject.Open(TimeSpan timeout)
   in System.ServiceModel.Channels.ServiceChannel.OnOpen(TimeSpan timeout)
   in System.ServiceModel.Channels.CommunicationObject.Open(TimeSpan timeout)
   in System.ServiceModel.Channels.ServiceChannel.CallOpenOnce.System.ServiceModel.Channels.ServiceChannel.ICallOnce.Call(ServiceChannel channel, TimeSpan timeout)
   in System.ServiceModel.Channels.ServiceChannel.CallOnceManager.CallOnce(TimeSpan timeout, CallOnceManager cascade)
   in System.ServiceModel.Channels.ServiceChannel.Call(String action, Boolean oneway, ProxyOperationRuntime operation, Object[] ins, Object[] outs, TimeSpan timeout)
   in System.ServiceModel.Channels.ServiceChannelProxy.InvokeService(IMethodCallMessage methodCall, ProxyOperationRuntime operation)
   in System.ServiceModel.Channels.ServiceChannelProxy.Invoke(IMessage message)

Exception rethrown at [0]: 
   in System.Runtime.Remoting.Proxies.RealProxy.HandleReturnMessage(IMessage reqMsg, IMessage retMsg)
   in System.Runtime.Remoting.Proxies.RealProxy.PrivateInvoke(MessageData& msgData, Int32 type)
   in Nova.Monitoring.Common.IDataService.Login(String name)
   in Nova.Monitoring.Common.DataClientBaseNew.Login(String name)
2026-02-18 17:51:49,245 [12] ERROR -  >>  >> ExecuteCommand >> 0 >> System.ServiceModel.CommunicationObjectFaultedException: Impossibile utilizzare l'oggetto di comunicazione, System.ServiceModel.Channels.ServiceChannel, per la comunicazione perché è nello stato Faulted.

Server stack trace: 
   in System.ServiceModel.Channels.CommunicationObject.ThrowIfDisposedOrNotOpen()
   in System.ServiceModel.Channels.ServiceChannel.Call(String action, Boolean oneway, ProxyOperationRuntime operation, Object[] ins, Object[] outs, TimeSpan timeout)
   in System.ServiceModel.Channels.ServiceChannelProxy.InvokeService(IMethodCallMessage methodCall, ProxyOperationRuntime operation)
   in System.ServiceModel.Channels.ServiceChannelProxy.Invoke(IMessage message)

Exception rethrown at [0]: 
   in System.Runtime.Remoting.Proxies.RealProxy.HandleReturnMessage(IMessage reqMsg, IMessage retMsg)
   in System.Runtime.Remoting.Proxies.RealProxy.PrivateInvoke(MessageData& msgData, Int32 type)
   in Nova.Monitoring.Common.IDataService.ExecuteCommand(Int32 code, String data)
   in Nova.LCT.GigabitSystem.MonitorClientManager.MonitorClient.ExecuteCommand(Int32 code, String data, Boolean catchError)
2026-02-18 17:51:56,659 [1] ERROR -  >>  >> TraceInfo >> 0 >>  >> LCTServerMessageProxy >>?????????:,3.1.1
2026-02-18 17:51:56,663 [6] ERROR -  >>  >> TraceInfo >> 0 >>  >> LCTServerMessageProxy >>OnHandshakeServerPrivderCallback: ???197636,???197636
2026-02-18 17:51:57,224 [5] ERROR -  >>  >> OnEquipmentChangeEvent >> 0 >> ?????????
2026-02-18 17:51:57,993 [1] ERROR -  >>  >> ChangeDeviceList >> 0 >> equipmentTable.count:0
2026-02-18 17:51:58,083 [5] ERROR -  >>  >> OnEquipmentChangeEvent >> 0 >> ????,???0!!!
2026-02-18 17:52:06,674 [18] ERROR -  >>  >> TraceInfo >> 0 >>  >> LCTServerMessageProxy >>OnHandshakeServerPrivderCallback: ???197636,???197636
2026-02-18 17:52:06,977 [9] ERROR -  >>  >> <UploadBakFile>b__0 >> 0 >> ?LCT????????????? -- Sleep Finished
2026-02-18 17:52:16,676 [5] ERROR -  >>  >> TraceInfo >> 0 >>  >> LCTServerMessageProxy >>OnHandshakeServerPrivderCallback: ???197636,???197636
2026-02-18 17:52:26,699 [11] ERROR -  >>  >> TraceInfo >> 0 >>  >> LCTServerMessageProxy >>OnHandshakeServerPrivderCallback: ???197636,???197636
2026-02-18 17:52:28,325 [1] ERROR -  >>  >> TraceInfo >> 0 >>  >> LCTServerMessageProxy >>?????????:COM3,
2026-02-18 17:52:28,331 [1] ERROR -  >>  >> TraceInfo >> 0 >>  >> LCTServerMessageProxy >>?????????:
2026-02-18 17:52:28,333 [1] ERROR -  >>  >> OnCompleteConnectAllController >> 0 >> ??????????
2026-02-18 17:52:28,334 [1] ERROR -  >>  >> ChangeDeviceList >> 0 >> equipmentTable.count:0
2026-02-18 17:52:28,338 [1] ERROR -  >>  >> OnDeviceChangeEvent >> 0 >> ????:??????, ????:0 
2026-02-18 17:52:36,713 [18] ERROR -  >>  >> TraceInfo >> 0 >>  >> LCTServerMessageProxy >>OnHandshakeServerPrivderCallback: ???197636,???197636
2026-02-18 17:52:46,727 [22] ERROR -  >>  >> TraceInfo >> 0 >>  >> LCTServerMessageProxy >>OnHandshakeServerPrivderCallback: ???197636,???197636
2026-02-18 17:52:56,744 [18] ERROR -  >>  >> TraceInfo >> 0 >>  >> LCTServerMessageProxy >>OnHandshakeServerPrivderCallback: ???197636,???197636
2026-02-18 17:53:03,842 [1] ERROR -  >>  >> TraceInfo >> 0 >>  >> LCTServerMessageProxy >>?????????:COM3,
2026-02-18 17:53:03,849 [1] ERROR -  >>  >> TraceInfo >> 0 >>  >> LCTServerMessageProxy >>?????????:
2026-02-18 17:53:03,849 [1] ERROR -  >>  >> OnCompleteConnectAllController >> 0 >> ??????????
2026-02-18 17:53:03,850 [1] ERROR -  >>  >> ChangeDeviceList >> 0 >> equipmentTable.count:0
2026-02-18 17:53:03,854 [1] ERROR -  >>  >> OnDeviceChangeEvent >> 0 >> ????:??????, ????:0 
2026-02-18 17:53:06,747 [22] ERROR -  >>  >> TraceInfo >> 0 >>  >> LCTServerMessageProxy >>OnHandshakeServerPrivderCallback: ???197636,???197636
2026-02-18 17:53:16,760 [5] ERROR -  >>  >> TraceInfo >> 0 >>  >> LCTServerMessageProxy >>OnHandshakeServerPrivderCallback: ???197636,???197636
2026-02-18 17:53:26,767 [22] ERROR -  >>  >> TraceInfo >> 0 >>  >> LCTServerMessageProxy >>OnHandshakeServerPrivderCallback: ???197636,???197636
2026-02-18 17:53:36,776 [5] ERROR -  >>  >> TraceInfo >> 0 >>  >> LCTServerMessageProxy >>OnHandshakeServerPrivderCallback: ???197636,???197636
2026-02-18 17:53:39,347 [1] ERROR -  >>  >> TraceInfo >> 0 >>  >> LCTServerMessageProxy >>?????????:COM3,
2026-02-18 17:53:39,353 [1] ERROR -  >>  >> TraceInfo >> 0 >>  >> LCTServerMessageProxy >>?????????:
2026-02-18 17:53:39,355 [1] ERROR -  >>  >> OnCompleteConnectAllController >> 0 >> ??????????
2026-02-18 17:53:39,356 [1] ERROR -  >>  >> ChangeDeviceList >> 0 >> equipmentTable.count:0
2026-02-18 17:53:39,361 [1] ERROR -  >>  >> OnDeviceChangeEvent >> 0 >> ????:??????, ????:0 
2026-02-18 17:53:46,783 [22] ERROR -  >>  >> TraceInfo >> 0 >>  >> LCTServerMessageProxy >>OnHandshakeServerPrivderCallback: ???197636,???197636
2026-02-18 17:53:56,795 [11] ERROR -  >>  >> TraceInfo >> 0 >>  >> LCTServerMessageProxy >>OnHandshakeServerPrivderCallback: ???197636,???197636
2026-02-18 17:54:06,799 [4] ERROR -  >>  >> TraceInfo >> 0 >>  >> LCTServerMessageProxy >>OnHandshakeServerPrivderCallback: ???197636,???197636
2026-02-18 17:54:14,886 [1] ERROR -  >>  >> TraceInfo >> 0 >>  >> LCTServerMessageProxy >>?????????:COM3,
2026-02-18 17:54:14,892 [1] ERROR -  >>  >> TraceInfo >> 0 >>  >> LCTServerMessageProxy >>?????????:
2026-02-18 17:54:14,893 [1] ERROR -  >>  >> OnCompleteConnectAllController >> 0 >> ??????????
2026-02-18 17:54:14,894 [1] ERROR -  >>  >> ChangeDeviceList >> 0 >> equipmentTable.count:0
2026-02-18 17:54:14,899 [1] ERROR -  >>  >> OnDeviceChangeEvent >> 0 >> ????:??????, ????:0 
2026-02-18 17:54:16,823 [22] ERROR -  >>  >> TraceInfo >> 0 >>  >> LCTServerMessageProxy >>OnHandshakeServerPrivderCallback: ???197636,???197636
2026-02-18 17:54:26,828 [22] ERROR -  >>  >> TraceInfo >> 0 >>  >> LCTServerMessageProxy >>OnHandshakeServerPrivderCallback: ???197636,???197636
2026-02-18 17:54:36,839 [22] ERROR -  >>  >> TraceInfo >> 0 >>  >> LCTServerMessageProxy >>OnHandshakeServerPrivderCallback: ???197636,???197636
2026-02-18 17:54:46,854 [8] ERROR -  >>  >> TraceInfo >> 0 >>  >> LCTServerMessageProxy >>OnHandshakeServerPrivderCallback: ???197636,???197636
2026-02-18 17:54:50,415 [1] ERROR -  >>  >> TraceInfo >> 0 >>  >> LCTServerMessageProxy >>?????????:COM3,
2026-02-18 17:54:50,422 [1] ERROR -  >>  >> TraceInfo >> 0 >>  >> LCTServerMessageProxy >>?????????:
2026-02-18 17:54:50,423 [1] ERROR -  >>  >> OnCompleteConnectAllController >> 0 >> ??????????
2026-02-18 17:54:50,424 [1] ERROR -  >>  >> ChangeDeviceList >> 0 >> equipmentTable.count:0
2026-02-18 17:54:50,428 [1] ERROR -  >>  >> OnDeviceChangeEvent >> 0 >> ????:??????, ????:0 
2026-02-18 17:54:56,863 [8] ERROR -  >>  >> TraceInfo >> 0 >>  >> LCTServerMessageProxy >>OnHandshakeServerPrivderCallback: ???197636,???197636
2026-02-18 17:55:06,886 [5] ERROR -  >>  >> TraceInfo >> 0 >>  >> LCTServerMessageProxy >>OnHandshakeServerPrivderCallback: ???197636,???197636
2026-02-18 17:55:16,894 [8] ERROR -  >>  >> TraceInfo >> 0 >>  >> LCTServerMessageProxy >>OnHandshakeServerPrivderCallback: ???197636,???197636
2026-02-18 17:55:25,966 [1] ERROR -  >>  >> TraceInfo >> 0 >>  >> LCTServerMessageProxy >>?????????:COM3,
2026-02-18 17:55:25,974 [1] ERROR -  >>  >> TraceInfo >> 0 >>  >> LCTServerMessageProxy >>?????????:
2026-02-18 17:55:25,975 [1] ERROR -  >>  >> OnCompleteConnectAllController >> 0 >> ??????????
2026-02-18 17:55:25,976 [1] ERROR -  >>  >> ChangeDeviceList >> 0 >> equipmentTable.count:0
2026-02-18 17:55:25,982 [1] ERROR -  >>  >> OnDeviceChangeEvent >> 0 >> ????:??????, ????:0 
2026-02-18 17:55:26,917 [4] ERROR -  >>  >> TraceInfo >> 0 >>  >> LCTServerMessageProxy >>OnHandshakeServerPrivderCallback: ???197636,???197636
2026-02-18 17:55:33,363 [25] ERROR -  >>  >> bWorker_DoWork >> 0 >> La chiave specificata non era presente nel dizionario.
2026-02-18 17:55:36,921 [5] ERROR -  >>  >> TraceInfo >> 0 >>  >> LCTServerMessageProxy >>OnHandshakeServerPrivderCallback: ???197636,???197636
2026-02-18 17:55:46,935 [22] ERROR -  >>  >> TraceInfo >> 0 >>  >> LCTServerMessageProxy >>OnHandshakeServerPrivderCallback: ???197636,???197636
2026-02-18 17:55:56,943 [11] ERROR -  >>  >> TraceInfo >> 0 >>  >> LCTServerMessageProxy >>OnHandshakeServerPrivderCallback: ???197636,???197636
2026-02-18 17:56:06,953 [5] ERROR -  >>  >> TraceInfo >> 0 >>  >> LCTServerMessageProxy >>OnHandshakeServerPrivderCallback: ???197636,???197636
2026-02-18 17:56:16,963 [4] ERROR -  >>  >> TraceInfo >> 0 >>  >> LCTServerMessageProxy >>OnHandshakeServerPrivderCallback: ???197636,???197636
2026-02-18 17:56:26,981 [5] ERROR -  >>  >> TraceInfo >> 0 >>  >> LCTServerMessageProxy >>OnHandshakeServerPrivderCallback: ???197636,???197636
2026-02-18 17:56:36,986 [5] ERROR -  >>  >> TraceInfo >> 0 >>  >> LCTServerMessageProxy >>OnHandshakeServerPrivderCallback: ???197636,???197636
2026-02-18 17:56:46,989 [8] ERROR -  >>  >> TraceInfo >> 0 >>  >> LCTServerMessageProxy >>OnHandshakeServerPrivderCallback: ???197636,???197636
2026-02-18 17:56:56,999 [22] ERROR -  >>  >> TraceInfo >> 0 >>  >> LCTServerMessageProxy >>OnHandshakeServerPrivderCallback: ???197636,???197636
2026-02-18 17:57:01,033 [1] ERROR -  >>  >> TraceInfo >> 0 >>  >> LCTServerMessageProxy >>?????????:COM3,
2026-02-18 17:57:01,041 [1] ERROR -  >>  >> TraceInfo >> 0 >>  >> LCTServerMessageProxy >>?????????:
2026-02-18 17:57:01,042 [1] ERROR -  >>  >> OnCompleteConnectAllController >> 0 >> ??????????
2026-02-18 17:57:01,043 [1] ERROR -  >>  >> ChangeDeviceList >> 0 >> equipmentTable.count:0
2026-02-18 17:57:01,047 [1] ERROR -  >>  >> OnDeviceChangeEvent >> 0 >> ????:??????, ????:0 
2026-02-18 17:57:07,014 [5] ERROR -  >>  >> TraceInfo >> 0 >>  >> LCTServerMessageProxy >>OnHandshakeServerPrivderCallback: ???197636,???197636
2026-02-18 17:57:17,020 [4] ERROR -  >>  >> TraceInfo >> 0 >>  >> LCTServerMessageProxy >>OnHandshakeServerPrivderCallback: ???197636,???197636
2026-02-18 17:57:27,037 [12] ERROR -  >>  >> TraceInfo >> 0 >>  >> LCTServerMessageProxy >>OnHandshakeServerPrivderCallback: ???197636,???197636
2026-02-18 17:57:36,553 [1] ERROR -  >>  >> TraceInfo >> 0 >>  >> LCTServerMessageProxy >>?????????:COM3,
2026-02-18 17:57:36,559 [1] ERROR -  >>  >> TraceInfo >> 0 >>  >> LCTServerMessageProxy >>?????????:
2026-02-18 17:57:36,560 [1] ERROR -  >>  >> OnCompleteConnectAllController >> 0 >> ??????????
2026-02-18 17:57:36,561 [1] ERROR -  >>  >> ChangeDeviceList >> 0 >> equipmentTable.count:0
2026-02-18 17:57:36,565 [1] ERROR -  >>  >> OnDeviceChangeEvent >> 0 >> ????:??????, ????:0 
2026-02-18 17:57:37,049 [8] ERROR -  >>  >> TraceInfo >> 0 >>  >> LCTServerMessageProxy >>OnHandshakeServerPrivderCallback: ???197636,???197636
2026-02-18 17:57:47,055 [8] ERROR -  >>  >> TraceInfo >> 0 >>  >> LCTServerMessageProxy >>OnHandshakeServerPrivderCallback: ???197636,???197636
2026-02-18 17:57:54,523 [22] ERROR -  >>  >> Hello >> 0 >> Hello Error:System.ServiceModel.CommunicationObjectFaultedException: Impossibile utilizzare l'oggetto di comunicazione, System.ServiceModel.Channels.ServiceChannel, per la comunicazione perché è nello stato Faulted.

Server stack trace: 
   in System.ServiceModel.Channels.CommunicationObject.ThrowIfDisposedOrNotOpen()
   in System.ServiceModel.Channels.ServiceChannel.Call(String action, Boolean oneway, ProxyOperationRuntime operation, Object[] ins, Object[] outs, TimeSpan timeout)
   in System.ServiceModel.Channels.ServiceChannelProxy.InvokeService(IMethodCallMessage methodCall, ProxyOperationRuntime operation)
   in System.ServiceModel.Channels.ServiceChannelProxy.Invoke(IMessage message)

Exception rethrown at [0]: 
   in System.Runtime.Remoting.Proxies.RealProxy.HandleReturnMessage(IMessage reqMsg, IMessage retMsg)
   in System.Runtime.Remoting.Proxies.RealProxy.PrivateInvoke(MessageData& msgData, Int32 type)
   in Nova.Monitoring.Common.IDataService.Hello()
   in Nova.Monitoring.Common.DataClientBaseNew.Hello()
2026-02-18 17:57:54,544 [22] ERROR -  >>  >> Login >> 0 >> Lijin Login Error:System.ServiceModel.EndpointNotFoundException: Nessun endpoint in ascolto su net.pipe://localhost/novadata/IDataService in grado di accettare il messaggio. Ciò è spesso causato da un'azione SOAP o un indirizzo non corretto. Per ulteriori dettagli, vedere InnerException, se presente. ---> System.IO.PipeException: Impossibile trovare l'endpoint di pipe 'net.pipe://localhost/novadata/IDataService' nel computer locale. 
   --- Fine della traccia dello stack dell'eccezione interna ---

Server stack trace: 
   in System.ServiceModel.Channels.PipeConnectionInitiator.GetPipeName(Uri uri, IPipeTransportFactorySettings transportFactorySettings)
   in System.ServiceModel.Channels.PipeConnectionInitiator.PrepareConnect(Uri remoteUri, TimeSpan timeout, String& resolvedAddress, BackoffTimeoutHelper& backoffHelper)
   in System.ServiceModel.Channels.PipeConnectionInitiator.Connect(Uri remoteUri, TimeSpan timeout)
   in System.ServiceModel.Channels.BufferedConnectionInitiator.Connect(Uri uri, TimeSpan timeout)
   in System.ServiceModel.Channels.ConnectionPoolHelper.EstablishConnection(TimeSpan timeout)
   in System.ServiceModel.Channels.ClientFramingDuplexSessionChannel.OnOpen(TimeSpan timeout)
   in System.ServiceModel.Channels.CommunicationObject.Open(TimeSpan timeout)
   in System.ServiceModel.Channels.ServiceChannel.OnOpen(TimeSpan timeout)
   in System.ServiceModel.Channels.CommunicationObject.Open(TimeSpan timeout)
   in System.ServiceModel.Channels.ServiceChannel.CallOpenOnce.System.ServiceModel.Channels.ServiceChannel.ICallOnce.Call(ServiceChannel channel, TimeSpan timeout)
   in System.ServiceModel.Channels.ServiceChannel.CallOnceManager.CallOnce(TimeSpan timeout, CallOnceManager cascade)
   in System.ServiceModel.Channels.ServiceChannel.Call(String action, Boolean oneway, ProxyOperationRuntime operation, Object[] ins, Object[] outs, TimeSpan timeout)
   in System.ServiceModel.Channels.ServiceChannelProxy.InvokeService(IMethodCallMessage methodCall, ProxyOperationRuntime operation)
   in System.ServiceModel.Channels.ServiceChannelProxy.Invoke(IMessage message)

Exception rethrown at [0]: 
   in System.Runtime.Remoting.Proxies.RealProxy.HandleReturnMessage(IMessage reqMsg, IMessage retMsg)
   in System.Runtime.Remoting.Proxies.RealProxy.PrivateInvoke(MessageData& msgData, Int32 type)
   in Nova.Monitoring.Common.IDataService.Login(String name)
   in Nova.Monitoring.Common.DataClientBaseNew.Login(String name)
2026-02-18 17:57:57,062 [5] ERROR -  >>  >> TraceInfo >> 0 >>  >> LCTServerMessageProxy >>OnHandshakeServerPrivderCallback: ???197636,???0
2026-02-18 17:57:57,066 [5] ERROR -  >>  >> TraceInfo >> 0 >>  >> LCTServerMessageProxy >>????????,????????1,????????:1
2026-02-18 17:57:57,541 [22] ERROR -  >>  >> Hello >> 0 >> Hello Error:System.ServiceModel.CommunicationObjectFaultedException: Impossibile utilizzare l'oggetto di comunicazione, System.ServiceModel.Channels.ServiceChannel, per la comunicazione perché è nello stato Faulted.

Server stack trace: 
   in System.ServiceModel.Channels.CommunicationObject.ThrowIfDisposedOrNotOpen()
   in System.ServiceModel.Channels.ServiceChannel.Call(String action, Boolean oneway, ProxyOperationRuntime operation, Object[] ins, Object[] outs, TimeSpan timeout)
   in System.ServiceModel.Channels.ServiceChannelProxy.InvokeService(IMethodCallMessage methodCall, ProxyOperationRuntime operation)
   in System.ServiceModel.Channels.ServiceChannelProxy.Invoke(IMessage message)

Exception rethrown at [0]: 
   in System.Runtime.Remoting.Proxies.RealProxy.HandleReturnMessage(IMessage reqMsg, IMessage retMsg)
   in System.Runtime.Remoting.Proxies.RealProxy.PrivateInvoke(MessageData& msgData, Int32 type)
   in Nova.Monitoring.Common.IDataService.Hello()
   in Nova.Monitoring.Common.DataClientBaseNew.Hello()
2026-02-18 17:57:57,544 [22] ERROR -  >>  >> Login >> 0 >> Lijin Login Error:System.ServiceModel.EndpointNotFoundException: Nessun endpoint in ascolto su net.pipe://localhost/novadata/IDataService in grado di accettare il messaggio. Ciò è spesso causato da un'azione SOAP o un indirizzo non corretto. Per ulteriori dettagli, vedere InnerException, se presente. ---> System.IO.PipeException: Impossibile trovare l'endpoint di pipe 'net.pipe://localhost/novadata/IDataService' nel computer locale. 
   --- Fine della traccia dello stack dell'eccezione interna ---

Server stack trace: 
   in System.ServiceModel.Channels.PipeConnectionInitiator.GetPipeName(Uri uri, IPipeTransportFactorySettings transportFactorySettings)
   in System.ServiceModel.Channels.PipeConnectionInitiator.PrepareConnect(Uri remoteUri, TimeSpan timeout, String& resolvedAddress, BackoffTimeoutHelper& backoffHelper)
   in System.ServiceModel.Channels.PipeConnectionInitiator.Connect(Uri remoteUri, TimeSpan timeout)
   in System.ServiceModel.Channels.BufferedConnectionInitiator.Connect(Uri uri, TimeSpan timeout)
   in System.ServiceModel.Channels.ConnectionPoolHelper.EstablishConnection(TimeSpan timeout)
   in System.ServiceModel.Channels.ClientFramingDuplexSessionChannel.OnOpen(TimeSpan timeout)
   in System.ServiceModel.Channels.CommunicationObject.Open(TimeSpan timeout)
   in System.ServiceModel.Channels.ServiceChannel.OnOpen(TimeSpan timeout)
   in System.ServiceModel.Channels.CommunicationObject.Open(TimeSpan timeout)
   in System.ServiceModel.Channels.ServiceChannel.CallOpenOnce.System.ServiceModel.Channels.ServiceChannel.ICallOnce.Call(ServiceChannel channel, TimeSpan timeout)
   in System.ServiceModel.Channels.ServiceChannel.CallOnceManager.CallOnce(TimeSpan timeout, CallOnceManager cascade)
   in System.ServiceModel.Channels.ServiceChannel.Call(String action, Boolean oneway, ProxyOperationRuntime operation, Object[] ins, Object[] outs, TimeSpan timeout)
   in System.ServiceModel.Channels.ServiceChannelProxy.InvokeService(IMethodCallMessage methodCall, ProxyOperationRuntime operation)
   in System.ServiceModel.Channels.ServiceChannelProxy.Invoke(IMessage message)

Exception rethrown at [0]: 
   in System.Runtime.Remoting.Proxies.RealProxy.HandleReturnMessage(IMessage reqMsg, IMessage retMsg)
   in System.Runtime.Remoting.Proxies.RealProxy.PrivateInvoke(MessageData& msgData, Int32 type)
   in Nova.Monitoring.Common.IDataService.Login(String name)
   in Nova.Monitoring.Common.DataClientBaseNew.Login(String name)
2026-02-18 17:59:34,996 [12] ERROR -  >>  >> Login >> 0 >> Lijin Login Error:System.ServiceModel.EndpointNotFoundException: Nessun endpoint in ascolto su net.pipe://localhost/novadata/IDataService in grado di accettare il messaggio. Ciò è spesso causato da un'azione SOAP o un indirizzo non corretto. Per ulteriori dettagli, vedere InnerException, se presente. ---> System.IO.PipeException: Impossibile trovare l'endpoint di pipe 'net.pipe://localhost/novadata/IDataService' nel computer locale. 
   --- Fine della traccia dello stack dell'eccezione interna ---

Server stack trace: 
   in System.ServiceModel.Channels.PipeConnectionInitiator.GetPipeName(Uri uri, IPipeTransportFactorySettings transportFactorySettings)
   in System.ServiceModel.Channels.NamedPipeConnectionPoolRegistry.NamedPipeConnectionPool.GetPoolKey(EndpointAddress address, Uri via)
   in System.ServiceModel.Channels.CommunicationPool`2.TakeConnection(EndpointAddress address, Uri via, TimeSpan timeout, TKey& key)
   in System.ServiceModel.Channels.ConnectionPoolHelper.EstablishConnection(TimeSpan timeout)
   in System.ServiceModel.Channels.ClientFramingDuplexSessionChannel.OnOpen(TimeSpan timeout)
   in System.ServiceModel.Channels.CommunicationObject.Open(TimeSpan timeout)
   in System.ServiceModel.Channels.ServiceChannel.OnOpen(TimeSpan timeout)
   in System.ServiceModel.Channels.CommunicationObject.Open(TimeSpan timeout)
   in System.ServiceModel.Channels.ServiceChannel.CallOpenOnce.System.ServiceModel.Channels.ServiceChannel.ICallOnce.Call(ServiceChannel channel, TimeSpan timeout)
   in System.ServiceModel.Channels.ServiceChannel.CallOnceManager.CallOnce(TimeSpan timeout, CallOnceManager cascade)
   in System.ServiceModel.Channels.ServiceChannel.Call(String action, Boolean oneway, ProxyOperationRuntime operation, Object[] ins, Object[] outs, TimeSpan timeout)
   in System.ServiceModel.Channels.ServiceChannelProxy.InvokeService(IMethodCallMessage methodCall, ProxyOperationRuntime operation)
   in System.ServiceModel.Channels.ServiceChannelProxy.Invoke(IMessage message)

Exception rethrown at [0]: 
   in System.Runtime.Remoting.Proxies.RealProxy.HandleReturnMessage(IMessage reqMsg, IMessage retMsg)
   in System.Runtime.Remoting.Proxies.RealProxy.PrivateInvoke(MessageData& msgData, Int32 type)
   in Nova.Monitoring.Common.IDataService.Login(String name)
   in Nova.Monitoring.Common.DataClientBaseNew.Login(String name)
2026-02-18 17:59:35,020 [12] ERROR -  >>  >> Hello >> 0 >> Hello Error:System.ServiceModel.CommunicationObjectFaultedException: Impossibile utilizzare l'oggetto di comunicazione, System.ServiceModel.Channels.ServiceChannel, per la comunicazione perché è nello stato Faulted.

Server stack trace: 
   in System.ServiceModel.Channels.CommunicationObject.ThrowIfDisposedOrNotOpen()
   in System.ServiceModel.Channels.ServiceChannel.Call(String action, Boolean oneway, ProxyOperationRuntime operation, Object[] ins, Object[] outs, TimeSpan timeout)
   in System.ServiceModel.Channels.ServiceChannelProxy.InvokeService(IMethodCallMessage methodCall, ProxyOperationRuntime operation)
   in System.ServiceModel.Channels.ServiceChannelProxy.Invoke(IMessage message)

Exception rethrown at [0]: 
   in System.Runtime.Remoting.Proxies.RealProxy.HandleReturnMessage(IMessage reqMsg, IMessage retMsg)
   in System.Runtime.Remoting.Proxies.RealProxy.PrivateInvoke(MessageData& msgData, Int32 type)
   in Nova.Monitoring.Common.IDataService.Hello()
   in Nova.Monitoring.Common.DataClientBaseNew.Hello()
2026-02-18 17:59:35,029 [12] ERROR -  >>  >> Login >> 0 >> Lijin Login Error:System.ServiceModel.EndpointNotFoundException: Nessun endpoint in ascolto su net.pipe://localhost/novadata/IDataService in grado di accettare il messaggio. Ciò è spesso causato da un'azione SOAP o un indirizzo non corretto. Per ulteriori dettagli, vedere InnerException, se presente. ---> System.IO.PipeException: Impossibile trovare l'endpoint di pipe 'net.pipe://localhost/novadata/IDataService' nel computer locale. 
   --- Fine della traccia dello stack dell'eccezione interna ---

Server stack trace: 
   in System.ServiceModel.Channels.PipeConnectionInitiator.GetPipeName(Uri uri, IPipeTransportFactorySettings transportFactorySettings)
   in System.ServiceModel.Channels.NamedPipeConnectionPoolRegistry.NamedPipeConnectionPool.GetPoolKey(EndpointAddress address, Uri via)
   in System.ServiceModel.Channels.CommunicationPool`2.TakeConnection(EndpointAddress address, Uri via, TimeSpan timeout, TKey& key)
   in System.ServiceModel.Channels.ConnectionPoolHelper.EstablishConnection(TimeSpan timeout)
   in System.ServiceModel.Channels.ClientFramingDuplexSessionChannel.OnOpen(TimeSpan timeout)
   in System.ServiceModel.Channels.CommunicationObject.Open(TimeSpan timeout)
   in System.ServiceModel.Channels.ServiceChannel.OnOpen(TimeSpan timeout)
   in System.ServiceModel.Channels.CommunicationObject.Open(TimeSpan timeout)
   in System.ServiceModel.Channels.ServiceChannel.CallOpenOnce.System.ServiceModel.Channels.ServiceChannel.ICallOnce.Call(ServiceChannel channel, TimeSpan timeout)
   in System.ServiceModel.Channels.ServiceChannel.CallOnceManager.CallOnce(TimeSpan timeout, CallOnceManager cascade)
   in System.ServiceModel.Channels.ServiceChannel.Call(String action, Boolean oneway, ProxyOperationRuntime operation, Object[] ins, Object[] outs, TimeSpan timeout)
   in System.ServiceModel.Channels.ServiceChannelProxy.InvokeService(IMethodCallMessage methodCall, ProxyOperationRuntime operation)
   in System.ServiceModel.Channels.ServiceChannelProxy.Invoke(IMessage message)

Exception rethrown at [0]: 
   in System.Runtime.Remoting.Proxies.RealProxy.HandleReturnMessage(IMessage reqMsg, IMessage retMsg)
   in System.Runtime.Remoting.Proxies.RealProxy.PrivateInvoke(MessageData& msgData, Int32 type)
   in Nova.Monitoring.Common.IDataService.Login(String name)
   in Nova.Monitoring.Common.DataClientBaseNew.Login(String name)
2026-02-18 17:59:35,879 [12] ERROR -  >>  >> ExecuteCommand >> 0 >> System.ServiceModel.CommunicationObjectFaultedException: Impossibile utilizzare l'oggetto di comunicazione, System.ServiceModel.Channels.ServiceChannel, per la comunicazione perché è nello stato Faulted.

Server stack trace: 
   in System.ServiceModel.Channels.CommunicationObject.ThrowIfDisposedOrNotOpen()
   in System.ServiceModel.Channels.ServiceChannel.Call(String action, Boolean oneway, ProxyOperationRuntime operation, Object[] ins, Object[] outs, TimeSpan timeout)
   in System.ServiceModel.Channels.ServiceChannelProxy.InvokeService(IMethodCallMessage methodCall, ProxyOperationRuntime operation)
   in System.ServiceModel.Channels.ServiceChannelProxy.Invoke(IMessage message)

Exception rethrown at [0]: 
   in System.Runtime.Remoting.Proxies.RealProxy.HandleReturnMessage(IMessage reqMsg, IMessage retMsg)
   in System.Runtime.Remoting.Proxies.RealProxy.PrivateInvoke(MessageData& msgData, Int32 type)
   in Nova.Monitoring.Common.IDataService.ExecuteCommand(Int32 code, String data)
   in Nova.LCT.GigabitSystem.MonitorClientManager.MonitorClient.ExecuteCommand(Int32 code, String data, Boolean catchError)
2026-02-18 17:59:36,034 [12] ERROR -  >>  >> Hello >> 0 >> Hello Error:System.ServiceModel.CommunicationObjectFaultedException: Impossibile utilizzare l'oggetto di comunicazione, System.ServiceModel.Channels.ServiceChannel, per la comunicazione perché è nello stato Faulted.

Server stack trace: 
   in System.ServiceModel.Channels.CommunicationObject.ThrowIfDisposedOrNotOpen()
   in System.ServiceModel.Channels.ServiceChannel.Call(String action, Boolean oneway, ProxyOperationRuntime operation, Object[] ins, Object[] outs, TimeSpan timeout)
   in System.ServiceModel.Channels.ServiceChannelProxy.InvokeService(IMethodCallMessage methodCall, ProxyOperationRuntime operation)
   in System.ServiceModel.Channels.ServiceChannelProxy.Invoke(IMessage message)

Exception rethrown at [0]: 
   in System.Runtime.Remoting.Proxies.RealProxy.HandleReturnMessage(IMessage reqMsg, IMessage retMsg)
   in System.Runtime.Remoting.Proxies.RealProxy.PrivateInvoke(MessageData& msgData, Int32 type)
   in Nova.Monitoring.Common.IDataService.Hello()
   in Nova.Monitoring.Common.DataClientBaseNew.Hello()
2026-02-18 17:59:36,040 [12] ERROR -  >>  >> Login >> 0 >> Lijin Login Error:System.ServiceModel.EndpointNotFoundException: Nessun endpoint in ascolto su net.pipe://localhost/novadata/IDataService in grado di accettare il messaggio. Ciò è spesso causato da un'azione SOAP o un indirizzo non corretto. Per ulteriori dettagli, vedere InnerException, se presente. ---> System.IO.PipeException: Impossibile trovare l'endpoint di pipe 'net.pipe://localhost/novadata/IDataService' nel computer locale. 
   --- Fine della traccia dello stack dell'eccezione interna ---

Server stack trace: 
   in System.ServiceModel.Channels.PipeConnectionInitiator.GetPipeName(Uri uri, IPipeTransportFactorySettings transportFactorySettings)
   in System.ServiceModel.Channels.NamedPipeConnectionPoolRegistry.NamedPipeConnectionPool.GetPoolKey(EndpointAddress address, Uri via)
   in System.ServiceModel.Channels.CommunicationPool`2.TakeConnection(EndpointAddress address, Uri via, TimeSpan timeout, TKey& key)
   in System.ServiceModel.Channels.ConnectionPoolHelper.EstablishConnection(TimeSpan timeout)
   in System.ServiceModel.Channels.ClientFramingDuplexSessionChannel.OnOpen(TimeSpan timeout)
   in System.ServiceModel.Channels.CommunicationObject.Open(TimeSpan timeout)
   in System.ServiceModel.Channels.ServiceChannel.OnOpen(TimeSpan timeout)
   in System.ServiceModel.Channels.CommunicationObject.Open(TimeSpan timeout)
   in System.ServiceModel.Channels.ServiceChannel.CallOpenOnce.System.ServiceModel.Channels.ServiceChannel.ICallOnce.Call(ServiceChannel channel, TimeSpan timeout)
   in System.ServiceModel.Channels.ServiceChannel.CallOnceManager.CallOnce(TimeSpan timeout, CallOnceManager cascade)
   in System.ServiceModel.Channels.ServiceChannel.Call(String action, Boolean oneway, ProxyOperationRuntime operation, Object[] ins, Object[] outs, TimeSpan timeout)
   in System.ServiceModel.Channels.ServiceChannelProxy.InvokeService(IMethodCallMessage methodCall, ProxyOperationRuntime operation)
   in System.ServiceModel.Channels.ServiceChannelProxy.Invoke(IMessage message)

Exception rethrown at [0]: 
   in System.Runtime.Remoting.Proxies.RealProxy.HandleReturnMessage(IMessage reqMsg, IMessage retMsg)
   in System.Runtime.Remoting.Proxies.RealProxy.PrivateInvoke(MessageData& msgData, Int32 type)
   in Nova.Monitoring.Common.IDataService.Login(String name)
   in Nova.Monitoring.Common.DataClientBaseNew.Login(String name)
2026-02-18 17:59:36,638 [1] ERROR -  >>  >> TraceInfo >> 0 >>  >> LCTServerMessageProxy >>?????????:,3.1.1
2026-02-18 17:59:37,086 [22] ERROR -  >>  >> TraceInfo >> 0 >>  >> LCTServerMessageProxy >>OnHandshakeServerPrivderCallback: ???460924,???460924
2026-02-18 17:59:37,358 [5] ERROR -  >>  >> OnEquipmentChangeEvent >> 0 >> ?????????
2026-02-18 17:59:37,363 [1] ERROR -  >>  >> ChangeDeviceList >> 0 >> equipmentTable.count:0
2026-02-18 17:59:37,374 [5] ERROR -  >>  >> OnEquipmentChangeEvent >> 0 >> ????,???0!!!
2026-02-18 17:59:42,087 [1] ERROR -  >>  >> TraceInfo >> 0 >>  >> LCTServerMessageProxy >>?????????:COM3,
2026-02-18 17:59:42,093 [1] ERROR -  >>  >> TraceInfo >> 0 >>  >> LCTServerMessageProxy >>?????????:
2026-02-18 17:59:42,102 [1] ERROR -  >>  >> OnCompleteConnectAllController >> 0 >> ??????????
2026-02-18 17:59:42,103 [1] ERROR -  >>  >> ChangeDeviceList >> 0 >> equipmentTable.count:0
2026-02-18 17:59:42,109 [1] ERROR -  >>  >> OnDeviceChangeEvent >> 0 >> ????:??????, ????:0 
2026-02-18 17:59:42,119 [1] ERROR -  >>  >> TraceInfo >> 0 >>  >> LCTServerMessageProxy >>?????????:
2026-02-18 17:59:42,120 [1] ERROR -  >>  >> OnEquipmentChangeEvent >> 0 >> ?????????
2026-02-18 17:59:42,121 [1] ERROR -  >>  >> ChangeDeviceList >> 0 >> equipmentTable.count:0
2026-02-18 17:59:42,124 [1] ERROR -  >>  >> OnEquipmentChangeEvent >> 0 >> ????,???0!!!
2026-02-18 17:59:47,095 [8] ERROR -  >>  >> TraceInfo >> 0 >>  >> LCTServerMessageProxy >>OnHandshakeServerPrivderCallback: ???460924,???460924
2026-02-18 17:59:49,396 [22] ERROR -  >>  >> GetHttpResponse >> 0 >> System.UriFormatException: URI non valido: impossibile determinare il formato dell'URI.
   in System.Uri.CreateThis(String uri, Boolean dontEscape, UriKind uriKind)
   in System.Uri..ctor(String uriString)
   in System.Net.WebRequest.Create(String requestUriString)
   in Nova.LCT.GigabitSystem.CloudServerManager.HttpClientbase.GetHttpResponse(String url)
2026-02-18 17:59:49,397 [22] ERROR -  >>  >> GetHttpResponse >> 0 >> System.UriFormatException: URI non valido: impossibile determinare il formato dell'URI.
   in System.Uri.CreateThis(String uri, Boolean dontEscape, UriKind uriKind)
   in System.Uri..ctor(String uriString)
   in System.Net.WebRequest.Create(String requestUriString)
   in Nova.LCT.GigabitSystem.CloudServerManager.HttpClientbase.GetHttpResponse(String url)
2026-02-18 17:59:49,397 [22] ERROR -  >>  >> GetHttpResponse >> 0 >> System.UriFormatException: URI non valido: impossibile determinare il formato dell'URI.
   in System.Uri.CreateThis(String uri, Boolean dontEscape, UriKind uriKind)
   in System.Uri..ctor(String uriString)
   in System.Net.WebRequest.Create(String requestUriString)
   in Nova.LCT.GigabitSystem.CloudServerManager.HttpClientbase.GetHttpResponse(String url)
2026-02-18 17:59:49,790 [8] ERROR -  >>  >> <ReturnNodeIndex>b__0 >> 0 >> System.Net.WebException: Connessione sottostante chiusa: Errore imprevisto durante un'operazione di ricezione.. ---> System.ComponentModel.Win32Exception: Client e server non possono comunicare perché non dispongono di un algoritmo comune
   in System.Net.SSPIWrapper.AcquireCredentialsHandle(SSPIInterface SecModule, String package, CredentialUse intent, SecureCredential scc)
   in System.Net.Security.SecureChannel.AcquireCredentialsHandle(CredentialUse credUsage, SecureCredential& secureCredential)
   in System.Net.Security.SecureChannel.AcquireCredentialsHandle(CredentialUse credUsage, X509Certificate2 selectedCert, Flags flags)
   in System.Net.Security.SecureChannel.AcquireClientCredentials(Byte[]& thumbPrint)
   in System.Net.Security.SecureChannel.GenerateToken(Byte[] input, Int32 offset, Int32 count, Byte[]& output)
   in System.Net.Security.SecureChannel.NextMessage(Byte[] incoming, Int32 offset, Int32 count)
   in System.Net.Security.SslState.StartSendBlob(Byte[] incoming, Int32 count, AsyncProtocolRequest asyncRequest, Boolean renegotiation)
   in System.Net.Security.SslState.ForceAuthentication(Boolean receiveFirst, Byte[] buffer, AsyncProtocolRequest asyncRequest, Boolean renegotiation)
   in System.Net.Security.SslState.ProcessAuthentication(LazyAsyncResult lazyResult)
   in System.Net.TlsStream.CallProcessAuthentication(Object state)
   in System.Threading.ExecutionContext.RunInternal(ExecutionContext executionContext, ContextCallback callback, Object state, Boolean preserveSyncCtx)
   in System.Threading.ExecutionContext.Run(ExecutionContext executionContext, ContextCallback callback, Object state, Boolean preserveSyncCtx)
   in System.Threading.ExecutionContext.Run(ExecutionContext executionContext, ContextCallback callback, Object state)
   in System.Net.TlsStream.ProcessAuthentication(LazyAsyncResult result)
   in System.Net.TlsStream.Write(Byte[] buffer, Int32 offset, Int32 size)
   in System.Net.PooledStream.Write(Byte[] buffer, Int32 offset, Int32 size)
   in System.Net.ConnectStream.WriteHeaders(Boolean async)
   --- Fine della traccia dello stack dell'eccezione interna ---
   in System.Net.WebClient.DownloadDataInternal(Uri address, WebRequest& request)
   in System.Net.WebClient.DownloadString(Uri address)
   in System.Net.WebClient.DownloadString(String address)
   in Nova.LCT.GigabitSystem.CloudServerManager.BackupRestoreHttpClient.<>c__DisplayClass24_0.<ReturnNodeIndex>b__0()
2026-02-18 17:59:54,646 [10] ERROR -  >>  >> <UploadBakFile>b__0 >> 0 >> ?LCT????????????? -- Sleep Finished
2026-02-18 17:59:57,100 [22] ERROR -  >>  >> TraceInfo >> 0 >>  >> LCTServerMessageProxy >>OnHandshakeServerPrivderCallback: ???460924,???460924
2026-02-18 17:59:57,958 [12] ERROR -  >>  >> GetHttpResponse >> 0 >> System.UriFormatException: URI non valido: impossibile determinare il formato dell'URI.
   in System.Uri.CreateThis(String uri, Boolean dontEscape, UriKind uriKind)
   in System.Uri..ctor(String uriString)
   in System.Net.WebRequest.Create(String requestUriString)
   in Nova.LCT.GigabitSystem.CloudServerManager.HttpClientbase.GetHttpResponse(String url)
2026-02-18 17:59:57,959 [12] ERROR -  >>  >> GetHttpResponse >> 0 >> System.UriFormatException: URI non valido: impossibile determinare il formato dell'URI.
   in System.Uri.CreateThis(String uri, Boolean dontEscape, UriKind uriKind)
   in System.Uri..ctor(String uriString)
   in System.Net.WebRequest.Create(String requestUriString)
   in Nova.LCT.GigabitSystem.CloudServerManager.HttpClientbase.GetHttpResponse(String url)
2026-02-18 17:59:57,960 [12] ERROR -  >>  >> GetHttpResponse >> 0 >> System.UriFormatException: URI non valido: impossibile determinare il formato dell'URI.
   in System.Uri.CreateThis(String uri, Boolean dontEscape, UriKind uriKind)
   in System.Uri..ctor(String uriString)
   in System.Net.WebRequest.Create(String requestUriString)
   in Nova.LCT.GigabitSystem.CloudServerManager.HttpClientbase.GetHttpResponse(String url)
2026-02-18 17:59:58,112 [22] ERROR -  >>  >> <ReturnNodeIndex>b__0 >> 0 >> System.Net.WebException: Connessione sottostante chiusa: Errore imprevisto durante un'operazione di ricezione.. ---> System.ComponentModel.Win32Exception: Client e server non possono comunicare perché non dispongono di un algoritmo comune
   in System.Net.SSPIWrapper.AcquireCredentialsHandle(SSPIInterface SecModule, String package, CredentialUse intent, SecureCredential scc)
   in System.Net.Security.SecureChannel.AcquireCredentialsHandle(CredentialUse credUsage, SecureCredential& secureCredential)
   in System.Net.Security.SecureChannel.AcquireCredentialsHandle(CredentialUse credUsage, X509Certificate2 selectedCert, Flags flags)
   in System.Net.Security.SecureChannel.AcquireClientCredentials(Byte[]& thumbPrint)
   in System.Net.Security.SecureChannel.GenerateToken(Byte[] input, Int32 offset, Int32 count, Byte[]& output)
   in System.Net.Security.SecureChannel.NextMessage(Byte[] incoming, Int32 offset, Int32 count)
   in System.Net.Security.SslState.StartSendBlob(Byte[] incoming, Int32 count, AsyncProtocolRequest asyncRequest, Boolean renegotiation)
   in System.Net.Security.SslState.ForceAuthentication(Boolean receiveFirst, Byte[] buffer, AsyncProtocolRequest asyncRequest, Boolean renegotiation)
   in System.Net.Security.SslState.ProcessAuthentication(LazyAsyncResult lazyResult)
   in System.Net.TlsStream.CallProcessAuthentication(Object state)
   in System.Threading.ExecutionContext.RunInternal(ExecutionContext executionContext, ContextCallback callback, Object state, Boolean preserveSyncCtx)
   in System.Threading.ExecutionContext.Run(ExecutionContext executionContext, ContextCallback callback, Object state, Boolean preserveSyncCtx)
   in System.Threading.ExecutionContext.Run(ExecutionContext executionContext, ContextCallback callback, Object state)
   in System.Net.TlsStream.ProcessAuthentication(LazyAsyncResult result)
   in System.Net.TlsStream.Write(Byte[] buffer, Int32 offset, Int32 size)
   in System.Net.PooledStream.Write(Byte[] buffer, Int32 offset, Int32 size)
   in System.Net.ConnectStream.WriteHeaders(Boolean async)
   --- Fine della traccia dello stack dell'eccezione interna ---
   in System.Net.WebClient.DownloadDataInternal(Uri address, WebRequest& request)
   in System.Net.WebClient.DownloadString(Uri address)
   in System.Net.WebClient.DownloadString(String address)
   in Nova.LCT.GigabitSystem.CloudServerManager.BackupRestoreHttpClient.<>c__DisplayClass24_0.<ReturnNodeIndex>b__0()
2026-02-18 18:00:07,118 [22] ERROR -  >>  >> TraceInfo >> 0 >>  >> LCTServerMessageProxy >>OnHandshakeServerPrivderCallback: ???460924,???460924
2026-02-18 18:00:13,741 [1] ERROR -  >>  >> TraceInfo >> 0 >>  >> LCTServerMessageProxy >>?????????:COM3,
2026-02-18 18:00:13,748 [1] ERROR -  >>  >> TraceInfo >> 0 >>  >> LCTServerMessageProxy >>?????????:
2026-02-18 18:00:13,749 [1] ERROR -  >>  >> OnCompleteConnectAllController >> 0 >> ??????????
2026-02-18 18:00:13,750 [1] ERROR -  >>  >> ChangeDeviceList >> 0 >> equipmentTable.count:0
2026-02-18 18:00:13,758 [1] ERROR -  >>  >> OnDeviceChangeEvent >> 0 >> ????:??????, ????:0 
2026-02-18 18:00:17,139 [8] ERROR -  >>  >> TraceInfo >> 0 >>  >> LCTServerMessageProxy >>OnHandshakeServerPrivderCallback: ???460924,???460924
2026-02-18 18:00:27,143 [8] ERROR -  >>  >> TraceInfo >> 0 >>  >> LCTServerMessageProxy >>OnHandshakeServerPrivderCallback: ???460924,???460924
2026-02-18 18:00:37,158 [8] ERROR -  >>  >> TraceInfo >> 0 >>  >> LCTServerMessageProxy >>OnHandshakeServerPrivderCallback: ???460924,???460924
2026-02-18 18:00:47,173 [12] ERROR -  >>  >> TraceInfo >> 0 >>  >> LCTServerMessageProxy >>OnHandshakeServerPrivderCallback: ???460924,???460924
2026-02-18 18:00:49,265 [1] ERROR -  >>  >> TraceInfo >> 0 >>  >> LCTServerMessageProxy >>?????????:COM3,
2026-02-18 18:00:49,270 [1] ERROR -  >>  >> TraceInfo >> 0 >>  >> LCTServerMessageProxy >>?????????:
2026-02-18 18:00:49,271 [1] ERROR -  >>  >> OnCompleteConnectAllController >> 0 >> ??????????
2026-02-18 18:00:49,271 [1] ERROR -  >>  >> ChangeDeviceList >> 0 >> equipmentTable.count:0
2026-02-18 18:00:49,275 [1] ERROR -  >>  >> OnDeviceChangeEvent >> 0 >> ????:??????, ????:0 
2026-02-18 18:00:57,175 [4] ERROR -  >>  >> TraceInfo >> 0 >>  >> LCTServerMessageProxy >>OnHandshakeServerPrivderCallback: ???460924,???460924
2026-02-18 18:01:07,190 [10] ERROR -  >>  >> TraceInfo >> 0 >>  >> LCTServerMessageProxy >>OnHandshakeServerPrivderCallback: ???460924,???460924
2026-02-18 18:01:17,192 [22] ERROR -  >>  >> TraceInfo >> 0 >>  >> LCTServerMessageProxy >>OnHandshakeServerPrivderCallback: ???460924,???460924
2026-02-18 18:01:24,838 [1] ERROR -  >>  >> TraceInfo >> 0 >>  >> LCTServerMessageProxy >>?????????:COM3,
2026-02-18 18:01:24,841 [1] ERROR -  >>  >> TraceInfo >> 0 >>  >> LCTServerMessageProxy >>?????????:
2026-02-18 18:01:24,842 [1] ERROR -  >>  >> OnCompleteConnectAllController >> 0 >> ??????????
2026-02-18 18:01:24,842 [1] ERROR -  >>  >> ChangeDeviceList >> 0 >> equipmentTable.count:0
2026-02-18 18:01:24,846 [1] ERROR -  >>  >> OnDeviceChangeEvent >> 0 >> ????:??????, ????:0 
2026-02-18 18:55:17,661 [11] ERROR -  >>  >> Login >> 0 >> Lijin Login Error:System.ServiceModel.EndpointNotFoundException: Nessun endpoint in ascolto su net.pipe://localhost/novadata/IDataService in grado di accettare il messaggio. Ciò è spesso causato da un'azione SOAP o un indirizzo non corretto. Per ulteriori dettagli, vedere InnerException, se presente. ---> System.IO.PipeException: Impossibile trovare l'endpoint di pipe 'net.pipe://localhost/novadata/IDataService' nel computer locale. 
   --- Fine della traccia dello stack dell'eccezione interna ---

Server stack trace: 
   in System.ServiceModel.Channels.PipeConnectionInitiator.GetPipeName(Uri uri, IPipeTransportFactorySettings transportFactorySettings)
   in System.ServiceModel.Channels.NamedPipeConnectionPoolRegistry.NamedPipeConnectionPool.GetPoolKey(EndpointAddress address, Uri via)
   in System.ServiceModel.Channels.CommunicationPool`2.TakeConnection(EndpointAddress address, Uri via, TimeSpan timeout, TKey& key)
   in System.ServiceModel.Channels.ConnectionPoolHelper.EstablishConnection(TimeSpan timeout)
   in System.ServiceModel.Channels.ClientFramingDuplexSessionChannel.OnOpen(TimeSpan timeout)
   in System.ServiceModel.Channels.CommunicationObject.Open(TimeSpan timeout)
   in System.ServiceModel.Channels.ServiceChannel.OnOpen(TimeSpan timeout)
   in System.ServiceModel.Channels.CommunicationObject.Open(TimeSpan timeout)
   in System.ServiceModel.Channels.ServiceChannel.CallOpenOnce.System.ServiceModel.Channels.ServiceChannel.ICallOnce.Call(ServiceChannel channel, TimeSpan timeout)
   in System.ServiceModel.Channels.ServiceChannel.CallOnceManager.CallOnce(TimeSpan timeout, CallOnceManager cascade)
   in System.ServiceModel.Channels.ServiceChannel.Call(String action, Boolean oneway, ProxyOperationRuntime operation, Object[] ins, Object[] outs, TimeSpan timeout)
   in System.ServiceModel.Channels.ServiceChannelProxy.InvokeService(IMethodCallMessage methodCall, ProxyOperationRuntime operation)
   in System.ServiceModel.Channels.ServiceChannelProxy.Invoke(IMessage message)

Exception rethrown at [0]: 
   in System.Runtime.Remoting.Proxies.RealProxy.HandleReturnMessage(IMessage reqMsg, IMessage retMsg)
   in System.Runtime.Remoting.Proxies.RealProxy.PrivateInvoke(MessageData& msgData, Int32 type)
   in Nova.Monitoring.Common.IDataService.Login(String name)
   in Nova.Monitoring.Common.DataClientBaseNew.Login(String name)
2026-02-18 18:55:17,677 [11] ERROR -  >>  >> Hello >> 0 >> Hello Error:System.ServiceModel.CommunicationObjectFaultedException: Impossibile utilizzare l'oggetto di comunicazione, System.ServiceModel.Channels.ServiceChannel, per la comunicazione perché è nello stato Faulted.

Server stack trace: 
   in System.ServiceModel.Channels.CommunicationObject.ThrowIfDisposedOrNotOpen()
   in System.ServiceModel.Channels.ServiceChannel.Call(String action, Boolean oneway, ProxyOperationRuntime operation, Object[] ins, Object[] outs, TimeSpan timeout)
   in System.ServiceModel.Channels.ServiceChannelProxy.InvokeService(IMethodCallMessage methodCall, ProxyOperationRuntime operation)
   in System.ServiceModel.Channels.ServiceChannelProxy.Invoke(IMessage message)

Exception rethrown at [0]: 
   in System.Runtime.Remoting.Proxies.RealProxy.HandleReturnMessage(IMessage reqMsg, IMessage retMsg)
   in System.Runtime.Remoting.Proxies.RealProxy.PrivateInvoke(MessageData& msgData, Int32 type)
   in Nova.Monitoring.Common.IDataService.Hello()
   in Nova.Monitoring.Common.DataClientBaseNew.Hello()
2026-02-18 18:55:17,686 [11] ERROR -  >>  >> Login >> 0 >> Lijin Login Error:System.ServiceModel.EndpointNotFoundException: Nessun endpoint in ascolto su net.pipe://localhost/novadata/IDataService in grado di accettare il messaggio. Ciò è spesso causato da un'azione SOAP o un indirizzo non corretto. Per ulteriori dettagli, vedere InnerException, se presente. ---> System.IO.PipeException: Impossibile trovare l'endpoint di pipe 'net.pipe://localhost/novadata/IDataService' nel computer locale. 
   --- Fine della traccia dello stack dell'eccezione interna ---

Server stack trace: 
   in System.ServiceModel.Channels.PipeConnectionInitiator.GetPipeName(Uri uri, IPipeTransportFactorySettings transportFactorySettings)
   in System.ServiceModel.Channels.NamedPipeConnectionPoolRegistry.NamedPipeConnectionPool.GetPoolKey(EndpointAddress address, Uri via)
   in System.ServiceModel.Channels.CommunicationPool`2.TakeConnection(EndpointAddress address, Uri via, TimeSpan timeout, TKey& key)
   in System.ServiceModel.Channels.ConnectionPoolHelper.EstablishConnection(TimeSpan timeout)
   in System.ServiceModel.Channels.ClientFramingDuplexSessionChannel.OnOpen(TimeSpan timeout)
   in System.ServiceModel.Channels.CommunicationObject.Open(TimeSpan timeout)
   in System.ServiceModel.Channels.ServiceChannel.OnOpen(TimeSpan timeout)
   in System.ServiceModel.Channels.CommunicationObject.Open(TimeSpan timeout)
   in System.ServiceModel.Channels.ServiceChannel.CallOpenOnce.System.ServiceModel.Channels.ServiceChannel.ICallOnce.Call(ServiceChannel channel, TimeSpan timeout)
   in System.ServiceModel.Channels.ServiceChannel.CallOnceManager.CallOnce(TimeSpan timeout, CallOnceManager cascade)
   in System.ServiceModel.Channels.ServiceChannel.Call(String action, Boolean oneway, ProxyOperationRuntime operation, Object[] ins, Object[] outs, TimeSpan timeout)
   in System.ServiceModel.Channels.ServiceChannelProxy.InvokeService(IMethodCallMessage methodCall, ProxyOperationRuntime operation)
   in System.ServiceModel.Channels.ServiceChannelProxy.Invoke(IMessage message)

Exception rethrown at [0]: 
   in System.Runtime.Remoting.Proxies.RealProxy.HandleReturnMessage(IMessage reqMsg, IMessage retMsg)
   in System.Runtime.Remoting.Proxies.RealProxy.PrivateInvoke(MessageData& msgData, Int32 type)
   in Nova.Monitoring.Common.IDataService.Login(String name)
   in Nova.Monitoring.Common.DataClientBaseNew.Login(String name)
2026-02-18 18:55:18,551 [11] ERROR -  >>  >> ExecuteCommand >> 0 >> System.ServiceModel.CommunicationObjectFaultedException: Impossibile utilizzare l'oggetto di comunicazione, System.ServiceModel.Channels.ServiceChannel, per la comunicazione perché è nello stato Faulted.

Server stack trace: 
   in System.ServiceModel.Channels.CommunicationObject.ThrowIfDisposedOrNotOpen()
   in System.ServiceModel.Channels.ServiceChannel.Call(String action, Boolean oneway, ProxyOperationRuntime operation, Object[] ins, Object[] outs, TimeSpan timeout)
   in System.ServiceModel.Channels.ServiceChannelProxy.InvokeService(IMethodCallMessage methodCall, ProxyOperationRuntime operation)
   in System.ServiceModel.Channels.ServiceChannelProxy.Invoke(IMessage message)

Exception rethrown at [0]: 
   in System.Runtime.Remoting.Proxies.RealProxy.HandleReturnMessage(IMessage reqMsg, IMessage retMsg)
   in System.Runtime.Remoting.Proxies.RealProxy.PrivateInvoke(MessageData& msgData, Int32 type)
   in Nova.Monitoring.Common.IDataService.ExecuteCommand(Int32 code, String data)
   in Nova.LCT.GigabitSystem.MonitorClientManager.MonitorClient.ExecuteCommand(Int32 code, String data, Boolean catchError)
2026-02-18 18:55:18,695 [11] ERROR -  >>  >> Hello >> 0 >> Hello Error:System.ServiceModel.CommunicationObjectFaultedException: Impossibile utilizzare l'oggetto di comunicazione, System.ServiceModel.Channels.ServiceChannel, per la comunicazione perché è nello stato Faulted.

Server stack trace: 
   in System.ServiceModel.Channels.CommunicationObject.ThrowIfDisposedOrNotOpen()
   in System.ServiceModel.Channels.ServiceChannel.Call(String action, Boolean oneway, ProxyOperationRuntime operation, Object[] ins, Object[] outs, TimeSpan timeout)
   in System.ServiceModel.Channels.ServiceChannelProxy.InvokeService(IMethodCallMessage methodCall, ProxyOperationRuntime operation)
   in System.ServiceModel.Channels.ServiceChannelProxy.Invoke(IMessage message)

Exception rethrown at [0]: 
   in System.Runtime.Remoting.Proxies.RealProxy.HandleReturnMessage(IMessage reqMsg, IMessage retMsg)
   in System.Runtime.Remoting.Proxies.RealProxy.PrivateInvoke(MessageData& msgData, Int32 type)
   in Nova.Monitoring.Common.IDataService.Hello()
   in Nova.Monitoring.Common.DataClientBaseNew.Hello()
2026-02-18 18:55:18,701 [11] ERROR -  >>  >> Login >> 0 >> Lijin Login Error:System.ServiceModel.EndpointNotFoundException: Nessun endpoint in ascolto su net.pipe://localhost/novadata/IDataService in grado di accettare il messaggio. Ciò è spesso causato da un'azione SOAP o un indirizzo non corretto. Per ulteriori dettagli, vedere InnerException, se presente. ---> System.IO.PipeException: Impossibile trovare l'endpoint di pipe 'net.pipe://localhost/novadata/IDataService' nel computer locale. 
   --- Fine della traccia dello stack dell'eccezione interna ---

Server stack trace: 
   in System.ServiceModel.Channels.PipeConnectionInitiator.GetPipeName(Uri uri, IPipeTransportFactorySettings transportFactorySettings)
   in System.ServiceModel.Channels.NamedPipeConnectionPoolRegistry.NamedPipeConnectionPool.GetPoolKey(EndpointAddress address, Uri via)
   in System.ServiceModel.Channels.CommunicationPool`2.TakeConnection(EndpointAddress address, Uri via, TimeSpan timeout, TKey& key)
   in System.ServiceModel.Channels.ConnectionPoolHelper.EstablishConnection(TimeSpan timeout)
   in System.ServiceModel.Channels.ClientFramingDuplexSessionChannel.OnOpen(TimeSpan timeout)
   in System.ServiceModel.Channels.CommunicationObject.Open(TimeSpan timeout)
   in System.ServiceModel.Channels.ServiceChannel.OnOpen(TimeSpan timeout)
   in System.ServiceModel.Channels.CommunicationObject.Open(TimeSpan timeout)
   in System.ServiceModel.Channels.ServiceChannel.CallOpenOnce.System.ServiceModel.Channels.ServiceChannel.ICallOnce.Call(ServiceChannel channel, TimeSpan timeout)
   in System.ServiceModel.Channels.ServiceChannel.CallOnceManager.CallOnce(TimeSpan timeout, CallOnceManager cascade)
   in System.ServiceModel.Channels.ServiceChannel.Call(String action, Boolean oneway, ProxyOperationRuntime operation, Object[] ins, Object[] outs, TimeSpan timeout)
   in System.ServiceModel.Channels.ServiceChannelProxy.InvokeService(IMethodCallMessage methodCall, ProxyOperationRuntime operation)
   in System.ServiceModel.Channels.ServiceChannelProxy.Invoke(IMessage message)

Exception rethrown at [0]: 
   in System.Runtime.Remoting.Proxies.RealProxy.HandleReturnMessage(IMessage reqMsg, IMessage retMsg)
   in System.Runtime.Remoting.Proxies.RealProxy.PrivateInvoke(MessageData& msgData, Int32 type)
   in Nova.Monitoring.Common.IDataService.Login(String name)
   in Nova.Monitoring.Common.DataClientBaseNew.Login(String name)
2026-02-18 18:55:19,262 [1] ERROR -  >>  >> TraceInfo >> 0 >>  >> LCTServerMessageProxy >>?????????:,3.1.1
2026-02-18 18:55:19,686 [22] ERROR -  >>  >> TraceInfo >> 0 >>  >> LCTServerMessageProxy >>OnHandshakeServerPrivderCallback: ???2229872,???2229872
2026-02-18 18:55:19,834 [5] ERROR -  >>  >> OnEquipmentChangeEvent >> 0 >> ?????????
2026-02-18 18:55:19,977 [1] ERROR -  >>  >> ChangeDeviceList >> 0 >> equipmentTable.count:0
2026-02-18 18:55:19,989 [5] ERROR -  >>  >> OnEquipmentChangeEvent >> 0 >> ????,???0!!!
2026-02-18 18:55:24,650 [1] ERROR -  >>  >> TraceInfo >> 0 >>  >> LCTServerMessageProxy >>?????????:COM3,
2026-02-18 18:55:24,657 [1] ERROR -  >>  >> TraceInfo >> 0 >>  >> LCTServerMessageProxy >>?????????:
2026-02-18 18:55:24,659 [1] ERROR -  >>  >> OnCompleteConnectAllController >> 0 >> ??????????
2026-02-18 18:55:24,660 [1] ERROR -  >>  >> ChangeDeviceList >> 0 >> equipmentTable.count:0
2026-02-18 18:55:24,665 [1] ERROR -  >>  >> OnDeviceChangeEvent >> 0 >> ????:??????, ????:0 
2026-02-18 18:55:24,672 [1] ERROR -  >>  >> TraceInfo >> 0 >>  >> LCTServerMessageProxy >>?????????:
2026-02-18 18:55:24,674 [1] ERROR -  >>  >> OnEquipmentChangeEvent >> 0 >> ?????????
2026-02-18 18:55:24,675 [1] ERROR -  >>  >> ChangeDeviceList >> 0 >> equipmentTable.count:0
2026-02-18 18:55:24,679 [1] ERROR -  >>  >> OnEquipmentChangeEvent >> 0 >> ????,???0!!!
2026-02-18 18:55:29,693 [8] ERROR -  >>  >> TraceInfo >> 0 >>  >> LCTServerMessageProxy >>OnHandshakeServerPrivderCallback: ???2229872,???2229872
2026-02-18 18:55:35,258 [22] ERROR -  >>  >> GetHttpResponse >> 0 >> System.UriFormatException: URI non valido: impossibile determinare il formato dell'URI.
   in System.Uri.CreateThis(String uri, Boolean dontEscape, UriKind uriKind)
   in System.Uri..ctor(String uriString)
   in System.Net.WebRequest.Create(String requestUriString)
   in Nova.LCT.GigabitSystem.CloudServerManager.HttpClientbase.GetHttpResponse(String url)
2026-02-18 18:55:35,259 [22] ERROR -  >>  >> GetHttpResponse >> 0 >> System.UriFormatException: URI non valido: impossibile determinare il formato dell'URI.
   in System.Uri.CreateThis(String uri, Boolean dontEscape, UriKind uriKind)
   in System.Uri..ctor(String uriString)
   in System.Net.WebRequest.Create(String requestUriString)
   in Nova.LCT.GigabitSystem.CloudServerManager.HttpClientbase.GetHttpResponse(String url)
2026-02-18 18:55:35,259 [22] ERROR -  >>  >> GetHttpResponse >> 0 >> System.UriFormatException: URI non valido: impossibile determinare il formato dell'URI.
   in System.Uri.CreateThis(String uri, Boolean dontEscape, UriKind uriKind)
   in System.Uri..ctor(String uriString)
   in System.Net.WebRequest.Create(String requestUriString)
   in Nova.LCT.GigabitSystem.CloudServerManager.HttpClientbase.GetHttpResponse(String url)
2026-02-18 18:55:35,416 [4] ERROR -  >>  >> <ReturnNodeIndex>b__0 >> 0 >> System.Net.WebException: Connessione sottostante chiusa: Errore imprevisto durante un'operazione di ricezione.. ---> System.ComponentModel.Win32Exception: Client e server non possono comunicare perché non dispongono di un algoritmo comune
   in System.Net.SSPIWrapper.AcquireCredentialsHandle(SSPIInterface SecModule, String package, CredentialUse intent, SecureCredential scc)
   in System.Net.Security.SecureChannel.AcquireCredentialsHandle(CredentialUse credUsage, SecureCredential& secureCredential)
   in System.Net.Security.SecureChannel.AcquireCredentialsHandle(CredentialUse credUsage, X509Certificate2 selectedCert, Flags flags)
   in System.Net.Security.SecureChannel.AcquireClientCredentials(Byte[]& thumbPrint)
   in System.Net.Security.SecureChannel.GenerateToken(Byte[] input, Int32 offset, Int32 count, Byte[]& output)
   in System.Net.Security.SecureChannel.NextMessage(Byte[] incoming, Int32 offset, Int32 count)
   in System.Net.Security.SslState.StartSendBlob(Byte[] incoming, Int32 count, AsyncProtocolRequest asyncRequest, Boolean renegotiation)
   in System.Net.Security.SslState.ForceAuthentication(Boolean receiveFirst, Byte[] buffer, AsyncProtocolRequest asyncRequest, Boolean renegotiation)
   in System.Net.Security.SslState.ProcessAuthentication(LazyAsyncResult lazyResult)
   in System.Net.TlsStream.CallProcessAuthentication(Object state)
   in System.Threading.ExecutionContext.RunInternal(ExecutionContext executionContext, ContextCallback callback, Object state, Boolean preserveSyncCtx)
   in System.Threading.ExecutionContext.Run(ExecutionContext executionContext, ContextCallback callback, Object state, Boolean preserveSyncCtx)
   in System.Threading.ExecutionContext.Run(ExecutionContext executionContext, ContextCallback callback, Object state)
   in System.Net.TlsStream.ProcessAuthentication(LazyAsyncResult result)
   in System.Net.TlsStream.Write(Byte[] buffer, Int32 offset, Int32 size)
   in System.Net.PooledStream.Write(Byte[] buffer, Int32 offset, Int32 size)
   in System.Net.ConnectStream.WriteHeaders(Boolean async)
   --- Fine della traccia dello stack dell'eccezione interna ---
   in System.Net.WebClient.DownloadDataInternal(Uri address, WebRequest& request)
   in System.Net.WebClient.DownloadString(Uri address)
   in System.Net.WebClient.DownloadString(String address)
   in Nova.LCT.GigabitSystem.CloudServerManager.BackupRestoreHttpClient.<>c__DisplayClass24_0.<ReturnNodeIndex>b__0()
2026-02-18 18:55:37,260 [6] ERROR -  >>  >> <UploadBakFile>b__0 >> 0 >> ?LCT????????????? -- Sleep Finished
2026-02-18 18:55:39,694 [6] ERROR -  >>  >> TraceInfo >> 0 >>  >> LCTServerMessageProxy >>OnHandshakeServerPrivderCallback: ???2229872,???2229872
2026-02-18 18:55:49,697 [22] ERROR -  >>  >> TraceInfo >> 0 >>  >> LCTServerMessageProxy >>OnHandshakeServerPrivderCallback: ???2229872,???2229872
2026-02-18 18:55:54,053 [11] ERROR -  >>  >> Hello >> 0 >> Hello Error:System.ServiceModel.CommunicationObjectFaultedException: Impossibile utilizzare l'oggetto di comunicazione, System.ServiceModel.Channels.ServiceChannel, per la comunicazione perché è nello stato Faulted.

Server stack trace: 
   in System.ServiceModel.Channels.CommunicationObject.ThrowIfDisposedOrNotOpen()
   in System.ServiceModel.Channels.ServiceChannel.Call(String action, Boolean oneway, ProxyOperationRuntime operation, Object[] ins, Object[] outs, TimeSpan timeout)
   in System.ServiceModel.Channels.ServiceChannelProxy.InvokeService(IMethodCallMessage methodCall, ProxyOperationRuntime operation)
   in System.ServiceModel.Channels.ServiceChannelProxy.Invoke(IMessage message)

Exception rethrown at [0]: 
   in System.Runtime.Remoting.Proxies.RealProxy.HandleReturnMessage(IMessage reqMsg, IMessage retMsg)
   in System.Runtime.Remoting.Proxies.RealProxy.PrivateInvoke(MessageData& msgData, Int32 type)
   in Nova.Monitoring.Common.IDataService.Hello()
   in Nova.Monitoring.Common.DataClientBaseNew.Hello()
2026-02-18 18:55:54,057 [11] ERROR -  >>  >> Login >> 0 >> Lijin Login Error:System.ServiceModel.EndpointNotFoundException: Nessun endpoint in ascolto su net.pipe://localhost/novadata/IDataService in grado di accettare il messaggio. Ciò è spesso causato da un'azione SOAP o un indirizzo non corretto. Per ulteriori dettagli, vedere InnerException, se presente. ---> System.IO.PipeException: Impossibile trovare l'endpoint di pipe 'net.pipe://localhost/novadata/IDataService' nel computer locale. 
   --- Fine della traccia dello stack dell'eccezione interna ---

Server stack trace: 
   in System.ServiceModel.Channels.PipeConnectionInitiator.GetPipeName(Uri uri, IPipeTransportFactorySettings transportFactorySettings)
   in System.ServiceModel.Channels.PipeConnectionInitiator.PrepareConnect(Uri remoteUri, TimeSpan timeout, String& resolvedAddress, BackoffTimeoutHelper& backoffHelper)
   in System.ServiceModel.Channels.PipeConnectionInitiator.Connect(Uri remoteUri, TimeSpan timeout)
   in System.ServiceModel.Channels.BufferedConnectionInitiator.Connect(Uri uri, TimeSpan timeout)
   in System.ServiceModel.Channels.ConnectionPoolHelper.EstablishConnection(TimeSpan timeout)
   in System.ServiceModel.Channels.ClientFramingDuplexSessionChannel.OnOpen(TimeSpan timeout)
   in System.ServiceModel.Channels.CommunicationObject.Open(TimeSpan timeout)
   in System.ServiceModel.Channels.ServiceChannel.OnOpen(TimeSpan timeout)
   in System.ServiceModel.Channels.CommunicationObject.Open(TimeSpan timeout)
   in System.ServiceModel.Channels.ServiceChannel.CallOpenOnce.System.ServiceModel.Channels.ServiceChannel.ICallOnce.Call(ServiceChannel channel, TimeSpan timeout)
   in System.ServiceModel.Channels.ServiceChannel.CallOnceManager.CallOnce(TimeSpan timeout, CallOnceManager cascade)
   in System.ServiceModel.Channels.ServiceChannel.Call(String action, Boolean oneway, ProxyOperationRuntime operation, Object[] ins, Object[] outs, TimeSpan timeout)
   in System.ServiceModel.Channels.ServiceChannelProxy.InvokeService(IMethodCallMessage methodCall, ProxyOperationRuntime operation)
   in System.ServiceModel.Channels.ServiceChannelProxy.Invoke(IMessage message)

Exception rethrown at [0]: 
   in System.Runtime.Remoting.Proxies.RealProxy.HandleReturnMessage(IMessage reqMsg, IMessage retMsg)
   in System.Runtime.Remoting.Proxies.RealProxy.PrivateInvoke(MessageData& msgData, Int32 type)
   in Nova.Monitoring.Common.IDataService.Login(String name)
   in Nova.Monitoring.Common.DataClientBaseNew.Login(String name)
2026-02-18 18:55:57,071 [22] ERROR -  >>  >> Hello >> 0 >> Hello Error:System.ServiceModel.CommunicationObjectFaultedException: Impossibile utilizzare l'oggetto di comunicazione, System.ServiceModel.Channels.ServiceChannel, per la comunicazione perché è nello stato Faulted.

Server stack trace: 
   in System.ServiceModel.Channels.CommunicationObject.ThrowIfDisposedOrNotOpen()
   in System.ServiceModel.Channels.ServiceChannel.Call(String action, Boolean oneway, ProxyOperationRuntime operation, Object[] ins, Object[] outs, TimeSpan timeout)
   in System.ServiceModel.Channels.ServiceChannelProxy.InvokeService(IMethodCallMessage methodCall, ProxyOperationRuntime operation)
   in System.ServiceModel.Channels.ServiceChannelProxy.Invoke(IMessage message)

Exception rethrown at [0]: 
   in System.Runtime.Remoting.Proxies.RealProxy.HandleReturnMessage(IMessage reqMsg, IMessage retMsg)
   in System.Runtime.Remoting.Proxies.RealProxy.PrivateInvoke(MessageData& msgData, Int32 type)
   in Nova.Monitoring.Common.IDataService.Hello()
   in Nova.Monitoring.Common.DataClientBaseNew.Hello()
2026-02-18 18:55:57,074 [22] ERROR -  >>  >> Login >> 0 >> Lijin Login Error:System.ServiceModel.EndpointNotFoundException: Nessun endpoint in ascolto su net.pipe://localhost/novadata/IDataService in grado di accettare il messaggio. Ciò è spesso causato da un'azione SOAP o un indirizzo non corretto. Per ulteriori dettagli, vedere InnerException, se presente. ---> System.IO.PipeException: Impossibile trovare l'endpoint di pipe 'net.pipe://localhost/novadata/IDataService' nel computer locale. 
   --- Fine della traccia dello stack dell'eccezione interna ---

Server stack trace: 
   in System.ServiceModel.Channels.PipeConnectionInitiator.GetPipeName(Uri uri, IPipeTransportFactorySettings transportFactorySettings)
   in System.ServiceModel.Channels.PipeConnectionInitiator.PrepareConnect(Uri remoteUri, TimeSpan timeout, String& resolvedAddress, BackoffTimeoutHelper& backoffHelper)
   in System.ServiceModel.Channels.PipeConnectionInitiator.Connect(Uri remoteUri, TimeSpan timeout)
   in System.ServiceModel.Channels.BufferedConnectionInitiator.Connect(Uri uri, TimeSpan timeout)
   in System.ServiceModel.Channels.ConnectionPoolHelper.EstablishConnection(TimeSpan timeout)
   in System.ServiceModel.Channels.ClientFramingDuplexSessionChannel.OnOpen(TimeSpan timeout)
   in System.ServiceModel.Channels.CommunicationObject.Open(TimeSpan timeout)
   in System.ServiceModel.Channels.ServiceChannel.OnOpen(TimeSpan timeout)
   in System.ServiceModel.Channels.CommunicationObject.Open(TimeSpan timeout)
   in System.ServiceModel.Channels.ServiceChannel.CallOpenOnce.System.ServiceModel.Channels.ServiceChannel.ICallOnce.Call(ServiceChannel channel, TimeSpan timeout)
   in System.ServiceModel.Channels.ServiceChannel.CallOnceManager.CallOnce(TimeSpan timeout, CallOnceManager cascade)
   in System.ServiceModel.Channels.ServiceChannel.Call(String action, Boolean oneway, ProxyOperationRuntime operation, Object[] ins, Object[] outs, TimeSpan timeout)
   in System.ServiceModel.Channels.ServiceChannelProxy.InvokeService(IMethodCallMessage methodCall, ProxyOperationRuntime operation)
   in System.ServiceModel.Channels.ServiceChannelProxy.Invoke(IMessage message)

Exception rethrown at [0]: 
   in System.Runtime.Remoting.Proxies.RealProxy.HandleReturnMessage(IMessage reqMsg, IMessage retMsg)
   in System.Runtime.Remoting.Proxies.RealProxy.PrivateInvoke(MessageData& msgData, Int32 type)
   in Nova.Monitoring.Common.IDataService.Login(String name)
   in Nova.Monitoring.Common.DataClientBaseNew.Login(String name)
2026-02-18 18:56:06,877 [12] ERROR -  >>  >> Login >> 0 >> Lijin Login Error:System.ServiceModel.EndpointNotFoundException: Nessun endpoint in ascolto su net.pipe://localhost/novadata/IDataService in grado di accettare il messaggio. Ciò è spesso causato da un'azione SOAP o un indirizzo non corretto. Per ulteriori dettagli, vedere InnerException, se presente. ---> System.IO.PipeException: Impossibile trovare l'endpoint di pipe 'net.pipe://localhost/novadata/IDataService' nel computer locale. 
   --- Fine della traccia dello stack dell'eccezione interna ---

Server stack trace: 
   in System.ServiceModel.Channels.PipeConnectionInitiator.GetPipeName(Uri uri, IPipeTransportFactorySettings transportFactorySettings)
   in System.ServiceModel.Channels.NamedPipeConnectionPoolRegistry.NamedPipeConnectionPool.GetPoolKey(EndpointAddress address, Uri via)
   in System.ServiceModel.Channels.CommunicationPool`2.TakeConnection(EndpointAddress address, Uri via, TimeSpan timeout, TKey& key)
   in System.ServiceModel.Channels.ConnectionPoolHelper.EstablishConnection(TimeSpan timeout)
   in System.ServiceModel.Channels.ClientFramingDuplexSessionChannel.OnOpen(TimeSpan timeout)
   in System.ServiceModel.Channels.CommunicationObject.Open(TimeSpan timeout)
   in System.ServiceModel.Channels.ServiceChannel.OnOpen(TimeSpan timeout)
   in System.ServiceModel.Channels.CommunicationObject.Open(TimeSpan timeout)
   in System.ServiceModel.Channels.ServiceChannel.CallOpenOnce.System.ServiceModel.Channels.ServiceChannel.ICallOnce.Call(ServiceChannel channel, TimeSpan timeout)
   in System.ServiceModel.Channels.ServiceChannel.CallOnceManager.CallOnce(TimeSpan timeout, CallOnceManager cascade)
   in System.ServiceModel.Channels.ServiceChannel.Call(String action, Boolean oneway, ProxyOperationRuntime operation, Object[] ins, Object[] outs, TimeSpan timeout)
   in System.ServiceModel.Channels.ServiceChannelProxy.InvokeService(IMethodCallMessage methodCall, ProxyOperationRuntime operation)
   in System.ServiceModel.Channels.ServiceChannelProxy.Invoke(IMessage message)

Exception rethrown at [0]: 
   in System.Runtime.Remoting.Proxies.RealProxy.HandleReturnMessage(IMessage reqMsg, IMessage retMsg)
   in System.Runtime.Remoting.Proxies.RealProxy.PrivateInvoke(MessageData& msgData, Int32 type)
   in Nova.Monitoring.Common.IDataService.Login(String name)
   in Nova.Monitoring.Common.DataClientBaseNew.Login(String name)
2026-02-18 18:56:06,908 [12] ERROR -  >>  >> Hello >> 0 >> Hello Error:System.ServiceModel.CommunicationObjectFaultedException: Impossibile utilizzare l'oggetto di comunicazione, System.ServiceModel.Channels.ServiceChannel, per la comunicazione perché è nello stato Faulted.

Server stack trace: 
   in System.ServiceModel.Channels.CommunicationObject.ThrowIfDisposedOrNotOpen()
   in System.ServiceModel.Channels.ServiceChannel.Call(String action, Boolean oneway, ProxyOperationRuntime operation, Object[] ins, Object[] outs, TimeSpan timeout)
   in System.ServiceModel.Channels.ServiceChannelProxy.InvokeService(IMethodCallMessage methodCall, ProxyOperationRuntime operation)
   in System.ServiceModel.Channels.ServiceChannelProxy.Invoke(IMessage message)

Exception rethrown at [0]: 
   in System.Runtime.Remoting.Proxies.RealProxy.HandleReturnMessage(IMessage reqMsg, IMessage retMsg)
   in System.Runtime.Remoting.Proxies.RealProxy.PrivateInvoke(MessageData& msgData, Int32 type)
   in Nova.Monitoring.Common.IDataService.Hello()
   in Nova.Monitoring.Common.DataClientBaseNew.Hello()
2026-02-18 18:56:06,917 [12] ERROR -  >>  >> Login >> 0 >> Lijin Login Error:System.ServiceModel.EndpointNotFoundException: Nessun endpoint in ascolto su net.pipe://localhost/novadata/IDataService in grado di accettare il messaggio. Ciò è spesso causato da un'azione SOAP o un indirizzo non corretto. Per ulteriori dettagli, vedere InnerException, se presente. ---> System.IO.PipeException: Impossibile trovare l'endpoint di pipe 'net.pipe://localhost/novadata/IDataService' nel computer locale. 
   --- Fine della traccia dello stack dell'eccezione interna ---

Server stack trace: 
   in System.ServiceModel.Channels.PipeConnectionInitiator.GetPipeName(Uri uri, IPipeTransportFactorySettings transportFactorySettings)
   in System.ServiceModel.Channels.NamedPipeConnectionPoolRegistry.NamedPipeConnectionPool.GetPoolKey(EndpointAddress address, Uri via)
   in System.ServiceModel.Channels.CommunicationPool`2.TakeConnection(EndpointAddress address, Uri via, TimeSpan timeout, TKey& key)
   in System.ServiceModel.Channels.ConnectionPoolHelper.EstablishConnection(TimeSpan timeout)
   in System.ServiceModel.Channels.ClientFramingDuplexSessionChannel.OnOpen(TimeSpan timeout)
   in System.ServiceModel.Channels.CommunicationObject.Open(TimeSpan timeout)
   in System.ServiceModel.Channels.ServiceChannel.OnOpen(TimeSpan timeout)
   in System.ServiceModel.Channels.CommunicationObject.Open(TimeSpan timeout)
   in System.ServiceModel.Channels.ServiceChannel.CallOpenOnce.System.ServiceModel.Channels.ServiceChannel.ICallOnce.Call(ServiceChannel channel, TimeSpan timeout)
   in System.ServiceModel.Channels.ServiceChannel.CallOnceManager.CallOnce(TimeSpan timeout, CallOnceManager cascade)
   in System.ServiceModel.Channels.ServiceChannel.Call(String action, Boolean oneway, ProxyOperationRuntime operation, Object[] ins, Object[] outs, TimeSpan timeout)
   in System.ServiceModel.Channels.ServiceChannelProxy.InvokeService(IMethodCallMessage methodCall, ProxyOperationRuntime operation)
   in System.ServiceModel.Channels.ServiceChannelProxy.Invoke(IMessage message)

Exception rethrown at [0]: 
   in System.Runtime.Remoting.Proxies.RealProxy.HandleReturnMessage(IMessage reqMsg, IMessage retMsg)
   in System.Runtime.Remoting.Proxies.RealProxy.PrivateInvoke(MessageData& msgData, Int32 type)
   in Nova.Monitoring.Common.IDataService.Login(String name)
   in Nova.Monitoring.Common.DataClientBaseNew.Login(String name)
2026-02-18 18:56:07,769 [12] ERROR -  >>  >> ExecuteCommand >> 0 >> System.ServiceModel.CommunicationObjectFaultedException: Impossibile utilizzare l'oggetto di comunicazione, System.ServiceModel.Channels.ServiceChannel, per la comunicazione perché è nello stato Faulted.

Server stack trace: 
   in System.ServiceModel.Channels.CommunicationObject.ThrowIfDisposedOrNotOpen()
   in System.ServiceModel.Channels.ServiceChannel.Call(String action, Boolean oneway, ProxyOperationRuntime operation, Object[] ins, Object[] outs, TimeSpan timeout)
   in System.ServiceModel.Channels.ServiceChannelProxy.InvokeService(IMethodCallMessage methodCall, ProxyOperationRuntime operation)
   in System.ServiceModel.Channels.ServiceChannelProxy.Invoke(IMessage message)

Exception rethrown at [0]: 
   in System.Runtime.Remoting.Proxies.RealProxy.HandleReturnMessage(IMessage reqMsg, IMessage retMsg)
   in System.Runtime.Remoting.Proxies.RealProxy.PrivateInvoke(MessageData& msgData, Int32 type)
   in Nova.Monitoring.Common.IDataService.ExecuteCommand(Int32 code, String data)
   in Nova.LCT.GigabitSystem.MonitorClientManager.MonitorClient.ExecuteCommand(Int32 code, String data, Boolean catchError)
2026-02-18 18:56:07,922 [12] ERROR -  >>  >> Hello >> 0 >> Hello Error:System.ServiceModel.CommunicationObjectFaultedException: Impossibile utilizzare l'oggetto di comunicazione, System.ServiceModel.Channels.ServiceChannel, per la comunicazione perché è nello stato Faulted.

Server stack trace: 
   in System.ServiceModel.Channels.CommunicationObject.ThrowIfDisposedOrNotOpen()
   in System.ServiceModel.Channels.ServiceChannel.Call(String action, Boolean oneway, ProxyOperationRuntime operation, Object[] ins, Object[] outs, TimeSpan timeout)
   in System.ServiceModel.Channels.ServiceChannelProxy.InvokeService(IMethodCallMessage methodCall, ProxyOperationRuntime operation)
   in System.ServiceModel.Channels.ServiceChannelProxy.Invoke(IMessage message)

Exception rethrown at [0]: 
   in System.Runtime.Remoting.Proxies.RealProxy.HandleReturnMessage(IMessage reqMsg, IMessage retMsg)
   in System.Runtime.Remoting.Proxies.RealProxy.PrivateInvoke(MessageData& msgData, Int32 type)
   in Nova.Monitoring.Common.IDataService.Hello()
   in Nova.Monitoring.Common.DataClientBaseNew.Hello()
2026-02-18 18:56:07,928 [12] ERROR -  >>  >> Login >> 0 >> Lijin Login Error:System.ServiceModel.EndpointNotFoundException: Nessun endpoint in ascolto su net.pipe://localhost/novadata/IDataService in grado di accettare il messaggio. Ciò è spesso causato da un'azione SOAP o un indirizzo non corretto. Per ulteriori dettagli, vedere InnerException, se presente. ---> System.IO.PipeException: Impossibile trovare l'endpoint di pipe 'net.pipe://localhost/novadata/IDataService' nel computer locale. 
   --- Fine della traccia dello stack dell'eccezione interna ---

Server stack trace: 
   in System.ServiceModel.Channels.PipeConnectionInitiator.GetPipeName(Uri uri, IPipeTransportFactorySettings transportFactorySettings)
   in System.ServiceModel.Channels.NamedPipeConnectionPoolRegistry.NamedPipeConnectionPool.GetPoolKey(EndpointAddress address, Uri via)
   in System.ServiceModel.Channels.CommunicationPool`2.TakeConnection(EndpointAddress address, Uri via, TimeSpan timeout, TKey& key)
   in System.ServiceModel.Channels.ConnectionPoolHelper.EstablishConnection(TimeSpan timeout)
   in System.ServiceModel.Channels.ClientFramingDuplexSessionChannel.OnOpen(TimeSpan timeout)
   in System.ServiceModel.Channels.CommunicationObject.Open(TimeSpan timeout)
   in System.ServiceModel.Channels.ServiceChannel.OnOpen(TimeSpan timeout)
   in System.ServiceModel.Channels.CommunicationObject.Open(TimeSpan timeout)
   in System.ServiceModel.Channels.ServiceChannel.CallOpenOnce.System.ServiceModel.Channels.ServiceChannel.ICallOnce.Call(ServiceChannel channel, TimeSpan timeout)
   in System.ServiceModel.Channels.ServiceChannel.CallOnceManager.CallOnce(TimeSpan timeout, CallOnceManager cascade)
   in System.ServiceModel.Channels.ServiceChannel.Call(String action, Boolean oneway, ProxyOperationRuntime operation, Object[] ins, Object[] outs, TimeSpan timeout)
   in System.ServiceModel.Channels.ServiceChannelProxy.InvokeService(IMethodCallMessage methodCall, ProxyOperationRuntime operation)
   in System.ServiceModel.Channels.ServiceChannelProxy.Invoke(IMessage message)

Exception rethrown at [0]: 
   in System.Runtime.Remoting.Proxies.RealProxy.HandleReturnMessage(IMessage reqMsg, IMessage retMsg)
   in System.Runtime.Remoting.Proxies.RealProxy.PrivateInvoke(MessageData& msgData, Int32 type)
   in Nova.Monitoring.Common.IDataService.Login(String name)
   in Nova.Monitoring.Common.DataClientBaseNew.Login(String name)
2026-02-18 18:56:08,486 [1] ERROR -  >>  >> TraceInfo >> 0 >>  >> LCTServerMessageProxy >>?????????:,3.1.1
2026-02-18 18:56:08,896 [22] ERROR -  >>  >> TraceInfo >> 0 >>  >> LCTServerMessageProxy >>OnHandshakeServerPrivderCallback: ???1049738,???1049738
2026-02-18 18:56:09,060 [5] ERROR -  >>  >> OnEquipmentChangeEvent >> 0 >> ?????????
2026-02-18 18:56:09,238 [1] ERROR -  >>  >> ChangeDeviceList >> 0 >> equipmentTable.count:0
2026-02-18 18:56:09,258 [5] ERROR -  >>  >> OnEquipmentChangeEvent >> 0 >> ????,???0!!!
2026-02-18 18:56:13,974 [1] ERROR -  >>  >> TraceInfo >> 0 >>  >> LCTServerMessageProxy >>?????????:COM3,
2026-02-18 18:56:13,979 [1] ERROR -  >>  >> TraceInfo >> 0 >>  >> LCTServerMessageProxy >>?????????:
2026-02-18 18:56:13,981 [1] ERROR -  >>  >> OnCompleteConnectAllController >> 0 >> ??????????
2026-02-18 18:56:13,982 [1] ERROR -  >>  >> ChangeDeviceList >> 0 >> equipmentTable.count:0
2026-02-18 18:56:13,989 [1] ERROR -  >>  >> OnDeviceChangeEvent >> 0 >> ????:??????, ????:0 
2026-02-18 18:56:13,999 [1] ERROR -  >>  >> TraceInfo >> 0 >>  >> LCTServerMessageProxy >>?????????:
2026-02-18 18:56:14,001 [1] ERROR -  >>  >> OnEquipmentChangeEvent >> 0 >> ?????????
2026-02-18 18:56:14,002 [1] ERROR -  >>  >> ChangeDeviceList >> 0 >> equipmentTable.count:0
2026-02-18 18:56:14,007 [1] ERROR -  >>  >> OnEquipmentChangeEvent >> 0 >> ????,???0!!!
2026-02-18 18:56:18,908 [8] ERROR -  >>  >> TraceInfo >> 0 >>  >> LCTServerMessageProxy >>OnHandshakeServerPrivderCallback: ???1049738,???1049738
2026-02-18 18:56:20,167 [8] ERROR -  >>  >> GetHttpResponse >> 0 >> System.UriFormatException: URI non valido: impossibile determinare il formato dell'URI.
   in System.Uri.CreateThis(String uri, Boolean dontEscape, UriKind uriKind)
   in System.Uri..ctor(String uriString)
   in System.Net.WebRequest.Create(String requestUriString)
   in Nova.LCT.GigabitSystem.CloudServerManager.HttpClientbase.GetHttpResponse(String url)
2026-02-18 18:56:20,168 [8] ERROR -  >>  >> GetHttpResponse >> 0 >> System.UriFormatException: URI non valido: impossibile determinare il formato dell'URI.
   in System.Uri.CreateThis(String uri, Boolean dontEscape, UriKind uriKind)
   in System.Uri..ctor(String uriString)
   in System.Net.WebRequest.Create(String requestUriString)
   in Nova.LCT.GigabitSystem.CloudServerManager.HttpClientbase.GetHttpResponse(String url)
2026-02-18 18:56:20,169 [8] ERROR -  >>  >> GetHttpResponse >> 0 >> System.UriFormatException: URI non valido: impossibile determinare il formato dell'URI.
   in System.Uri.CreateThis(String uri, Boolean dontEscape, UriKind uriKind)
   in System.Uri..ctor(String uriString)
   in System.Net.WebRequest.Create(String requestUriString)
   in Nova.LCT.GigabitSystem.CloudServerManager.HttpClientbase.GetHttpResponse(String url)
2026-02-18 18:56:21,130 [23] ERROR -  >>  >> <ReturnNodeIndex>b__0 >> 0 >> System.Net.WebException: Connessione sottostante chiusa: Errore imprevisto durante un'operazione di ricezione.. ---> System.ComponentModel.Win32Exception: Client e server non possono comunicare perché non dispongono di un algoritmo comune
   in System.Net.SSPIWrapper.AcquireCredentialsHandle(SSPIInterface SecModule, String package, CredentialUse intent, SecureCredential scc)
   in System.Net.Security.SecureChannel.AcquireCredentialsHandle(CredentialUse credUsage, SecureCredential& secureCredential)
   in System.Net.Security.SecureChannel.AcquireCredentialsHandle(CredentialUse credUsage, X509Certificate2 selectedCert, Flags flags)
   in System.Net.Security.SecureChannel.AcquireClientCredentials(Byte[]& thumbPrint)
   in System.Net.Security.SecureChannel.GenerateToken(Byte[] input, Int32 offset, Int32 count, Byte[]& output)
   in System.Net.Security.SecureChannel.NextMessage(Byte[] incoming, Int32 offset, Int32 count)
   in System.Net.Security.SslState.StartSendBlob(Byte[] incoming, Int32 count, AsyncProtocolRequest asyncRequest, Boolean renegotiation)
   in System.Net.Security.SslState.ForceAuthentication(Boolean receiveFirst, Byte[] buffer, AsyncProtocolRequest asyncRequest, Boolean renegotiation)
   in System.Net.Security.SslState.ProcessAuthentication(LazyAsyncResult lazyResult)
   in System.Net.TlsStream.CallProcessAuthentication(Object state)
   in System.Threading.ExecutionContext.RunInternal(ExecutionContext executionContext, ContextCallback callback, Object state, Boolean preserveSyncCtx)
   in System.Threading.ExecutionContext.Run(ExecutionContext executionContext, ContextCallback callback, Object state, Boolean preserveSyncCtx)
   in System.Threading.ExecutionContext.Run(ExecutionContext executionContext, ContextCallback callback, Object state)
   in System.Net.TlsStream.ProcessAuthentication(LazyAsyncResult result)
   in System.Net.TlsStream.Write(Byte[] buffer, Int32 offset, Int32 size)
   in System.Net.PooledStream.Write(Byte[] buffer, Int32 offset, Int32 size)
   in System.Net.ConnectStream.WriteHeaders(Boolean async)
   --- Fine della traccia dello stack dell'eccezione interna ---
   in System.Net.WebClient.DownloadDataInternal(Uri address, WebRequest& request)
   in System.Net.WebClient.DownloadString(Uri address)
   in System.Net.WebClient.DownloadString(String address)
   in Nova.LCT.GigabitSystem.CloudServerManager.BackupRestoreHttpClient.<>c__DisplayClass24_0.<ReturnNodeIndex>b__0()
2026-02-18 18:56:26,487 [6] ERROR -  >>  >> <UploadBakFile>b__0 >> 0 >> ?LCT????????????? -- Sleep Finished
2026-02-18 18:56:28,923 [5] ERROR -  >>  >> TraceInfo >> 0 >>  >> LCTServerMessageProxy >>OnHandshakeServerPrivderCallback: ???1049738,???1049738
2026-02-18 18:56:38,928 [23] ERROR -  >>  >> TraceInfo >> 0 >>  >> LCTServerMessageProxy >>OnHandshakeServerPrivderCallback: ???1049738,???0
2026-02-18 18:56:38,932 [23] ERROR -  >>  >> TraceInfo >> 0 >>  >> LCTServerMessageProxy >>????????,????????1,????????:1
2026-02-18 18:56:40,445 [5] ERROR -  >>  >> Hello >> 0 >> Hello Error:System.ServiceModel.CommunicationObjectFaultedException: Impossibile utilizzare l'oggetto di comunicazione, System.ServiceModel.Channels.ServiceChannel, per la comunicazione perché è nello stato Faulted.

Server stack trace: 
   in System.ServiceModel.Channels.CommunicationObject.ThrowIfDisposedOrNotOpen()
   in System.ServiceModel.Channels.ServiceChannel.Call(String action, Boolean oneway, ProxyOperationRuntime operation, Object[] ins, Object[] outs, TimeSpan timeout)
   in System.ServiceModel.Channels.ServiceChannelProxy.InvokeService(IMethodCallMessage methodCall, ProxyOperationRuntime operation)
   in System.ServiceModel.Channels.ServiceChannelProxy.Invoke(IMessage message)

Exception rethrown at [0]: 
   in System.Runtime.Remoting.Proxies.RealProxy.HandleReturnMessage(IMessage reqMsg, IMessage retMsg)
   in System.Runtime.Remoting.Proxies.RealProxy.PrivateInvoke(MessageData& msgData, Int32 type)
   in Nova.Monitoring.Common.IDataService.Hello()
   in Nova.Monitoring.Common.DataClientBaseNew.Hello()
2026-02-18 18:56:40,449 [5] ERROR -  >>  >> Login >> 0 >> Lijin Login Error:System.ServiceModel.EndpointNotFoundException: Nessun endpoint in ascolto su net.pipe://localhost/novadata/IDataService in grado di accettare il messaggio. Ciò è spesso causato da un'azione SOAP o un indirizzo non corretto. Per ulteriori dettagli, vedere InnerException, se presente. ---> System.IO.PipeException: Impossibile trovare l'endpoint di pipe 'net.pipe://localhost/novadata/IDataService' nel computer locale. 
   --- Fine della traccia dello stack dell'eccezione interna ---

Server stack trace: 
   in System.ServiceModel.Channels.PipeConnectionInitiator.GetPipeName(Uri uri, IPipeTransportFactorySettings transportFactorySettings)
   in System.ServiceModel.Channels.PipeConnectionInitiator.PrepareConnect(Uri remoteUri, TimeSpan timeout, String& resolvedAddress, BackoffTimeoutHelper& backoffHelper)
   in System.ServiceModel.Channels.PipeConnectionInitiator.Connect(Uri remoteUri, TimeSpan timeout)
   in System.ServiceModel.Channels.BufferedConnectionInitiator.Connect(Uri uri, TimeSpan timeout)
   in System.ServiceModel.Channels.ConnectionPoolHelper.EstablishConnection(TimeSpan timeout)
   in System.ServiceModel.Channels.ClientFramingDuplexSessionChannel.OnOpen(TimeSpan timeout)
   in System.ServiceModel.Channels.CommunicationObject.Open(TimeSpan timeout)
   in System.ServiceModel.Channels.ServiceChannel.OnOpen(TimeSpan timeout)
   in System.ServiceModel.Channels.CommunicationObject.Open(TimeSpan timeout)
   in System.ServiceModel.Channels.ServiceChannel.CallOpenOnce.System.ServiceModel.Channels.ServiceChannel.ICallOnce.Call(ServiceChannel channel, TimeSpan timeout)
   in System.ServiceModel.Channels.ServiceChannel.CallOnceManager.CallOnce(TimeSpan timeout, CallOnceManager cascade)
   in System.ServiceModel.Channels.ServiceChannel.Call(String action, Boolean oneway, ProxyOperationRuntime operation, Object[] ins, Object[] outs, TimeSpan timeout)
   in System.ServiceModel.Channels.ServiceChannelProxy.InvokeService(IMethodCallMessage methodCall, ProxyOperationRuntime operation)
   in System.ServiceModel.Channels.ServiceChannelProxy.Invoke(IMessage message)

Exception rethrown at [0]: 
   in System.Runtime.Remoting.Proxies.RealProxy.HandleReturnMessage(IMessage reqMsg, IMessage retMsg)
   in System.Runtime.Remoting.Proxies.RealProxy.PrivateInvoke(MessageData& msgData, Int32 type)
   in Nova.Monitoring.Common.IDataService.Login(String name)
   in Nova.Monitoring.Common.DataClientBaseNew.Login(String name)
2026-02-18 18:56:43,459 [4] ERROR -  >>  >> Hello >> 0 >> Hello Error:System.ServiceModel.CommunicationObjectFaultedException: Impossibile utilizzare l'oggetto di comunicazione, System.ServiceModel.Channels.ServiceChannel, per la comunicazione perché è nello stato Faulted.

Server stack trace: 
   in System.ServiceModel.Channels.CommunicationObject.ThrowIfDisposedOrNotOpen()
   in System.ServiceModel.Channels.ServiceChannel.Call(String action, Boolean oneway, ProxyOperationRuntime operation, Object[] ins, Object[] outs, TimeSpan timeout)
   in System.ServiceModel.Channels.ServiceChannelProxy.InvokeService(IMethodCallMessage methodCall, ProxyOperationRuntime operation)
   in System.ServiceModel.Channels.ServiceChannelProxy.Invoke(IMessage message)

Exception rethrown at [0]: 
   in System.Runtime.Remoting.Proxies.RealProxy.HandleReturnMessage(IMessage reqMsg, IMessage retMsg)
   in System.Runtime.Remoting.Proxies.RealProxy.PrivateInvoke(MessageData& msgData, Int32 type)
   in Nova.Monitoring.Common.IDataService.Hello()
   in Nova.Monitoring.Common.DataClientBaseNew.Hello()
2026-02-18 18:56:43,463 [4] ERROR -  >>  >> Login >> 0 >> Lijin Login Error:System.ServiceModel.EndpointNotFoundException: Nessun endpoint in ascolto su net.pipe://localhost/novadata/IDataService in grado di accettare il messaggio. Ciò è spesso causato da un'azione SOAP o un indirizzo non corretto. Per ulteriori dettagli, vedere InnerException, se presente. ---> System.IO.PipeException: Impossibile trovare l'endpoint di pipe 'net.pipe://localhost/novadata/IDataService' nel computer locale. 
   --- Fine della traccia dello stack dell'eccezione interna ---

Server stack trace: 
   in System.ServiceModel.Channels.PipeConnectionInitiator.GetPipeName(Uri uri, IPipeTransportFactorySettings transportFactorySettings)
   in System.ServiceModel.Channels.PipeConnectionInitiator.PrepareConnect(Uri remoteUri, TimeSpan timeout, String& resolvedAddress, BackoffTimeoutHelper& backoffHelper)
   in System.ServiceModel.Channels.PipeConnectionInitiator.Connect(Uri remoteUri, TimeSpan timeout)
   in System.ServiceModel.Channels.BufferedConnectionInitiator.Connect(Uri uri, TimeSpan timeout)
   in System.ServiceModel.Channels.ConnectionPoolHelper.EstablishConnection(TimeSpan timeout)
   in System.ServiceModel.Channels.ClientFramingDuplexSessionChannel.OnOpen(TimeSpan timeout)
   in System.ServiceModel.Channels.CommunicationObject.Open(TimeSpan timeout)
   in System.ServiceModel.Channels.ServiceChannel.OnOpen(TimeSpan timeout)
   in System.ServiceModel.Channels.CommunicationObject.Open(TimeSpan timeout)
   in System.ServiceModel.Channels.ServiceChannel.CallOpenOnce.System.ServiceModel.Channels.ServiceChannel.ICallOnce.Call(ServiceChannel channel, TimeSpan timeout)
   in System.ServiceModel.Channels.ServiceChannel.CallOnceManager.CallOnce(TimeSpan timeout, CallOnceManager cascade)
   in System.ServiceModel.Channels.ServiceChannel.Call(String action, Boolean oneway, ProxyOperationRuntime operation, Object[] ins, Object[] outs, TimeSpan timeout)
   in System.ServiceModel.Channels.ServiceChannelProxy.InvokeService(IMethodCallMessage methodCall, ProxyOperationRuntime operation)
   in System.ServiceModel.Channels.ServiceChannelProxy.Invoke(IMessage message)

Exception rethrown at [0]: 
   in System.Runtime.Remoting.Proxies.RealProxy.HandleReturnMessage(IMessage reqMsg, IMessage retMsg)
   in System.Runtime.Remoting.Proxies.RealProxy.PrivateInvoke(MessageData& msgData, Int32 type)
   in Nova.Monitoring.Common.IDataService.Login(String name)
   in Nova.Monitoring.Common.DataClientBaseNew.Login(String name)
2026-02-18 18:56:54,757 [11] ERROR -  >>  >> Login >> 0 >> Lijin Login Error:System.ServiceModel.EndpointNotFoundException: Nessun endpoint in ascolto su net.pipe://localhost/novadata/IDataService in grado di accettare il messaggio. Ciò è spesso causato da un'azione SOAP o un indirizzo non corretto. Per ulteriori dettagli, vedere InnerException, se presente. ---> System.IO.PipeException: Impossibile trovare l'endpoint di pipe 'net.pipe://localhost/novadata/IDataService' nel computer locale. 
   --- Fine della traccia dello stack dell'eccezione interna ---

Server stack trace: 
   in System.ServiceModel.Channels.PipeConnectionInitiator.GetPipeName(Uri uri, IPipeTransportFactorySettings transportFactorySettings)
   in System.ServiceModel.Channels.NamedPipeConnectionPoolRegistry.NamedPipeConnectionPool.GetPoolKey(EndpointAddress address, Uri via)
   in System.ServiceModel.Channels.CommunicationPool`2.TakeConnection(EndpointAddress address, Uri via, TimeSpan timeout, TKey& key)
   in System.ServiceModel.Channels.ConnectionPoolHelper.EstablishConnection(TimeSpan timeout)
   in System.ServiceModel.Channels.ClientFramingDuplexSessionChannel.OnOpen(TimeSpan timeout)
   in System.ServiceModel.Channels.CommunicationObject.Open(TimeSpan timeout)
   in System.ServiceModel.Channels.ServiceChannel.OnOpen(TimeSpan timeout)
   in System.ServiceModel.Channels.CommunicationObject.Open(TimeSpan timeout)
   in System.ServiceModel.Channels.ServiceChannel.CallOpenOnce.System.ServiceModel.Channels.ServiceChannel.ICallOnce.Call(ServiceChannel channel, TimeSpan timeout)
   in System.ServiceModel.Channels.ServiceChannel.CallOnceManager.CallOnce(TimeSpan timeout, CallOnceManager cascade)
   in System.ServiceModel.Channels.ServiceChannel.Call(String action, Boolean oneway, ProxyOperationRuntime operation, Object[] ins, Object[] outs, TimeSpan timeout)
   in System.ServiceModel.Channels.ServiceChannelProxy.InvokeService(IMethodCallMessage methodCall, ProxyOperationRuntime operation)
   in System.ServiceModel.Channels.ServiceChannelProxy.Invoke(IMessage message)

Exception rethrown at [0]: 
   in System.Runtime.Remoting.Proxies.RealProxy.HandleReturnMessage(IMessage reqMsg, IMessage retMsg)
   in System.Runtime.Remoting.Proxies.RealProxy.PrivateInvoke(MessageData& msgData, Int32 type)
   in Nova.Monitoring.Common.IDataService.Login(String name)
   in Nova.Monitoring.Common.DataClientBaseNew.Login(String name)
2026-02-18 18:56:54,771 [11] ERROR -  >>  >> Hello >> 0 >> Hello Error:System.ServiceModel.CommunicationObjectFaultedException: Impossibile utilizzare l'oggetto di comunicazione, System.ServiceModel.Channels.ServiceChannel, per la comunicazione perché è nello stato Faulted.

Server stack trace: 
   in System.ServiceModel.Channels.CommunicationObject.ThrowIfDisposedOrNotOpen()
   in System.ServiceModel.Channels.ServiceChannel.Call(String action, Boolean oneway, ProxyOperationRuntime operation, Object[] ins, Object[] outs, TimeSpan timeout)
   in System.ServiceModel.Channels.ServiceChannelProxy.InvokeService(IMethodCallMessage methodCall, ProxyOperationRuntime operation)
   in System.ServiceModel.Channels.ServiceChannelProxy.Invoke(IMessage message)

Exception rethrown at [0]: 
   in System.Runtime.Remoting.Proxies.RealProxy.HandleReturnMessage(IMessage reqMsg, IMessage retMsg)
   in System.Runtime.Remoting.Proxies.RealProxy.PrivateInvoke(MessageData& msgData, Int32 type)
   in Nova.Monitoring.Common.IDataService.Hello()
   in Nova.Monitoring.Common.DataClientBaseNew.Hello()
2026-02-18 18:56:54,779 [11] ERROR -  >>  >> Login >> 0 >> Lijin Login Error:System.ServiceModel.EndpointNotFoundException: Nessun endpoint in ascolto su net.pipe://localhost/novadata/IDataService in grado di accettare il messaggio. Ciò è spesso causato da un'azione SOAP o un indirizzo non corretto. Per ulteriori dettagli, vedere InnerException, se presente. ---> System.IO.PipeException: Impossibile trovare l'endpoint di pipe 'net.pipe://localhost/novadata/IDataService' nel computer locale. 
   --- Fine della traccia dello stack dell'eccezione interna ---

Server stack trace: 
   in System.ServiceModel.Channels.PipeConnectionInitiator.GetPipeName(Uri uri, IPipeTransportFactorySettings transportFactorySettings)
   in System.ServiceModel.Channels.NamedPipeConnectionPoolRegistry.NamedPipeConnectionPool.GetPoolKey(EndpointAddress address, Uri via)
   in System.ServiceModel.Channels.CommunicationPool`2.TakeConnection(EndpointAddress address, Uri via, TimeSpan timeout, TKey& key)
   in System.ServiceModel.Channels.ConnectionPoolHelper.EstablishConnection(TimeSpan timeout)
   in System.ServiceModel.Channels.ClientFramingDuplexSessionChannel.OnOpen(TimeSpan timeout)
   in System.ServiceModel.Channels.CommunicationObject.Open(TimeSpan timeout)
   in System.ServiceModel.Channels.ServiceChannel.OnOpen(TimeSpan timeout)
   in System.ServiceModel.Channels.CommunicationObject.Open(TimeSpan timeout)
   in System.ServiceModel.Channels.ServiceChannel.CallOpenOnce.System.ServiceModel.Channels.ServiceChannel.ICallOnce.Call(ServiceChannel channel, TimeSpan timeout)
   in System.ServiceModel.Channels.ServiceChannel.CallOnceManager.CallOnce(TimeSpan timeout, CallOnceManager cascade)
   in System.ServiceModel.Channels.ServiceChannel.Call(String action, Boolean oneway, ProxyOperationRuntime operation, Object[] ins, Object[] outs, TimeSpan timeout)
   in System.ServiceModel.Channels.ServiceChannelProxy.InvokeService(IMethodCallMessage methodCall, ProxyOperationRuntime operation)
   in System.ServiceModel.Channels.ServiceChannelProxy.Invoke(IMessage message)

Exception rethrown at [0]: 
   in System.Runtime.Remoting.Proxies.RealProxy.HandleReturnMessage(IMessage reqMsg, IMessage retMsg)
   in System.Runtime.Remoting.Proxies.RealProxy.PrivateInvoke(MessageData& msgData, Int32 type)
   in Nova.Monitoring.Common.IDataService.Login(String name)
   in Nova.Monitoring.Common.DataClientBaseNew.Login(String name)
2026-02-18 18:56:55,611 [11] ERROR -  >>  >> ExecuteCommand >> 0 >> System.ServiceModel.CommunicationObjectFaultedException: Impossibile utilizzare l'oggetto di comunicazione, System.ServiceModel.Channels.ServiceChannel, per la comunicazione perché è nello stato Faulted.

Server stack trace: 
   in System.ServiceModel.Channels.CommunicationObject.ThrowIfDisposedOrNotOpen()
   in System.ServiceModel.Channels.ServiceChannel.Call(String action, Boolean oneway, ProxyOperationRuntime operation, Object[] ins, Object[] outs, TimeSpan timeout)
   in System.ServiceModel.Channels.ServiceChannelProxy.InvokeService(IMethodCallMessage methodCall, ProxyOperationRuntime operation)
   in System.ServiceModel.Channels.ServiceChannelProxy.Invoke(IMessage message)

Exception rethrown at [0]: 
   in System.Runtime.Remoting.Proxies.RealProxy.HandleReturnMessage(IMessage reqMsg, IMessage retMsg)
   in System.Runtime.Remoting.Proxies.RealProxy.PrivateInvoke(MessageData& msgData, Int32 type)
   in Nova.Monitoring.Common.IDataService.ExecuteCommand(Int32 code, String data)
   in Nova.LCT.GigabitSystem.MonitorClientManager.MonitorClient.ExecuteCommand(Int32 code, String data, Boolean catchError)
2026-02-18 18:56:55,794 [11] ERROR -  >>  >> Hello >> 0 >> Hello Error:System.ServiceModel.CommunicationObjectFaultedException: Impossibile utilizzare l'oggetto di comunicazione, System.ServiceModel.Channels.ServiceChannel, per la comunicazione perché è nello stato Faulted.

Server stack trace: 
   in System.ServiceModel.Channels.CommunicationObject.ThrowIfDisposedOrNotOpen()
   in System.ServiceModel.Channels.ServiceChannel.Call(String action, Boolean oneway, ProxyOperationRuntime operation, Object[] ins, Object[] outs, TimeSpan timeout)
   in System.ServiceModel.Channels.ServiceChannelProxy.InvokeService(IMethodCallMessage methodCall, ProxyOperationRuntime operation)
   in System.ServiceModel.Channels.ServiceChannelProxy.Invoke(IMessage message)

Exception rethrown at [0]: 
   in System.Runtime.Remoting.Proxies.RealProxy.HandleReturnMessage(IMessage reqMsg, IMessage retMsg)
   in System.Runtime.Remoting.Proxies.RealProxy.PrivateInvoke(MessageData& msgData, Int32 type)
   in Nova.Monitoring.Common.IDataService.Hello()
   in Nova.Monitoring.Common.DataClientBaseNew.Hello()
2026-02-18 18:56:55,799 [11] ERROR -  >>  >> Login >> 0 >> Lijin Login Error:System.ServiceModel.EndpointNotFoundException: Nessun endpoint in ascolto su net.pipe://localhost/novadata/IDataService in grado di accettare il messaggio. Ciò è spesso causato da un'azione SOAP o un indirizzo non corretto. Per ulteriori dettagli, vedere InnerException, se presente. ---> System.IO.PipeException: Impossibile trovare l'endpoint di pipe 'net.pipe://localhost/novadata/IDataService' nel computer locale. 
   --- Fine della traccia dello stack dell'eccezione interna ---

Server stack trace: 
   in System.ServiceModel.Channels.PipeConnectionInitiator.GetPipeName(Uri uri, IPipeTransportFactorySettings transportFactorySettings)
   in System.ServiceModel.Channels.NamedPipeConnectionPoolRegistry.NamedPipeConnectionPool.GetPoolKey(EndpointAddress address, Uri via)
   in System.ServiceModel.Channels.CommunicationPool`2.TakeConnection(EndpointAddress address, Uri via, TimeSpan timeout, TKey& key)
   in System.ServiceModel.Channels.ConnectionPoolHelper.EstablishConnection(TimeSpan timeout)
   in System.ServiceModel.Channels.ClientFramingDuplexSessionChannel.OnOpen(TimeSpan timeout)
   in System.ServiceModel.Channels.CommunicationObject.Open(TimeSpan timeout)
   in System.ServiceModel.Channels.ServiceChannel.OnOpen(TimeSpan timeout)
   in System.ServiceModel.Channels.CommunicationObject.Open(TimeSpan timeout)
   in System.ServiceModel.Channels.ServiceChannel.CallOpenOnce.System.ServiceModel.Channels.ServiceChannel.ICallOnce.Call(ServiceChannel channel, TimeSpan timeout)
   in System.ServiceModel.Channels.ServiceChannel.CallOnceManager.CallOnce(TimeSpan timeout, CallOnceManager cascade)
   in System.ServiceModel.Channels.ServiceChannel.Call(String action, Boolean oneway, ProxyOperationRuntime operation, Object[] ins, Object[] outs, TimeSpan timeout)
   in System.ServiceModel.Channels.ServiceChannelProxy.InvokeService(IMethodCallMessage methodCall, ProxyOperationRuntime operation)
   in System.ServiceModel.Channels.ServiceChannelProxy.Invoke(IMessage message)

Exception rethrown at [0]: 
   in System.Runtime.Remoting.Proxies.RealProxy.HandleReturnMessage(IMessage reqMsg, IMessage retMsg)
   in System.Runtime.Remoting.Proxies.RealProxy.PrivateInvoke(MessageData& msgData, Int32 type)
   in Nova.Monitoring.Common.IDataService.Login(String name)
   in Nova.Monitoring.Common.DataClientBaseNew.Login(String name)
2026-02-18 18:56:56,385 [1] ERROR -  >>  >> TraceInfo >> 0 >>  >> LCTServerMessageProxy >>?????????:,3.1.1
2026-02-18 18:56:56,815 [22] ERROR -  >>  >> TraceInfo >> 0 >>  >> LCTServerMessageProxy >>OnHandshakeServerPrivderCallback: ???854200,???854200
2026-02-18 18:56:56,945 [5] ERROR -  >>  >> OnEquipmentChangeEvent >> 0 >> ?????????
2026-02-18 18:56:57,090 [1] ERROR -  >>  >> ChangeDeviceList >> 0 >> equipmentTable.count:0
2026-02-18 18:56:57,102 [5] ERROR -  >>  >> OnEquipmentChangeEvent >> 0 >> ????,???0!!!
2026-02-18 18:57:01,848 [1] ERROR -  >>  >> TraceInfo >> 0 >>  >> LCTServerMessageProxy >>?????????:COM3,
2026-02-18 18:57:01,855 [1] ERROR -  >>  >> TraceInfo >> 0 >>  >> LCTServerMessageProxy >>?????????:
2026-02-18 18:57:01,857 [1] ERROR -  >>  >> OnCompleteConnectAllController >> 0 >> ??????????
2026-02-18 18:57:01,858 [1] ERROR -  >>  >> ChangeDeviceList >> 0 >> equipmentTable.count:0
2026-02-18 18:57:01,864 [1] ERROR -  >>  >> OnDeviceChangeEvent >> 0 >> ????:??????, ????:0 
2026-02-18 18:57:01,885 [1] ERROR -  >>  >> TraceInfo >> 0 >>  >> LCTServerMessageProxy >>?????????:
2026-02-18 18:57:01,886 [1] ERROR -  >>  >> OnEquipmentChangeEvent >> 0 >> ?????????
2026-02-18 18:57:01,887 [1] ERROR -  >>  >> ChangeDeviceList >> 0 >> equipmentTable.count:0
2026-02-18 18:57:01,890 [1] ERROR -  >>  >> OnEquipmentChangeEvent >> 0 >> ????,???0!!!
2026-02-18 18:57:06,842 [9] ERROR -  >>  >> TraceInfo >> 0 >>  >> LCTServerMessageProxy >>OnHandshakeServerPrivderCallback: ???854200,???854200
2026-02-18 18:57:14,324 [6] ERROR -  >>  >> <UploadBakFile>b__0 >> 0 >> ?LCT????????????? -- Sleep Finished
2026-02-18 18:57:16,844 [8] ERROR -  >>  >> TraceInfo >> 0 >>  >> LCTServerMessageProxy >>OnHandshakeServerPrivderCallback: ???854200,???854200
2026-02-18 18:57:26,845 [8] ERROR -  >>  >> TraceInfo >> 0 >>  >> LCTServerMessageProxy >>OnHandshakeServerPrivderCallback: ???854200,???854200
2026-02-18 18:57:36,847 [4] ERROR -  >>  >> TraceInfo >> 0 >>  >> LCTServerMessageProxy >>OnHandshakeServerPrivderCallback: ???854200,???854200
2026-02-18 18:57:37,394 [1] ERROR -  >>  >> TraceInfo >> 0 >>  >> LCTServerMessageProxy >>?????????:COM3,
2026-02-18 18:57:37,399 [1] ERROR -  >>  >> TraceInfo >> 0 >>  >> LCTServerMessageProxy >>?????????:
2026-02-18 18:57:37,401 [1] ERROR -  >>  >> OnCompleteConnectAllController >> 0 >> ??????????
2026-02-18 18:57:37,402 [1] ERROR -  >>  >> ChangeDeviceList >> 0 >> equipmentTable.count:0
2026-02-18 18:57:37,407 [1] ERROR -  >>  >> OnDeviceChangeEvent >> 0 >> ????:??????, ????:0 
2026-02-18 18:57:46,849 [6] ERROR -  >>  >> TraceInfo >> 0 >>  >> LCTServerMessageProxy >>OnHandshakeServerPrivderCallback: ???854200,???854200
2026-02-18 18:57:55,972 [6] ERROR -  >>  >> bWorker_DoWork >> 0 >> La chiave specificata non era presente nel dizionario.
2026-02-18 18:57:56,857 [13] ERROR -  >>  >> TraceInfo >> 0 >>  >> LCTServerMessageProxy >>OnHandshakeServerPrivderCallback: ???854200,???854200
2026-02-18 18:58:06,871 [13] ERROR -  >>  >> TraceInfo >> 0 >>  >> LCTServerMessageProxy >>OnHandshakeServerPrivderCallback: ???854200,???854200
2026-02-18 18:58:16,878 [13] ERROR -  >>  >> TraceInfo >> 0 >>  >> LCTServerMessageProxy >>OnHandshakeServerPrivderCallback: ???854200,???854200
2026-02-18 18:58:23,036 [22] ERROR -  >>  >> GetHttpResponse >> 0 >> System.UriFormatException: URI non valido: impossibile determinare il formato dell'URI.
   in System.Uri.CreateThis(String uri, Boolean dontEscape, UriKind uriKind)
   in System.Uri..ctor(String uriString)
   in System.Net.WebRequest.Create(String requestUriString)
   in Nova.LCT.GigabitSystem.CloudServerManager.HttpClientbase.GetHttpResponse(String url)
2026-02-18 18:58:23,037 [22] ERROR -  >>  >> GetHttpResponse >> 0 >> System.UriFormatException: URI non valido: impossibile determinare il formato dell'URI.
   in System.Uri.CreateThis(String uri, Boolean dontEscape, UriKind uriKind)
   in System.Uri..ctor(String uriString)
   in System.Net.WebRequest.Create(String requestUriString)
   in Nova.LCT.GigabitSystem.CloudServerManager.HttpClientbase.GetHttpResponse(String url)
2026-02-18 18:58:23,038 [22] ERROR -  >>  >> GetHttpResponse >> 0 >> System.UriFormatException: URI non valido: impossibile determinare il formato dell'URI.
   in System.Uri.CreateThis(String uri, Boolean dontEscape, UriKind uriKind)
   in System.Uri..ctor(String uriString)
   in System.Net.WebRequest.Create(String requestUriString)
   in Nova.LCT.GigabitSystem.CloudServerManager.HttpClientbase.GetHttpResponse(String url)
2026-02-18 18:58:23,243 [9] ERROR -  >>  >> <ReturnNodeIndex>b__0 >> 0 >> System.Net.WebException: Connessione sottostante chiusa: Errore imprevisto durante un'operazione di ricezione.. ---> System.ComponentModel.Win32Exception: Client e server non possono comunicare perché non dispongono di un algoritmo comune
   in System.Net.SSPIWrapper.AcquireCredentialsHandle(SSPIInterface SecModule, String package, CredentialUse intent, SecureCredential scc)
   in System.Net.Security.SecureChannel.AcquireCredentialsHandle(CredentialUse credUsage, SecureCredential& secureCredential)
   in System.Net.Security.SecureChannel.AcquireCredentialsHandle(CredentialUse credUsage, X509Certificate2 selectedCert, Flags flags)
   in System.Net.Security.SecureChannel.AcquireClientCredentials(Byte[]& thumbPrint)
   in System.Net.Security.SecureChannel.GenerateToken(Byte[] input, Int32 offset, Int32 count, Byte[]& output)
   in System.Net.Security.SecureChannel.NextMessage(Byte[] incoming, Int32 offset, Int32 count)
   in System.Net.Security.SslState.StartSendBlob(Byte[] incoming, Int32 count, AsyncProtocolRequest asyncRequest, Boolean renegotiation)
   in System.Net.Security.SslState.ForceAuthentication(Boolean receiveFirst, Byte[] buffer, AsyncProtocolRequest asyncRequest, Boolean renegotiation)
   in System.Net.Security.SslState.ProcessAuthentication(LazyAsyncResult lazyResult)
   in System.Net.TlsStream.CallProcessAuthentication(Object state)
   in System.Threading.ExecutionContext.RunInternal(ExecutionContext executionContext, ContextCallback callback, Object state, Boolean preserveSyncCtx)
   in System.Threading.ExecutionContext.Run(ExecutionContext executionContext, ContextCallback callback, Object state, Boolean preserveSyncCtx)
   in System.Threading.ExecutionContext.Run(ExecutionContext executionContext, ContextCallback callback, Object state)
   in System.Net.TlsStream.ProcessAuthentication(LazyAsyncResult result)
   in System.Net.TlsStream.Write(Byte[] buffer, Int32 offset, Int32 size)
   in System.Net.PooledStream.Write(Byte[] buffer, Int32 offset, Int32 size)
   in System.Net.ConnectStream.WriteHeaders(Boolean async)
   --- Fine della traccia dello stack dell'eccezione interna ---
   in System.Net.WebClient.DownloadDataInternal(Uri address, WebRequest& request)
   in System.Net.WebClient.DownloadString(Uri address)
   in System.Net.WebClient.DownloadString(String address)
   in Nova.LCT.GigabitSystem.CloudServerManager.BackupRestoreHttpClient.<>c__DisplayClass24_0.<ReturnNodeIndex>b__0()
2026-02-18 18:58:26,884 [22] ERROR -  >>  >> TraceInfo >> 0 >>  >> LCTServerMessageProxy >>OnHandshakeServerPrivderCallback: ???854200,???854200
2026-02-18 18:58:36,899 [4] ERROR -  >>  >> TraceInfo >> 0 >>  >> LCTServerMessageProxy >>OnHandshakeServerPrivderCallback: ???854200,???854200
2026-02-18 18:58:46,914 [4] ERROR -  >>  >> TraceInfo >> 0 >>  >> LCTServerMessageProxy >>OnHandshakeServerPrivderCallback: ???854200,???854200
2026-02-18 18:58:53,918 [1] ERROR -  >>  >> TraceInfo >> 0 >>  >> LCTServerMessageProxy >>?????????:COM3,
2026-02-18 18:58:53,922 [1] ERROR -  >>  >> TraceInfo >> 0 >>  >> LCTServerMessageProxy >>?????????:
2026-02-18 18:58:53,923 [1] ERROR -  >>  >> OnCompleteConnectAllController >> 0 >> ??????????
2026-02-18 18:58:53,923 [1] ERROR -  >>  >> ChangeDeviceList >> 0 >> equipmentTable.count:0
2026-02-18 18:58:53,927 [1] ERROR -  >>  >> OnDeviceChangeEvent >> 0 >> ????:??????, ????:0 
2026-02-18 18:58:56,934 [4] ERROR -  >>  >> TraceInfo >> 0 >>  >> LCTServerMessageProxy >>OnHandshakeServerPrivderCallback: ???854200,???854200
2026-02-18 18:59:06,937 [6] ERROR -  >>  >> TraceInfo >> 0 >>  >> LCTServerMessageProxy >>OnHandshakeServerPrivderCallback: ???854200,???854200
2026-02-18 18:59:16,945 [6] ERROR -  >>  >> TraceInfo >> 0 >>  >> LCTServerMessageProxy >>OnHandshakeServerPrivderCallback: ???854200,???854200
2026-02-18 18:59:26,958 [22] ERROR -  >>  >> TraceInfo >> 0 >>  >> LCTServerMessageProxy >>OnHandshakeServerPrivderCallback: ???854200,???854200
2026-02-18 18:59:29,445 [1] ERROR -  >>  >> TraceInfo >> 0 >>  >> LCTServerMessageProxy >>?????????:COM3,
2026-02-18 18:59:29,449 [1] ERROR -  >>  >> TraceInfo >> 0 >>  >> LCTServerMessageProxy >>?????????:
2026-02-18 18:59:29,450 [1] ERROR -  >>  >> OnCompleteConnectAllController >> 0 >> ??????????
2026-02-18 18:59:29,451 [1] ERROR -  >>  >> ChangeDeviceList >> 0 >> equipmentTable.count:0
2026-02-18 18:59:29,455 [1] ERROR -  >>  >> OnDeviceChangeEvent >> 0 >> ????:??????, ????:0 
2026-02-18 18:59:36,965 [9] ERROR -  >>  >> TraceInfo >> 0 >>  >> LCTServerMessageProxy >>OnHandshakeServerPrivderCallback: ???854200,???854200
2026-02-18 18:59:46,969 [13] ERROR -  >>  >> TraceInfo >> 0 >>  >> LCTServerMessageProxy >>OnHandshakeServerPrivderCallback: ???854200,???854200
2026-02-18 18:59:56,975 [4] ERROR -  >>  >> TraceInfo >> 0 >>  >> LCTServerMessageProxy >>OnHandshakeServerPrivderCallback: ???854200,???854200
2026-02-18 19:00:05,003 [1] ERROR -  >>  >> TraceInfo >> 0 >>  >> LCTServerMessageProxy >>?????????:COM3,
2026-02-18 19:00:05,031 [1] ERROR -  >>  >> TraceInfo >> 0 >>  >> LCTServerMessageProxy >>?????????:
2026-02-18 19:00:05,039 [1] ERROR -  >>  >> OnCompleteConnectAllController >> 0 >> ??????????
2026-02-18 19:00:05,040 [1] ERROR -  >>  >> ChangeDeviceList >> 0 >> equipmentTable.count:0
2026-02-18 19:00:05,045 [1] ERROR -  >>  >> OnDeviceChangeEvent >> 0 >> ????:??????, ????:0 
2026-02-18 19:00:06,984 [13] ERROR -  >>  >> TraceInfo >> 0 >>  >> LCTServerMessageProxy >>OnHandshakeServerPrivderCallback: ???854200,???854200
2026-02-18 19:00:16,991 [6] ERROR -  >>  >> TraceInfo >> 0 >>  >> LCTServerMessageProxy >>OnHandshakeServerPrivderCallback: ???854200,???854200
2026-02-18 19:00:26,999 [8] ERROR -  >>  >> TraceInfo >> 0 >>  >> LCTServerMessageProxy >>OnHandshakeServerPrivderCallback: ???854200,???854200
2026-02-18 19:00:37,001 [15] ERROR -  >>  >> TraceInfo >> 0 >>  >> LCTServerMessageProxy >>OnHandshakeServerPrivderCallback: ???854200,???854200
2026-02-18 19:00:40,555 [1] ERROR -  >>  >> TraceInfo >> 0 >>  >> LCTServerMessageProxy >>?????????:COM3,
2026-02-18 19:00:40,561 [1] ERROR -  >>  >> TraceInfo >> 0 >>  >> LCTServerMessageProxy >>?????????:
2026-02-18 19:00:40,561 [1] ERROR -  >>  >> OnCompleteConnectAllController >> 0 >> ??????????
2026-02-18 19:00:40,562 [1] ERROR -  >>  >> ChangeDeviceList >> 0 >> equipmentTable.count:0
2026-02-18 19:00:40,568 [1] ERROR -  >>  >> OnDeviceChangeEvent >> 0 >> ????:??????, ????:0 
2026-02-18 19:00:47,013 [15] ERROR -  >>  >> TraceInfo >> 0 >>  >> LCTServerMessageProxy >>OnHandshakeServerPrivderCallback: ???854200,???854200
2026-02-18 19:00:57,020 [15] ERROR -  >>  >> TraceInfo >> 0 >>  >> LCTServerMessageProxy >>OnHandshakeServerPrivderCallback: ???854200,???854200
2026-02-18 19:01:07,030 [15] ERROR -  >>  >> TraceInfo >> 0 >>  >> LCTServerMessageProxy >>OnHandshakeServerPrivderCallback: ???854200,???854200
2026-02-18 19:01:16,130 [1] ERROR -  >>  >> TraceInfo >> 0 >>  >> LCTServerMessageProxy >>?????????:COM3,
2026-02-18 19:01:16,194 [1] ERROR -  >>  >> TraceInfo >> 0 >>  >> LCTServerMessageProxy >>?????????:
2026-02-18 19:01:16,195 [1] ERROR -  >>  >> OnCompleteConnectAllController >> 0 >> ??????????
2026-02-18 19:01:16,195 [1] ERROR -  >>  >> ChangeDeviceList >> 0 >> equipmentTable.count:0
2026-02-18 19:01:16,201 [1] ERROR -  >>  >> OnDeviceChangeEvent >> 0 >> ????:??????, ????:0 
2026-02-18 19:01:17,037 [15] ERROR -  >>  >> TraceInfo >> 0 >>  >> LCTServerMessageProxy >>OnHandshakeServerPrivderCallback: ???854200,???854200
2026-02-18 19:07:02,755 [12] ERROR -  >>  >> Login >> 0 >> Lijin Login Error:System.ServiceModel.EndpointNotFoundException: Nessun endpoint in ascolto su net.pipe://localhost/novadata/IDataService in grado di accettare il messaggio. Ciò è spesso causato da un'azione SOAP o un indirizzo non corretto. Per ulteriori dettagli, vedere InnerException, se presente. ---> System.IO.PipeException: Impossibile trovare l'endpoint di pipe 'net.pipe://localhost/novadata/IDataService' nel computer locale. 
   --- Fine della traccia dello stack dell'eccezione interna ---

Server stack trace: 
   in System.ServiceModel.Channels.PipeConnectionInitiator.GetPipeName(Uri uri, IPipeTransportFactorySettings transportFactorySettings)
   in System.ServiceModel.Channels.NamedPipeConnectionPoolRegistry.NamedPipeConnectionPool.GetPoolKey(EndpointAddress address, Uri via)
   in System.ServiceModel.Channels.CommunicationPool`2.TakeConnection(EndpointAddress address, Uri via, TimeSpan timeout, TKey& key)
   in System.ServiceModel.Channels.ConnectionPoolHelper.EstablishConnection(TimeSpan timeout)
   in System.ServiceModel.Channels.ClientFramingDuplexSessionChannel.OnOpen(TimeSpan timeout)
   in System.ServiceModel.Channels.CommunicationObject.Open(TimeSpan timeout)
   in System.ServiceModel.Channels.ServiceChannel.OnOpen(TimeSpan timeout)
   in System.ServiceModel.Channels.CommunicationObject.Open(TimeSpan timeout)
   in System.ServiceModel.Channels.ServiceChannel.CallOpenOnce.System.ServiceModel.Channels.ServiceChannel.ICallOnce.Call(ServiceChannel channel, TimeSpan timeout)
   in System.ServiceModel.Channels.ServiceChannel.CallOnceManager.CallOnce(TimeSpan timeout, CallOnceManager cascade)
   in System.ServiceModel.Channels.ServiceChannel.Call(String action, Boolean oneway, ProxyOperationRuntime operation, Object[] ins, Object[] outs, TimeSpan timeout)
   in System.ServiceModel.Channels.ServiceChannelProxy.InvokeService(IMethodCallMessage methodCall, ProxyOperationRuntime operation)
   in System.ServiceModel.Channels.ServiceChannelProxy.Invoke(IMessage message)

Exception rethrown at [0]: 
   in System.Runtime.Remoting.Proxies.RealProxy.HandleReturnMessage(IMessage reqMsg, IMessage retMsg)
   in System.Runtime.Remoting.Proxies.RealProxy.PrivateInvoke(MessageData& msgData, Int32 type)
   in Nova.Monitoring.Common.IDataService.Login(String name)
   in Nova.Monitoring.Common.DataClientBaseNew.Login(String name)
2026-02-18 19:07:02,773 [12] ERROR -  >>  >> Hello >> 0 >> Hello Error:System.ServiceModel.CommunicationObjectFaultedException: Impossibile utilizzare l'oggetto di comunicazione, System.ServiceModel.Channels.ServiceChannel, per la comunicazione perché è nello stato Faulted.

Server stack trace: 
   in System.ServiceModel.Channels.CommunicationObject.ThrowIfDisposedOrNotOpen()
   in System.ServiceModel.Channels.ServiceChannel.Call(String action, Boolean oneway, ProxyOperationRuntime operation, Object[] ins, Object[] outs, TimeSpan timeout)
   in System.ServiceModel.Channels.ServiceChannelProxy.InvokeService(IMethodCallMessage methodCall, ProxyOperationRuntime operation)
   in System.ServiceModel.Channels.ServiceChannelProxy.Invoke(IMessage message)

Exception rethrown at [0]: 
   in System.Runtime.Remoting.Proxies.RealProxy.HandleReturnMessage(IMessage reqMsg, IMessage retMsg)
   in System.Runtime.Remoting.Proxies.RealProxy.PrivateInvoke(MessageData& msgData, Int32 type)
   in Nova.Monitoring.Common.IDataService.Hello()
   in Nova.Monitoring.Common.DataClientBaseNew.Hello()
2026-02-18 19:07:02,782 [12] ERROR -  >>  >> Login >> 0 >> Lijin Login Error:System.ServiceModel.EndpointNotFoundException: Nessun endpoint in ascolto su net.pipe://localhost/novadata/IDataService in grado di accettare il messaggio. Ciò è spesso causato da un'azione SOAP o un indirizzo non corretto. Per ulteriori dettagli, vedere InnerException, se presente. ---> System.IO.PipeException: Impossibile trovare l'endpoint di pipe 'net.pipe://localhost/novadata/IDataService' nel computer locale. 
   --- Fine della traccia dello stack dell'eccezione interna ---

Server stack trace: 
   in System.ServiceModel.Channels.PipeConnectionInitiator.GetPipeName(Uri uri, IPipeTransportFactorySettings transportFactorySettings)
   in System.ServiceModel.Channels.NamedPipeConnectionPoolRegistry.NamedPipeConnectionPool.GetPoolKey(EndpointAddress address, Uri via)
   in System.ServiceModel.Channels.CommunicationPool`2.TakeConnection(EndpointAddress address, Uri via, TimeSpan timeout, TKey& key)
   in System.ServiceModel.Channels.ConnectionPoolHelper.EstablishConnection(TimeSpan timeout)
   in System.ServiceModel.Channels.ClientFramingDuplexSessionChannel.OnOpen(TimeSpan timeout)
   in System.ServiceModel.Channels.CommunicationObject.Open(TimeSpan timeout)
   in System.ServiceModel.Channels.ServiceChannel.OnOpen(TimeSpan timeout)
   in System.ServiceModel.Channels.CommunicationObject.Open(TimeSpan timeout)
   in System.ServiceModel.Channels.ServiceChannel.CallOpenOnce.System.ServiceModel.Channels.ServiceChannel.ICallOnce.Call(ServiceChannel channel, TimeSpan timeout)
   in System.ServiceModel.Channels.ServiceChannel.CallOnceManager.CallOnce(TimeSpan timeout, CallOnceManager cascade)
   in System.ServiceModel.Channels.ServiceChannel.Call(String action, Boolean oneway, ProxyOperationRuntime operation, Object[] ins, Object[] outs, TimeSpan timeout)
   in System.ServiceModel.Channels.ServiceChannelProxy.InvokeService(IMethodCallMessage methodCall, ProxyOperationRuntime operation)
   in System.ServiceModel.Channels.ServiceChannelProxy.Invoke(IMessage message)

Exception rethrown at [0]: 
   in System.Runtime.Remoting.Proxies.RealProxy.HandleReturnMessage(IMessage reqMsg, IMessage retMsg)
   in System.Runtime.Remoting.Proxies.RealProxy.PrivateInvoke(MessageData& msgData, Int32 type)
   in Nova.Monitoring.Common.IDataService.Login(String name)
   in Nova.Monitoring.Common.DataClientBaseNew.Login(String name)
2026-02-18 19:07:03,722 [12] ERROR -  >>  >> ExecuteCommand >> 0 >> System.ServiceModel.CommunicationObjectFaultedException: Impossibile utilizzare l'oggetto di comunicazione, System.ServiceModel.Channels.ServiceChannel, per la comunicazione perché è nello stato Faulted.

Server stack trace: 
   in System.ServiceModel.Channels.CommunicationObject.ThrowIfDisposedOrNotOpen()
   in System.ServiceModel.Channels.ServiceChannel.Call(String action, Boolean oneway, ProxyOperationRuntime operation, Object[] ins, Object[] outs, TimeSpan timeout)
   in System.ServiceModel.Channels.ServiceChannelProxy.InvokeService(IMethodCallMessage methodCall, ProxyOperationRuntime operation)
   in System.ServiceModel.Channels.ServiceChannelProxy.Invoke(IMessage message)

Exception rethrown at [0]: 
   in System.Runtime.Remoting.Proxies.RealProxy.HandleReturnMessage(IMessage reqMsg, IMessage retMsg)
   in System.Runtime.Remoting.Proxies.RealProxy.PrivateInvoke(MessageData& msgData, Int32 type)
   in Nova.Monitoring.Common.IDataService.ExecuteCommand(Int32 code, String data)
   in Nova.LCT.GigabitSystem.MonitorClientManager.MonitorClient.ExecuteCommand(Int32 code, String data, Boolean catchError)
2026-02-18 19:07:03,797 [12] ERROR -  >>  >> Hello >> 0 >> Hello Error:System.ServiceModel.CommunicationObjectFaultedException: Impossibile utilizzare l'oggetto di comunicazione, System.ServiceModel.Channels.ServiceChannel, per la comunicazione perché è nello stato Faulted.

Server stack trace: 
   in System.ServiceModel.Channels.CommunicationObject.ThrowIfDisposedOrNotOpen()
   in System.ServiceModel.Channels.ServiceChannel.Call(String action, Boolean oneway, ProxyOperationRuntime operation, Object[] ins, Object[] outs, TimeSpan timeout)
   in System.ServiceModel.Channels.ServiceChannelProxy.InvokeService(IMethodCallMessage methodCall, ProxyOperationRuntime operation)
   in System.ServiceModel.Channels.ServiceChannelProxy.Invoke(IMessage message)

Exception rethrown at [0]: 
   in System.Runtime.Remoting.Proxies.RealProxy.HandleReturnMessage(IMessage reqMsg, IMessage retMsg)
   in System.Runtime.Remoting.Proxies.RealProxy.PrivateInvoke(MessageData& msgData, Int32 type)
   in Nova.Monitoring.Common.IDataService.Hello()
   in Nova.Monitoring.Common.DataClientBaseNew.Hello()
2026-02-18 19:07:03,802 [12] ERROR -  >>  >> Login >> 0 >> Lijin Login Error:System.ServiceModel.EndpointNotFoundException: Nessun endpoint in ascolto su net.pipe://localhost/novadata/IDataService in grado di accettare il messaggio. Ciò è spesso causato da un'azione SOAP o un indirizzo non corretto. Per ulteriori dettagli, vedere InnerException, se presente. ---> System.IO.PipeException: Impossibile trovare l'endpoint di pipe 'net.pipe://localhost/novadata/IDataService' nel computer locale. 
   --- Fine della traccia dello stack dell'eccezione interna ---

Server stack trace: 
   in System.ServiceModel.Channels.PipeConnectionInitiator.GetPipeName(Uri uri, IPipeTransportFactorySettings transportFactorySettings)
   in System.ServiceModel.Channels.NamedPipeConnectionPoolRegistry.NamedPipeConnectionPool.GetPoolKey(EndpointAddress address, Uri via)
   in System.ServiceModel.Channels.CommunicationPool`2.TakeConnection(EndpointAddress address, Uri via, TimeSpan timeout, TKey& key)
   in System.ServiceModel.Channels.ConnectionPoolHelper.EstablishConnection(TimeSpan timeout)
   in System.ServiceModel.Channels.ClientFramingDuplexSessionChannel.OnOpen(TimeSpan timeout)
   in System.ServiceModel.Channels.CommunicationObject.Open(TimeSpan timeout)
   in System.ServiceModel.Channels.ServiceChannel.OnOpen(TimeSpan timeout)
   in System.ServiceModel.Channels.CommunicationObject.Open(TimeSpan timeout)
   in System.ServiceModel.Channels.ServiceChannel.CallOpenOnce.System.ServiceModel.Channels.ServiceChannel.ICallOnce.Call(ServiceChannel channel, TimeSpan timeout)
   in System.ServiceModel.Channels.ServiceChannel.CallOnceManager.CallOnce(TimeSpan timeout, CallOnceManager cascade)
   in System.ServiceModel.Channels.ServiceChannel.Call(String action, Boolean oneway, ProxyOperationRuntime operation, Object[] ins, Object[] outs, TimeSpan timeout)
   in System.ServiceModel.Channels.ServiceChannelProxy.InvokeService(IMethodCallMessage methodCall, ProxyOperationRuntime operation)
   in System.ServiceModel.Channels.ServiceChannelProxy.Invoke(IMessage message)

Exception rethrown at [0]: 
   in System.Runtime.Remoting.Proxies.RealProxy.HandleReturnMessage(IMessage reqMsg, IMessage retMsg)
   in System.Runtime.Remoting.Proxies.RealProxy.PrivateInvoke(MessageData& msgData, Int32 type)
   in Nova.Monitoring.Common.IDataService.Login(String name)
   in Nova.Monitoring.Common.DataClientBaseNew.Login(String name)
2026-02-18 19:07:04,487 [1] ERROR -  >>  >> TraceInfo >> 0 >>  >> LCTServerMessageProxy >>?????????:,3.1.1
2026-02-18 19:07:05,143 [10] ERROR -  >>  >> TraceInfo >> 0 >>  >> LCTServerMessageProxy >>OnHandshakeServerPrivderCallback: ???4261696,???4261696
2026-02-18 19:07:05,270 [5] ERROR -  >>  >> OnEquipmentChangeEvent >> 0 >> ?????????
2026-02-18 19:07:05,277 [1] ERROR -  >>  >> ChangeDeviceList >> 0 >> equipmentTable.count:0
2026-02-18 19:07:05,288 [5] ERROR -  >>  >> OnEquipmentChangeEvent >> 0 >> ????,???0!!!
2026-02-18 19:07:09,969 [1] ERROR -  >>  >> TraceInfo >> 0 >>  >> LCTServerMessageProxy >>?????????:COM3,
2026-02-18 19:07:09,976 [1] ERROR -  >>  >> TraceInfo >> 0 >>  >> LCTServerMessageProxy >>?????????:
2026-02-18 19:07:09,978 [1] ERROR -  >>  >> OnCompleteConnectAllController >> 0 >> ??????????
2026-02-18 19:07:09,979 [1] ERROR -  >>  >> ChangeDeviceList >> 0 >> equipmentTable.count:0
2026-02-18 19:07:09,986 [1] ERROR -  >>  >> OnDeviceChangeEvent >> 0 >> ????:??????, ????:0 
2026-02-18 19:07:09,997 [1] ERROR -  >>  >> TraceInfo >> 0 >>  >> LCTServerMessageProxy >>?????????:
2026-02-18 19:07:09,998 [1] ERROR -  >>  >> OnEquipmentChangeEvent >> 0 >> ?????????
2026-02-18 19:07:09,999 [1] ERROR -  >>  >> ChangeDeviceList >> 0 >> equipmentTable.count:0
2026-02-18 19:07:10,004 [1] ERROR -  >>  >> OnEquipmentChangeEvent >> 0 >> ????,???0!!!
2026-02-18 19:07:15,165 [22] ERROR -  >>  >> TraceInfo >> 0 >>  >> LCTServerMessageProxy >>OnHandshakeServerPrivderCallback: ???4261696,???4261696
2026-02-18 19:07:22,302 [6] ERROR -  >>  >> <UploadBakFile>b__0 >> 0 >> ?LCT????????????? -- Sleep Finished
2026-02-18 19:07:25,177 [12] ERROR -  >>  >> TraceInfo >> 0 >>  >> LCTServerMessageProxy >>OnHandshakeServerPrivderCallback: ???4261696,???4261696
2026-02-18 19:07:35,179 [8] ERROR -  >>  >> TraceInfo >> 0 >>  >> LCTServerMessageProxy >>OnHandshakeServerPrivderCallback: ???4261696,???4261696
2026-02-18 19:07:45,192 [12] ERROR -  >>  >> TraceInfo >> 0 >>  >> LCTServerMessageProxy >>OnHandshakeServerPrivderCallback: ???4261696,???4261696
2026-02-18 19:07:45,514 [1] ERROR -  >>  >> TraceInfo >> 0 >>  >> LCTServerMessageProxy >>?????????:COM3,
2026-02-18 19:07:45,520 [1] ERROR -  >>  >> TraceInfo >> 0 >>  >> LCTServerMessageProxy >>?????????:
2026-02-18 19:07:45,521 [1] ERROR -  >>  >> OnCompleteConnectAllController >> 0 >> ??????????
2026-02-18 19:07:45,522 [1] ERROR -  >>  >> ChangeDeviceList >> 0 >> equipmentTable.count:0
2026-02-18 19:07:45,527 [1] ERROR -  >>  >> OnDeviceChangeEvent >> 0 >> ????:??????, ????:0 
2026-02-18 19:07:55,197 [4] ERROR -  >>  >> TraceInfo >> 0 >>  >> LCTServerMessageProxy >>OnHandshakeServerPrivderCallback: ???4261696,???4261696
2026-02-18 19:08:05,210 [6] ERROR -  >>  >> TraceInfo >> 0 >>  >> LCTServerMessageProxy >>OnHandshakeServerPrivderCallback: ???4261696,???4261696
2026-02-18 19:08:15,218 [22] ERROR -  >>  >> TraceInfo >> 0 >>  >> LCTServerMessageProxy >>OnHandshakeServerPrivderCallback: ???4261696,???4261696
2026-02-18 19:08:15,621 [6] ERROR -  >>  >> Hello >> 0 >> Hello Error:System.ServiceModel.CommunicationObjectFaultedException: Impossibile utilizzare l'oggetto di comunicazione, System.ServiceModel.Channels.ServiceChannel, per la comunicazione perché è nello stato Faulted.

Server stack trace: 
   in System.ServiceModel.Channels.CommunicationObject.ThrowIfDisposedOrNotOpen()
   in System.ServiceModel.Channels.ServiceChannel.Call(String action, Boolean oneway, ProxyOperationRuntime operation, Object[] ins, Object[] outs, TimeSpan timeout)
   in System.ServiceModel.Channels.ServiceChannelProxy.InvokeService(IMethodCallMessage methodCall, ProxyOperationRuntime operation)
   in System.ServiceModel.Channels.ServiceChannelProxy.Invoke(IMessage message)

Exception rethrown at [0]: 
   in System.Runtime.Remoting.Proxies.RealProxy.HandleReturnMessage(IMessage reqMsg, IMessage retMsg)
   in System.Runtime.Remoting.Proxies.RealProxy.PrivateInvoke(MessageData& msgData, Int32 type)
   in Nova.Monitoring.Common.IDataService.Hello()
   in Nova.Monitoring.Common.DataClientBaseNew.Hello()
2026-02-18 19:08:15,625 [6] ERROR -  >>  >> Login >> 0 >> Lijin Login Error:System.ServiceModel.EndpointNotFoundException: Nessun endpoint in ascolto su net.pipe://localhost/novadata/IDataService in grado di accettare il messaggio. Ciò è spesso causato da un'azione SOAP o un indirizzo non corretto. Per ulteriori dettagli, vedere InnerException, se presente. ---> System.IO.PipeException: Impossibile trovare l'endpoint di pipe 'net.pipe://localhost/novadata/IDataService' nel computer locale. 
   --- Fine della traccia dello stack dell'eccezione interna ---

Server stack trace: 
   in System.ServiceModel.Channels.PipeConnectionInitiator.GetPipeName(Uri uri, IPipeTransportFactorySettings transportFactorySettings)
   in System.ServiceModel.Channels.PipeConnectionInitiator.PrepareConnect(Uri remoteUri, TimeSpan timeout, String& resolvedAddress, BackoffTimeoutHelper& backoffHelper)
   in System.ServiceModel.Channels.PipeConnectionInitiator.Connect(Uri remoteUri, TimeSpan timeout)
   in System.ServiceModel.Channels.BufferedConnectionInitiator.Connect(Uri uri, TimeSpan timeout)
   in System.ServiceModel.Channels.ConnectionPoolHelper.EstablishConnection(TimeSpan timeout)
   in System.ServiceModel.Channels.ClientFramingDuplexSessionChannel.OnOpen(TimeSpan timeout)
   in System.ServiceModel.Channels.CommunicationObject.Open(TimeSpan timeout)
   in System.ServiceModel.Channels.ServiceChannel.OnOpen(TimeSpan timeout)
   in System.ServiceModel.Channels.CommunicationObject.Open(TimeSpan timeout)
   in System.ServiceModel.Channels.ServiceChannel.CallOpenOnce.System.ServiceModel.Channels.ServiceChannel.ICallOnce.Call(ServiceChannel channel, TimeSpan timeout)
   in System.ServiceModel.Channels.ServiceChannel.CallOnceManager.CallOnce(TimeSpan timeout, CallOnceManager cascade)
   in System.ServiceModel.Channels.ServiceChannel.Call(String action, Boolean oneway, ProxyOperationRuntime operation, Object[] ins, Object[] outs, TimeSpan timeout)
   in System.ServiceModel.Channels.ServiceChannelProxy.InvokeService(IMethodCallMessage methodCall, ProxyOperationRuntime operation)
   in System.ServiceModel.Channels.ServiceChannelProxy.Invoke(IMessage message)

Exception rethrown at [0]: 
   in System.Runtime.Remoting.Proxies.RealProxy.HandleReturnMessage(IMessage reqMsg, IMessage retMsg)
   in System.Runtime.Remoting.Proxies.RealProxy.PrivateInvoke(MessageData& msgData, Int32 type)
   in Nova.Monitoring.Common.IDataService.Login(String name)
   in Nova.Monitoring.Common.DataClientBaseNew.Login(String name)
2026-02-18 19:08:18,632 [12] ERROR -  >>  >> Hello >> 0 >> Hello Error:System.ServiceModel.CommunicationObjectFaultedException: Impossibile utilizzare l'oggetto di comunicazione, System.ServiceModel.Channels.ServiceChannel, per la comunicazione perché è nello stato Faulted.

Server stack trace: 
   in System.ServiceModel.Channels.CommunicationObject.ThrowIfDisposedOrNotOpen()
   in System.ServiceModel.Channels.ServiceChannel.Call(String action, Boolean oneway, ProxyOperationRuntime operation, Object[] ins, Object[] outs, TimeSpan timeout)
   in System.ServiceModel.Channels.ServiceChannelProxy.InvokeService(IMethodCallMessage methodCall, ProxyOperationRuntime operation)
   in System.ServiceModel.Channels.ServiceChannelProxy.Invoke(IMessage message)

Exception rethrown at [0]: 
   in System.Runtime.Remoting.Proxies.RealProxy.HandleReturnMessage(IMessage reqMsg, IMessage retMsg)
   in System.Runtime.Remoting.Proxies.RealProxy.PrivateInvoke(MessageData& msgData, Int32 type)
   in Nova.Monitoring.Common.IDataService.Hello()
   in Nova.Monitoring.Common.DataClientBaseNew.Hello()
2026-02-18 19:08:18,636 [12] ERROR -  >>  >> Login >> 0 >> Lijin Login Error:System.ServiceModel.EndpointNotFoundException: Nessun endpoint in ascolto su net.pipe://localhost/novadata/IDataService in grado di accettare il messaggio. Ciò è spesso causato da un'azione SOAP o un indirizzo non corretto. Per ulteriori dettagli, vedere InnerException, se presente. ---> System.IO.PipeException: Impossibile trovare l'endpoint di pipe 'net.pipe://localhost/novadata/IDataService' nel computer locale. 
   --- Fine della traccia dello stack dell'eccezione interna ---

Server stack trace: 
   in System.ServiceModel.Channels.PipeConnectionInitiator.GetPipeName(Uri uri, IPipeTransportFactorySettings transportFactorySettings)
   in System.ServiceModel.Channels.PipeConnectionInitiator.PrepareConnect(Uri remoteUri, TimeSpan timeout, String& resolvedAddress, BackoffTimeoutHelper& backoffHelper)
   in System.ServiceModel.Channels.PipeConnectionInitiator.Connect(Uri remoteUri, TimeSpan timeout)
   in System.ServiceModel.Channels.BufferedConnectionInitiator.Connect(Uri uri, TimeSpan timeout)
   in System.ServiceModel.Channels.ConnectionPoolHelper.EstablishConnection(TimeSpan timeout)
   in System.ServiceModel.Channels.ClientFramingDuplexSessionChannel.OnOpen(TimeSpan timeout)
   in System.ServiceModel.Channels.CommunicationObject.Open(TimeSpan timeout)
   in System.ServiceModel.Channels.ServiceChannel.OnOpen(TimeSpan timeout)
   in System.ServiceModel.Channels.CommunicationObject.Open(TimeSpan timeout)
   in System.ServiceModel.Channels.ServiceChannel.CallOpenOnce.System.ServiceModel.Channels.ServiceChannel.ICallOnce.Call(ServiceChannel channel, TimeSpan timeout)
   in System.ServiceModel.Channels.ServiceChannel.CallOnceManager.CallOnce(TimeSpan timeout, CallOnceManager cascade)
   in System.ServiceModel.Channels.ServiceChannel.Call(String action, Boolean oneway, ProxyOperationRuntime operation, Object[] ins, Object[] outs, TimeSpan timeout)
   in System.ServiceModel.Channels.ServiceChannelProxy.InvokeService(IMethodCallMessage methodCall, ProxyOperationRuntime operation)
   in System.ServiceModel.Channels.ServiceChannelProxy.Invoke(IMessage message)

Exception rethrown at [0]: 
   in System.Runtime.Remoting.Proxies.RealProxy.HandleReturnMessage(IMessage reqMsg, IMessage retMsg)
   in System.Runtime.Remoting.Proxies.RealProxy.PrivateInvoke(MessageData& msgData, Int32 type)
   in Nova.Monitoring.Common.IDataService.Login(String name)
   in Nova.Monitoring.Common.DataClientBaseNew.Login(String name)
2026-02-18 19:08:21,647 [6] ERROR -  >>  >> Hello >> 0 >> Hello Error:System.ServiceModel.CommunicationObjectFaultedException: Impossibile utilizzare l'oggetto di comunicazione, System.ServiceModel.Channels.ServiceChannel, per la comunicazione perché è nello stato Faulted.

Server stack trace: 
   in System.ServiceModel.Channels.CommunicationObject.ThrowIfDisposedOrNotOpen()
   in System.ServiceModel.Channels.ServiceChannel.Call(String action, Boolean oneway, ProxyOperationRuntime operation, Object[] ins, Object[] outs, TimeSpan timeout)
   in System.ServiceModel.Channels.ServiceChannelProxy.InvokeService(IMethodCallMessage methodCall, ProxyOperationRuntime operation)
   in System.ServiceModel.Channels.ServiceChannelProxy.Invoke(IMessage message)

Exception rethrown at [0]: 
   in System.Runtime.Remoting.Proxies.RealProxy.HandleReturnMessage(IMessage reqMsg, IMessage retMsg)
   in System.Runtime.Remoting.Proxies.RealProxy.PrivateInvoke(MessageData& msgData, Int32 type)
   in Nova.Monitoring.Common.IDataService.Hello()
   in Nova.Monitoring.Common.DataClientBaseNew.Hello()
2026-02-18 19:08:21,650 [6] ERROR -  >>  >> Login >> 0 >> Lijin Login Error:System.ServiceModel.EndpointNotFoundException: Nessun endpoint in ascolto su net.pipe://localhost/novadata/IDataService in grado di accettare il messaggio. Ciò è spesso causato da un'azione SOAP o un indirizzo non corretto. Per ulteriori dettagli, vedere InnerException, se presente. ---> System.IO.PipeException: Impossibile trovare l'endpoint di pipe 'net.pipe://localhost/novadata/IDataService' nel computer locale. 
   --- Fine della traccia dello stack dell'eccezione interna ---

Server stack trace: 
   in System.ServiceModel.Channels.PipeConnectionInitiator.GetPipeName(Uri uri, IPipeTransportFactorySettings transportFactorySettings)
   in System.ServiceModel.Channels.PipeConnectionInitiator.PrepareConnect(Uri remoteUri, TimeSpan timeout, String& resolvedAddress, BackoffTimeoutHelper& backoffHelper)
   in System.ServiceModel.Channels.PipeConnectionInitiator.Connect(Uri remoteUri, TimeSpan timeout)
   in System.ServiceModel.Channels.BufferedConnectionInitiator.Connect(Uri uri, TimeSpan timeout)
   in System.ServiceModel.Channels.ConnectionPoolHelper.EstablishConnection(TimeSpan timeout)
   in System.ServiceModel.Channels.ClientFramingDuplexSessionChannel.OnOpen(TimeSpan timeout)
   in System.ServiceModel.Channels.CommunicationObject.Open(TimeSpan timeout)
   in System.ServiceModel.Channels.ServiceChannel.OnOpen(TimeSpan timeout)
   in System.ServiceModel.Channels.CommunicationObject.Open(TimeSpan timeout)
   in System.ServiceModel.Channels.ServiceChannel.CallOpenOnce.System.ServiceModel.Channels.ServiceChannel.ICallOnce.Call(ServiceChannel channel, TimeSpan timeout)
   in System.ServiceModel.Channels.ServiceChannel.CallOnceManager.CallOnce(TimeSpan timeout, CallOnceManager cascade)
   in System.ServiceModel.Channels.ServiceChannel.Call(String action, Boolean oneway, ProxyOperationRuntime operation, Object[] ins, Object[] outs, TimeSpan timeout)
   in System.ServiceModel.Channels.ServiceChannelProxy.InvokeService(IMethodCallMessage methodCall, ProxyOperationRuntime operation)
   in System.ServiceModel.Channels.ServiceChannelProxy.Invoke(IMessage message)

Exception rethrown at [0]: 
   in System.Runtime.Remoting.Proxies.RealProxy.HandleReturnMessage(IMessage reqMsg, IMessage retMsg)
   in System.Runtime.Remoting.Proxies.RealProxy.PrivateInvoke(MessageData& msgData, Int32 type)
   in Nova.Monitoring.Common.IDataService.Login(String name)
   in Nova.Monitoring.Common.DataClientBaseNew.Login(String name)
2026-02-18 19:09:08,467 [11] ERROR -  >>  >> Login >> 0 >> Lijin Login Error:System.ServiceModel.EndpointNotFoundException: Nessun endpoint in ascolto su net.pipe://localhost/novadata/IDataService in grado di accettare il messaggio. Ciò è spesso causato da un'azione SOAP o un indirizzo non corretto. Per ulteriori dettagli, vedere InnerException, se presente. ---> System.IO.PipeException: Impossibile trovare l'endpoint di pipe 'net.pipe://localhost/novadata/IDataService' nel computer locale. 
   --- Fine della traccia dello stack dell'eccezione interna ---

Server stack trace: 
   in System.ServiceModel.Channels.PipeConnectionInitiator.GetPipeName(Uri uri, IPipeTransportFactorySettings transportFactorySettings)
   in System.ServiceModel.Channels.NamedPipeConnectionPoolRegistry.NamedPipeConnectionPool.GetPoolKey(EndpointAddress address, Uri via)
   in System.ServiceModel.Channels.CommunicationPool`2.TakeConnection(EndpointAddress address, Uri via, TimeSpan timeout, TKey& key)
   in System.ServiceModel.Channels.ConnectionPoolHelper.EstablishConnection(TimeSpan timeout)
   in System.ServiceModel.Channels.ClientFramingDuplexSessionChannel.OnOpen(TimeSpan timeout)
   in System.ServiceModel.Channels.CommunicationObject.Open(TimeSpan timeout)
   in System.ServiceModel.Channels.ServiceChannel.OnOpen(TimeSpan timeout)
   in System.ServiceModel.Channels.CommunicationObject.Open(TimeSpan timeout)
   in System.ServiceModel.Channels.ServiceChannel.CallOpenOnce.System.ServiceModel.Channels.ServiceChannel.ICallOnce.Call(ServiceChannel channel, TimeSpan timeout)
   in System.ServiceModel.Channels.ServiceChannel.CallOnceManager.CallOnce(TimeSpan timeout, CallOnceManager cascade)
   in System.ServiceModel.Channels.ServiceChannel.Call(String action, Boolean oneway, ProxyOperationRuntime operation, Object[] ins, Object[] outs, TimeSpan timeout)
   in System.ServiceModel.Channels.ServiceChannelProxy.InvokeService(IMethodCallMessage methodCall, ProxyOperationRuntime operation)
   in System.ServiceModel.Channels.ServiceChannelProxy.Invoke(IMessage message)

Exception rethrown at [0]: 
   in System.Runtime.Remoting.Proxies.RealProxy.HandleReturnMessage(IMessage reqMsg, IMessage retMsg)
   in System.Runtime.Remoting.Proxies.RealProxy.PrivateInvoke(MessageData& msgData, Int32 type)
   in Nova.Monitoring.Common.IDataService.Login(String name)
   in Nova.Monitoring.Common.DataClientBaseNew.Login(String name)
2026-02-18 19:09:08,497 [11] ERROR -  >>  >> Hello >> 0 >> Hello Error:System.ServiceModel.CommunicationObjectFaultedException: Impossibile utilizzare l'oggetto di comunicazione, System.ServiceModel.Channels.ServiceChannel, per la comunicazione perché è nello stato Faulted.

Server stack trace: 
   in System.ServiceModel.Channels.CommunicationObject.ThrowIfDisposedOrNotOpen()
   in System.ServiceModel.Channels.ServiceChannel.Call(String action, Boolean oneway, ProxyOperationRuntime operation, Object[] ins, Object[] outs, TimeSpan timeout)
   in System.ServiceModel.Channels.ServiceChannelProxy.InvokeService(IMethodCallMessage methodCall, ProxyOperationRuntime operation)
   in System.ServiceModel.Channels.ServiceChannelProxy.Invoke(IMessage message)

Exception rethrown at [0]: 
   in System.Runtime.Remoting.Proxies.RealProxy.HandleReturnMessage(IMessage reqMsg, IMessage retMsg)
   in System.Runtime.Remoting.Proxies.RealProxy.PrivateInvoke(MessageData& msgData, Int32 type)
   in Nova.Monitoring.Common.IDataService.Hello()
   in Nova.Monitoring.Common.DataClientBaseNew.Hello()
2026-02-18 19:09:08,512 [11] ERROR -  >>  >> Login >> 0 >> Lijin Login Error:System.ServiceModel.EndpointNotFoundException: Nessun endpoint in ascolto su net.pipe://localhost/novadata/IDataService in grado di accettare il messaggio. Ciò è spesso causato da un'azione SOAP o un indirizzo non corretto. Per ulteriori dettagli, vedere InnerException, se presente. ---> System.IO.PipeException: Impossibile trovare l'endpoint di pipe 'net.pipe://localhost/novadata/IDataService' nel computer locale. 
   --- Fine della traccia dello stack dell'eccezione interna ---

Server stack trace: 
   in System.ServiceModel.Channels.PipeConnectionInitiator.GetPipeName(Uri uri, IPipeTransportFactorySettings transportFactorySettings)
   in System.ServiceModel.Channels.NamedPipeConnectionPoolRegistry.NamedPipeConnectionPool.GetPoolKey(EndpointAddress address, Uri via)
   in System.ServiceModel.Channels.CommunicationPool`2.TakeConnection(EndpointAddress address, Uri via, TimeSpan timeout, TKey& key)
   in System.ServiceModel.Channels.ConnectionPoolHelper.EstablishConnection(TimeSpan timeout)
   in System.ServiceModel.Channels.ClientFramingDuplexSessionChannel.OnOpen(TimeSpan timeout)
   in System.ServiceModel.Channels.CommunicationObject.Open(TimeSpan timeout)
   in System.ServiceModel.Channels.ServiceChannel.OnOpen(TimeSpan timeout)
   in System.ServiceModel.Channels.CommunicationObject.Open(TimeSpan timeout)
   in System.ServiceModel.Channels.ServiceChannel.CallOpenOnce.System.ServiceModel.Channels.ServiceChannel.ICallOnce.Call(ServiceChannel channel, TimeSpan timeout)
   in System.ServiceModel.Channels.ServiceChannel.CallOnceManager.CallOnce(TimeSpan timeout, CallOnceManager cascade)
   in System.ServiceModel.Channels.ServiceChannel.Call(String action, Boolean oneway, ProxyOperationRuntime operation, Object[] ins, Object[] outs, TimeSpan timeout)
   in System.ServiceModel.Channels.ServiceChannelProxy.InvokeService(IMethodCallMessage methodCall, ProxyOperationRuntime operation)
   in System.ServiceModel.Channels.ServiceChannelProxy.Invoke(IMessage message)

Exception rethrown at [0]: 
   in System.Runtime.Remoting.Proxies.RealProxy.HandleReturnMessage(IMessage reqMsg, IMessage retMsg)
   in System.Runtime.Remoting.Proxies.RealProxy.PrivateInvoke(MessageData& msgData, Int32 type)
   in Nova.Monitoring.Common.IDataService.Login(String name)
   in Nova.Monitoring.Common.DataClientBaseNew.Login(String name)
2026-02-18 19:09:09,345 [11] ERROR -  >>  >> ExecuteCommand >> 0 >> System.ServiceModel.CommunicationObjectFaultedException: Impossibile utilizzare l'oggetto di comunicazione, System.ServiceModel.Channels.ServiceChannel, per la comunicazione perché è nello stato Faulted.

Server stack trace: 
   in System.ServiceModel.Channels.CommunicationObject.ThrowIfDisposedOrNotOpen()
   in System.ServiceModel.Channels.ServiceChannel.Call(String action, Boolean oneway, ProxyOperationRuntime operation, Object[] ins, Object[] outs, TimeSpan timeout)
   in System.ServiceModel.Channels.ServiceChannelProxy.InvokeService(IMethodCallMessage methodCall, ProxyOperationRuntime operation)
   in System.ServiceModel.Channels.ServiceChannelProxy.Invoke(IMessage message)

Exception rethrown at [0]: 
   in System.Runtime.Remoting.Proxies.RealProxy.HandleReturnMessage(IMessage reqMsg, IMessage retMsg)
   in System.Runtime.Remoting.Proxies.RealProxy.PrivateInvoke(MessageData& msgData, Int32 type)
   in Nova.Monitoring.Common.IDataService.ExecuteCommand(Int32 code, String data)
   in Nova.LCT.GigabitSystem.MonitorClientManager.MonitorClient.ExecuteCommand(Int32 code, String data, Boolean catchError)
2026-02-18 19:09:09,527 [11] ERROR -  >>  >> Hello >> 0 >> Hello Error:System.ServiceModel.CommunicationObjectFaultedException: Impossibile utilizzare l'oggetto di comunicazione, System.ServiceModel.Channels.ServiceChannel, per la comunicazione perché è nello stato Faulted.

Server stack trace: 
   in System.ServiceModel.Channels.CommunicationObject.ThrowIfDisposedOrNotOpen()
   in System.ServiceModel.Channels.ServiceChannel.Call(String action, Boolean oneway, ProxyOperationRuntime operation, Object[] ins, Object[] outs, TimeSpan timeout)
   in System.ServiceModel.Channels.ServiceChannelProxy.InvokeService(IMethodCallMessage methodCall, ProxyOperationRuntime operation)
   in System.ServiceModel.Channels.ServiceChannelProxy.Invoke(IMessage message)

Exception rethrown at [0]: 
   in System.Runtime.Remoting.Proxies.RealProxy.HandleReturnMessage(IMessage reqMsg, IMessage retMsg)
   in System.Runtime.Remoting.Proxies.RealProxy.PrivateInvoke(MessageData& msgData, Int32 type)
   in Nova.Monitoring.Common.IDataService.Hello()
   in Nova.Monitoring.Common.DataClientBaseNew.Hello()
2026-02-18 19:09:09,532 [11] ERROR -  >>  >> Login >> 0 >> Lijin Login Error:System.ServiceModel.EndpointNotFoundException: Nessun endpoint in ascolto su net.pipe://localhost/novadata/IDataService in grado di accettare il messaggio. Ciò è spesso causato da un'azione SOAP o un indirizzo non corretto. Per ulteriori dettagli, vedere InnerException, se presente. ---> System.IO.PipeException: Impossibile trovare l'endpoint di pipe 'net.pipe://localhost/novadata/IDataService' nel computer locale. 
   --- Fine della traccia dello stack dell'eccezione interna ---

Server stack trace: 
   in System.ServiceModel.Channels.PipeConnectionInitiator.GetPipeName(Uri uri, IPipeTransportFactorySettings transportFactorySettings)
   in System.ServiceModel.Channels.NamedPipeConnectionPoolRegistry.NamedPipeConnectionPool.GetPoolKey(EndpointAddress address, Uri via)
   in System.ServiceModel.Channels.CommunicationPool`2.TakeConnection(EndpointAddress address, Uri via, TimeSpan timeout, TKey& key)
   in System.ServiceModel.Channels.ConnectionPoolHelper.EstablishConnection(TimeSpan timeout)
   in System.ServiceModel.Channels.ClientFramingDuplexSessionChannel.OnOpen(TimeSpan timeout)
   in System.ServiceModel.Channels.CommunicationObject.Open(TimeSpan timeout)
   in System.ServiceModel.Channels.ServiceChannel.OnOpen(TimeSpan timeout)
   in System.ServiceModel.Channels.CommunicationObject.Open(TimeSpan timeout)
   in System.ServiceModel.Channels.ServiceChannel.CallOpenOnce.System.ServiceModel.Channels.ServiceChannel.ICallOnce.Call(ServiceChannel channel, TimeSpan timeout)
   in System.ServiceModel.Channels.ServiceChannel.CallOnceManager.CallOnce(TimeSpan timeout, CallOnceManager cascade)
   in System.ServiceModel.Channels.ServiceChannel.Call(String action, Boolean oneway, ProxyOperationRuntime operation, Object[] ins, Object[] outs, TimeSpan timeout)
   in System.ServiceModel.Channels.ServiceChannelProxy.InvokeService(IMethodCallMessage methodCall, ProxyOperationRuntime operation)
   in System.ServiceModel.Channels.ServiceChannelProxy.Invoke(IMessage message)

Exception rethrown at [0]: 
   in System.Runtime.Remoting.Proxies.RealProxy.HandleReturnMessage(IMessage reqMsg, IMessage retMsg)
   in System.Runtime.Remoting.Proxies.RealProxy.PrivateInvoke(MessageData& msgData, Int32 type)
   in Nova.Monitoring.Common.IDataService.Login(String name)
   in Nova.Monitoring.Common.DataClientBaseNew.Login(String name)
2026-02-18 19:09:10,077 [1] ERROR -  >>  >> TraceInfo >> 0 >>  >> LCTServerMessageProxy >>?????????:,3.1.1
2026-02-18 19:09:10,518 [19] ERROR -  >>  >> TraceInfo >> 0 >>  >> LCTServerMessageProxy >>OnHandshakeServerPrivderCallback: ???1704372,???1704372
2026-02-18 19:09:10,650 [5] ERROR -  >>  >> OnEquipmentChangeEvent >> 0 >> ?????????
2026-02-18 19:09:10,800 [1] ERROR -  >>  >> ChangeDeviceList >> 0 >> equipmentTable.count:0
2026-02-18 19:09:10,811 [5] ERROR -  >>  >> OnEquipmentChangeEvent >> 0 >> ????,???0!!!
2026-02-18 19:09:15,506 [1] ERROR -  >>  >> TraceInfo >> 0 >>  >> LCTServerMessageProxy >>?????????:COM3,
2026-02-18 19:09:15,508 [1] ERROR -  >>  >> TraceInfo >> 0 >>  >> LCTServerMessageProxy >>?????????:
2026-02-18 19:09:15,509 [1] ERROR -  >>  >> OnCompleteConnectAllController >> 0 >> ??????????
2026-02-18 19:09:15,510 [1] ERROR -  >>  >> ChangeDeviceList >> 0 >> equipmentTable.count:0
2026-02-18 19:09:15,516 [1] ERROR -  >>  >> OnDeviceChangeEvent >> 0 >> ????:??????, ????:0 
2026-02-18 19:09:15,520 [1] ERROR -  >>  >> TraceInfo >> 0 >>  >> LCTServerMessageProxy >>?????????:
2026-02-18 19:09:15,521 [1] ERROR -  >>  >> OnEquipmentChangeEvent >> 0 >> ?????????
2026-02-18 19:09:15,522 [1] ERROR -  >>  >> ChangeDeviceList >> 0 >> equipmentTable.count:0
2026-02-18 19:09:15,525 [1] ERROR -  >>  >> OnEquipmentChangeEvent >> 0 >> ????,???0!!!
2026-02-18 19:09:20,527 [5] ERROR -  >>  >> TraceInfo >> 0 >>  >> LCTServerMessageProxy >>OnHandshakeServerPrivderCallback: ???1704372,???1704372
2026-02-18 19:09:28,128 [6] ERROR -  >>  >> <UploadBakFile>b__0 >> 0 >> ?LCT????????????? -- Sleep Finished
2026-02-18 19:09:30,535 [8] ERROR -  >>  >> TraceInfo >> 0 >>  >> LCTServerMessageProxy >>OnHandshakeServerPrivderCallback: ???1704372,???1704372
2026-02-18 19:09:40,540 [8] ERROR -  >>  >> TraceInfo >> 0 >>  >> LCTServerMessageProxy >>OnHandshakeServerPrivderCallback: ???1704372,???1704372
2026-02-18 19:09:50,558 [10] ERROR -  >>  >> TraceInfo >> 0 >>  >> LCTServerMessageProxy >>OnHandshakeServerPrivderCallback: ???1704372,???1704372
2026-02-18 19:09:51,005 [1] ERROR -  >>  >> TraceInfo >> 0 >>  >> LCTServerMessageProxy >>?????????:COM3,
2026-02-18 19:09:51,013 [1] ERROR -  >>  >> TraceInfo >> 0 >>  >> LCTServerMessageProxy >>?????????:
2026-02-18 19:09:51,015 [1] ERROR -  >>  >> OnCompleteConnectAllController >> 0 >> ??????????
2026-02-18 19:09:51,016 [1] ERROR -  >>  >> ChangeDeviceList >> 0 >> equipmentTable.count:0
2026-02-18 19:09:51,024 [1] ERROR -  >>  >> OnDeviceChangeEvent >> 0 >> ????:??????, ????:0 
2026-02-18 19:10:00,565 [4] ERROR -  >>  >> TraceInfo >> 0 >>  >> LCTServerMessageProxy >>OnHandshakeServerPrivderCallback: ???1704372,???1704372
2026-02-18 19:10:10,571 [6] ERROR -  >>  >> TraceInfo >> 0 >>  >> LCTServerMessageProxy >>OnHandshakeServerPrivderCallback: ???1704372,???1704372
2026-02-18 19:10:11,724 [5] ERROR -  >>  >> Hello >> 0 >> Hello Error:System.ServiceModel.CommunicationObjectFaultedException: Impossibile utilizzare l'oggetto di comunicazione, System.ServiceModel.Channels.ServiceChannel, per la comunicazione perché è nello stato Faulted.

Server stack trace: 
   in System.ServiceModel.Channels.CommunicationObject.ThrowIfDisposedOrNotOpen()
   in System.ServiceModel.Channels.ServiceChannel.Call(String action, Boolean oneway, ProxyOperationRuntime operation, Object[] ins, Object[] outs, TimeSpan timeout)
   in System.ServiceModel.Channels.ServiceChannelProxy.InvokeService(IMethodCallMessage methodCall, ProxyOperationRuntime operation)
   in System.ServiceModel.Channels.ServiceChannelProxy.Invoke(IMessage message)

Exception rethrown at [0]: 
   in System.Runtime.Remoting.Proxies.RealProxy.HandleReturnMessage(IMessage reqMsg, IMessage retMsg)
   in System.Runtime.Remoting.Proxies.RealProxy.PrivateInvoke(MessageData& msgData, Int32 type)
   in Nova.Monitoring.Common.IDataService.Hello()
   in Nova.Monitoring.Common.DataClientBaseNew.Hello()
2026-02-18 19:10:11,728 [5] ERROR -  >>  >> Login >> 0 >> Lijin Login Error:System.ServiceModel.EndpointNotFoundException: Nessun endpoint in ascolto su net.pipe://localhost/novadata/IDataService in grado di accettare il messaggio. Ciò è spesso causato da un'azione SOAP o un indirizzo non corretto. Per ulteriori dettagli, vedere InnerException, se presente. ---> System.IO.PipeException: Impossibile trovare l'endpoint di pipe 'net.pipe://localhost/novadata/IDataService' nel computer locale. 
   --- Fine della traccia dello stack dell'eccezione interna ---

Server stack trace: 
   in System.ServiceModel.Channels.PipeConnectionInitiator.GetPipeName(Uri uri, IPipeTransportFactorySettings transportFactorySettings)
   in System.ServiceModel.Channels.PipeConnectionInitiator.PrepareConnect(Uri remoteUri, TimeSpan timeout, String& resolvedAddress, BackoffTimeoutHelper& backoffHelper)
   in System.ServiceModel.Channels.PipeConnectionInitiator.Connect(Uri remoteUri, TimeSpan timeout)
   in System.ServiceModel.Channels.BufferedConnectionInitiator.Connect(Uri uri, TimeSpan timeout)
   in System.ServiceModel.Channels.ConnectionPoolHelper.EstablishConnection(TimeSpan timeout)
   in System.ServiceModel.Channels.ClientFramingDuplexSessionChannel.OnOpen(TimeSpan timeout)
   in System.ServiceModel.Channels.CommunicationObject.Open(TimeSpan timeout)
   in System.ServiceModel.Channels.ServiceChannel.OnOpen(TimeSpan timeout)
   in System.ServiceModel.Channels.CommunicationObject.Open(TimeSpan timeout)
   in System.ServiceModel.Channels.ServiceChannel.CallOpenOnce.System.ServiceModel.Channels.ServiceChannel.ICallOnce.Call(ServiceChannel channel, TimeSpan timeout)
   in System.ServiceModel.Channels.ServiceChannel.CallOnceManager.CallOnce(TimeSpan timeout, CallOnceManager cascade)
   in System.ServiceModel.Channels.ServiceChannel.Call(String action, Boolean oneway, ProxyOperationRuntime operation, Object[] ins, Object[] outs, TimeSpan timeout)
   in System.ServiceModel.Channels.ServiceChannelProxy.InvokeService(IMethodCallMessage methodCall, ProxyOperationRuntime operation)
   in System.ServiceModel.Channels.ServiceChannelProxy.Invoke(IMessage message)

Exception rethrown at [0]: 
   in System.Runtime.Remoting.Proxies.RealProxy.HandleReturnMessage(IMessage reqMsg, IMessage retMsg)
   in System.Runtime.Remoting.Proxies.RealProxy.PrivateInvoke(MessageData& msgData, Int32 type)
   in Nova.Monitoring.Common.IDataService.Login(String name)
   in Nova.Monitoring.Common.DataClientBaseNew.Login(String name)
2026-02-18 19:10:14,739 [5] ERROR -  >>  >> Hello >> 0 >> Hello Error:System.ServiceModel.CommunicationObjectFaultedException: Impossibile utilizzare l'oggetto di comunicazione, System.ServiceModel.Channels.ServiceChannel, per la comunicazione perché è nello stato Faulted.

Server stack trace: 
   in System.ServiceModel.Channels.CommunicationObject.ThrowIfDisposedOrNotOpen()
   in System.ServiceModel.Channels.ServiceChannel.Call(String action, Boolean oneway, ProxyOperationRuntime operation, Object[] ins, Object[] outs, TimeSpan timeout)
   in System.ServiceModel.Channels.ServiceChannelProxy.InvokeService(IMethodCallMessage methodCall, ProxyOperationRuntime operation)
   in System.ServiceModel.Channels.ServiceChannelProxy.Invoke(IMessage message)

Exception rethrown at [0]: 
   in System.Runtime.Remoting.Proxies.RealProxy.HandleReturnMessage(IMessage reqMsg, IMessage retMsg)
   in System.Runtime.Remoting.Proxies.RealProxy.PrivateInvoke(MessageData& msgData, Int32 type)
   in Nova.Monitoring.Common.IDataService.Hello()
   in Nova.Monitoring.Common.DataClientBaseNew.Hello()
2026-02-18 19:10:14,742 [5] ERROR -  >>  >> Login >> 0 >> Lijin Login Error:System.ServiceModel.EndpointNotFoundException: Nessun endpoint in ascolto su net.pipe://localhost/novadata/IDataService in grado di accettare il messaggio. Ciò è spesso causato da un'azione SOAP o un indirizzo non corretto. Per ulteriori dettagli, vedere InnerException, se presente. ---> System.IO.PipeException: Impossibile trovare l'endpoint di pipe 'net.pipe://localhost/novadata/IDataService' nel computer locale. 
   --- Fine della traccia dello stack dell'eccezione interna ---

Server stack trace: 
   in System.ServiceModel.Channels.PipeConnectionInitiator.GetPipeName(Uri uri, IPipeTransportFactorySettings transportFactorySettings)
   in System.ServiceModel.Channels.PipeConnectionInitiator.PrepareConnect(Uri remoteUri, TimeSpan timeout, String& resolvedAddress, BackoffTimeoutHelper& backoffHelper)
   in System.ServiceModel.Channels.PipeConnectionInitiator.Connect(Uri remoteUri, TimeSpan timeout)
   in System.ServiceModel.Channels.BufferedConnectionInitiator.Connect(Uri uri, TimeSpan timeout)
   in System.ServiceModel.Channels.ConnectionPoolHelper.EstablishConnection(TimeSpan timeout)
   in System.ServiceModel.Channels.ClientFramingDuplexSessionChannel.OnOpen(TimeSpan timeout)
   in System.ServiceModel.Channels.CommunicationObject.Open(TimeSpan timeout)
   in System.ServiceModel.Channels.ServiceChannel.OnOpen(TimeSpan timeout)
   in System.ServiceModel.Channels.CommunicationObject.Open(TimeSpan timeout)
   in System.ServiceModel.Channels.ServiceChannel.CallOpenOnce.System.ServiceModel.Channels.ServiceChannel.ICallOnce.Call(ServiceChannel channel, TimeSpan timeout)
   in System.ServiceModel.Channels.ServiceChannel.CallOnceManager.CallOnce(TimeSpan timeout, CallOnceManager cascade)
   in System.ServiceModel.Channels.ServiceChannel.Call(String action, Boolean oneway, ProxyOperationRuntime operation, Object[] ins, Object[] outs, TimeSpan timeout)
   in System.ServiceModel.Channels.ServiceChannelProxy.InvokeService(IMethodCallMessage methodCall, ProxyOperationRuntime operation)
   in System.ServiceModel.Channels.ServiceChannelProxy.Invoke(IMessage message)

Exception rethrown at [0]: 
   in System.Runtime.Remoting.Proxies.RealProxy.HandleReturnMessage(IMessage reqMsg, IMessage retMsg)
   in System.Runtime.Remoting.Proxies.RealProxy.PrivateInvoke(MessageData& msgData, Int32 type)
   in Nova.Monitoring.Common.IDataService.Login(String name)
   in Nova.Monitoring.Common.DataClientBaseNew.Login(String name)
2026-02-19 00:31:28,626 [10] ERROR -  >>  >> Login >> 0 >> Lijin Login Error:System.ServiceModel.EndpointNotFoundException: Nessun endpoint in ascolto su net.pipe://localhost/novadata/IDataService in grado di accettare il messaggio. Ciò è spesso causato da un'azione SOAP o un indirizzo non corretto. Per ulteriori dettagli, vedere InnerException, se presente. ---> System.IO.PipeException: Impossibile trovare l'endpoint di pipe 'net.pipe://localhost/novadata/IDataService' nel computer locale. 
   --- Fine della traccia dello stack dell'eccezione interna ---

Server stack trace: 
   in System.ServiceModel.Channels.PipeConnectionInitiator.GetPipeName(Uri uri, IPipeTransportFactorySettings transportFactorySettings)
   in System.ServiceModel.Channels.NamedPipeConnectionPoolRegistry.NamedPipeConnectionPool.GetPoolKey(EndpointAddress address, Uri via)
   in System.ServiceModel.Channels.CommunicationPool`2.TakeConnection(EndpointAddress address, Uri via, TimeSpan timeout, TKey& key)
   in System.ServiceModel.Channels.ConnectionPoolHelper.EstablishConnection(TimeSpan timeout)
   in System.ServiceModel.Channels.ClientFramingDuplexSessionChannel.OnOpen(TimeSpan timeout)
   in System.ServiceModel.Channels.CommunicationObject.Open(TimeSpan timeout)
   in System.ServiceModel.Channels.ServiceChannel.OnOpen(TimeSpan timeout)
   in System.ServiceModel.Channels.CommunicationObject.Open(TimeSpan timeout)
   in System.ServiceModel.Channels.ServiceChannel.CallOpenOnce.System.ServiceModel.Channels.ServiceChannel.ICallOnce.Call(ServiceChannel channel, TimeSpan timeout)
   in System.ServiceModel.Channels.ServiceChannel.CallOnceManager.CallOnce(TimeSpan timeout, CallOnceManager cascade)
   in System.ServiceModel.Channels.ServiceChannel.Call(String action, Boolean oneway, ProxyOperationRuntime operation, Object[] ins, Object[] outs, TimeSpan timeout)
   in System.ServiceModel.Channels.ServiceChannelProxy.InvokeService(IMethodCallMessage methodCall, ProxyOperationRuntime operation)
   in System.ServiceModel.Channels.ServiceChannelProxy.Invoke(IMessage message)

Exception rethrown at [0]: 
   in System.Runtime.Remoting.Proxies.RealProxy.HandleReturnMessage(IMessage reqMsg, IMessage retMsg)
   in System.Runtime.Remoting.Proxies.RealProxy.PrivateInvoke(MessageData& msgData, Int32 type)
   in Nova.Monitoring.Common.IDataService.Login(String name)
   in Nova.Monitoring.Common.DataClientBaseNew.Login(String name)
2026-02-19 00:31:28,808 [10] ERROR -  >>  >> Hello >> 0 >> Hello Error:System.ServiceModel.CommunicationObjectFaultedException: Impossibile utilizzare l'oggetto di comunicazione, System.ServiceModel.Channels.ServiceChannel, per la comunicazione perché è nello stato Faulted.

Server stack trace: 
   in System.ServiceModel.Channels.CommunicationObject.ThrowIfDisposedOrNotOpen()
   in System.ServiceModel.Channels.ServiceChannel.Call(String action, Boolean oneway, ProxyOperationRuntime operation, Object[] ins, Object[] outs, TimeSpan timeout)
   in System.ServiceModel.Channels.ServiceChannelProxy.InvokeService(IMethodCallMessage methodCall, ProxyOperationRuntime operation)
   in System.ServiceModel.Channels.ServiceChannelProxy.Invoke(IMessage message)

Exception rethrown at [0]: 
   in System.Runtime.Remoting.Proxies.RealProxy.HandleReturnMessage(IMessage reqMsg, IMessage retMsg)
   in System.Runtime.Remoting.Proxies.RealProxy.PrivateInvoke(MessageData& msgData, Int32 type)
   in Nova.Monitoring.Common.IDataService.Hello()
   in Nova.Monitoring.Common.DataClientBaseNew.Hello()
2026-02-19 00:31:28,825 [10] ERROR -  >>  >> Login >> 0 >> Lijin Login Error:System.ServiceModel.EndpointNotFoundException: Nessun endpoint in ascolto su net.pipe://localhost/novadata/IDataService in grado di accettare il messaggio. Ciò è spesso causato da un'azione SOAP o un indirizzo non corretto. Per ulteriori dettagli, vedere InnerException, se presente. ---> System.IO.PipeException: Impossibile trovare l'endpoint di pipe 'net.pipe://localhost/novadata/IDataService' nel computer locale. 
   --- Fine della traccia dello stack dell'eccezione interna ---

Server stack trace: 
   in System.ServiceModel.Channels.PipeConnectionInitiator.GetPipeName(Uri uri, IPipeTransportFactorySettings transportFactorySettings)
   in System.ServiceModel.Channels.NamedPipeConnectionPoolRegistry.NamedPipeConnectionPool.GetPoolKey(EndpointAddress address, Uri via)
   in System.ServiceModel.Channels.CommunicationPool`2.TakeConnection(EndpointAddress address, Uri via, TimeSpan timeout, TKey& key)
   in System.ServiceModel.Channels.ConnectionPoolHelper.EstablishConnection(TimeSpan timeout)
   in System.ServiceModel.Channels.ClientFramingDuplexSessionChannel.OnOpen(TimeSpan timeout)
   in System.ServiceModel.Channels.CommunicationObject.Open(TimeSpan timeout)
   in System.ServiceModel.Channels.ServiceChannel.OnOpen(TimeSpan timeout)
   in System.ServiceModel.Channels.CommunicationObject.Open(TimeSpan timeout)
   in System.ServiceModel.Channels.ServiceChannel.CallOpenOnce.System.ServiceModel.Channels.ServiceChannel.ICallOnce.Call(ServiceChannel channel, TimeSpan timeout)
   in System.ServiceModel.Channels.ServiceChannel.CallOnceManager.CallOnce(TimeSpan timeout, CallOnceManager cascade)
   in System.ServiceModel.Channels.ServiceChannel.Call(String action, Boolean oneway, ProxyOperationRuntime operation, Object[] ins, Object[] outs, TimeSpan timeout)
   in System.ServiceModel.Channels.ServiceChannelProxy.InvokeService(IMethodCallMessage methodCall, ProxyOperationRuntime operation)
   in System.ServiceModel.Channels.ServiceChannelProxy.Invoke(IMessage message)

Exception rethrown at [0]: 
   in System.Runtime.Remoting.Proxies.RealProxy.HandleReturnMessage(IMessage reqMsg, IMessage retMsg)
   in System.Runtime.Remoting.Proxies.RealProxy.PrivateInvoke(MessageData& msgData, Int32 type)
   in Nova.Monitoring.Common.IDataService.Login(String name)
   in Nova.Monitoring.Common.DataClientBaseNew.Login(String name)
2026-02-19 00:31:29,836 [5] ERROR -  >>  >> Hello >> 0 >> Hello Error:System.ServiceModel.CommunicationObjectFaultedException: Impossibile utilizzare l'oggetto di comunicazione, System.ServiceModel.Channels.ServiceChannel, per la comunicazione perché è nello stato Faulted.

Server stack trace: 
   in System.ServiceModel.Channels.CommunicationObject.ThrowIfDisposedOrNotOpen()
   in System.ServiceModel.Channels.ServiceChannel.Call(String action, Boolean oneway, ProxyOperationRuntime operation, Object[] ins, Object[] outs, TimeSpan timeout)
   in System.ServiceModel.Channels.ServiceChannelProxy.InvokeService(IMethodCallMessage methodCall, ProxyOperationRuntime operation)
   in System.ServiceModel.Channels.ServiceChannelProxy.Invoke(IMessage message)

Exception rethrown at [0]: 
   in System.Runtime.Remoting.Proxies.RealProxy.HandleReturnMessage(IMessage reqMsg, IMessage retMsg)
   in System.Runtime.Remoting.Proxies.RealProxy.PrivateInvoke(MessageData& msgData, Int32 type)
   in Nova.Monitoring.Common.IDataService.Hello()
   in Nova.Monitoring.Common.DataClientBaseNew.Hello()
2026-02-19 00:31:29,841 [5] ERROR -  >>  >> Login >> 0 >> Lijin Login Error:System.ServiceModel.EndpointNotFoundException: Nessun endpoint in ascolto su net.pipe://localhost/novadata/IDataService in grado di accettare il messaggio. Ciò è spesso causato da un'azione SOAP o un indirizzo non corretto. Per ulteriori dettagli, vedere InnerException, se presente. ---> System.IO.PipeException: Impossibile trovare l'endpoint di pipe 'net.pipe://localhost/novadata/IDataService' nel computer locale. 
   --- Fine della traccia dello stack dell'eccezione interna ---

Server stack trace: 
   in System.ServiceModel.Channels.PipeConnectionInitiator.GetPipeName(Uri uri, IPipeTransportFactorySettings transportFactorySettings)
   in System.ServiceModel.Channels.NamedPipeConnectionPoolRegistry.NamedPipeConnectionPool.GetPoolKey(EndpointAddress address, Uri via)
   in System.ServiceModel.Channels.CommunicationPool`2.TakeConnection(EndpointAddress address, Uri via, TimeSpan timeout, TKey& key)
   in System.ServiceModel.Channels.ConnectionPoolHelper.EstablishConnection(TimeSpan timeout)
   in System.ServiceModel.Channels.ClientFramingDuplexSessionChannel.OnOpen(TimeSpan timeout)
   in System.ServiceModel.Channels.CommunicationObject.Open(TimeSpan timeout)
   in System.ServiceModel.Channels.ServiceChannel.OnOpen(TimeSpan timeout)
   in System.ServiceModel.Channels.CommunicationObject.Open(TimeSpan timeout)
   in System.ServiceModel.Channels.ServiceChannel.CallOpenOnce.System.ServiceModel.Channels.ServiceChannel.ICallOnce.Call(ServiceChannel channel, TimeSpan timeout)
   in System.ServiceModel.Channels.ServiceChannel.CallOnceManager.CallOnce(TimeSpan timeout, CallOnceManager cascade)
   in System.ServiceModel.Channels.ServiceChannel.Call(String action, Boolean oneway, ProxyOperationRuntime operation, Object[] ins, Object[] outs, TimeSpan timeout)
   in System.ServiceModel.Channels.ServiceChannelProxy.InvokeService(IMethodCallMessage methodCall, ProxyOperationRuntime operation)
   in System.ServiceModel.Channels.ServiceChannelProxy.Invoke(IMessage message)

Exception rethrown at [0]: 
   in System.Runtime.Remoting.Proxies.RealProxy.HandleReturnMessage(IMessage reqMsg, IMessage retMsg)
   in System.Runtime.Remoting.Proxies.RealProxy.PrivateInvoke(MessageData& msgData, Int32 type)
   in Nova.Monitoring.Common.IDataService.Login(String name)
   in Nova.Monitoring.Common.DataClientBaseNew.Login(String name)
2026-02-19 00:31:30,037 [10] ERROR -  >>  >> ExecuteCommand >> 0 >> System.ServiceModel.CommunicationObjectFaultedException: Impossibile utilizzare l'oggetto di comunicazione, System.ServiceModel.Channels.ServiceChannel, per la comunicazione perché è nello stato Faulted.

Server stack trace: 
   in System.ServiceModel.Channels.CommunicationObject.ThrowIfDisposedOrNotOpen()
   in System.ServiceModel.Channels.ServiceChannel.Call(String action, Boolean oneway, ProxyOperationRuntime operation, Object[] ins, Object[] outs, TimeSpan timeout)
   in System.ServiceModel.Channels.ServiceChannelProxy.InvokeService(IMethodCallMessage methodCall, ProxyOperationRuntime operation)
   in System.ServiceModel.Channels.ServiceChannelProxy.Invoke(IMessage message)

Exception rethrown at [0]: 
   in System.Runtime.Remoting.Proxies.RealProxy.HandleReturnMessage(IMessage reqMsg, IMessage retMsg)
   in System.Runtime.Remoting.Proxies.RealProxy.PrivateInvoke(MessageData& msgData, Int32 type)
   in Nova.Monitoring.Common.IDataService.ExecuteCommand(Int32 code, String data)
   in Nova.LCT.GigabitSystem.MonitorClientManager.MonitorClient.ExecuteCommand(Int32 code, String data, Boolean catchError)
2026-02-19 00:31:35,865 [18] ERROR -  >>  >> Hello >> 0 >> Hello Error:System.ServiceModel.CommunicationObjectFaultedException: Impossibile utilizzare l'oggetto di comunicazione, System.ServiceModel.Channels.ServiceChannel, per la comunicazione perché è nello stato Faulted.

Server stack trace: 
   in System.ServiceModel.Channels.CommunicationObject.ThrowIfDisposedOrNotOpen()
   in System.ServiceModel.Channels.ServiceChannel.Call(String action, Boolean oneway, ProxyOperationRuntime operation, Object[] ins, Object[] outs, TimeSpan timeout)
   in System.ServiceModel.Channels.ServiceChannelProxy.InvokeService(IMethodCallMessage methodCall, ProxyOperationRuntime operation)
   in System.ServiceModel.Channels.ServiceChannelProxy.Invoke(IMessage message)

Exception rethrown at [0]: 
   in System.Runtime.Remoting.Proxies.RealProxy.HandleReturnMessage(IMessage reqMsg, IMessage retMsg)
   in System.Runtime.Remoting.Proxies.RealProxy.PrivateInvoke(MessageData& msgData, Int32 type)
   in Nova.Monitoring.Common.IDataService.Hello()
   in Nova.Monitoring.Common.DataClientBaseNew.Hello()
2026-02-19 00:31:35,871 [18] ERROR -  >>  >> Login >> 0 >> Lijin Login Error:System.ServiceModel.EndpointNotFoundException: Nessun endpoint in ascolto su net.pipe://localhost/novadata/IDataService in grado di accettare il messaggio. Ciò è spesso causato da un'azione SOAP o un indirizzo non corretto. Per ulteriori dettagli, vedere InnerException, se presente. ---> System.IO.PipeException: Impossibile trovare l'endpoint di pipe 'net.pipe://localhost/novadata/IDataService' nel computer locale. 
   --- Fine della traccia dello stack dell'eccezione interna ---

Server stack trace: 
   in System.ServiceModel.Channels.PipeConnectionInitiator.GetPipeName(Uri uri, IPipeTransportFactorySettings transportFactorySettings)
   in System.ServiceModel.Channels.NamedPipeConnectionPoolRegistry.NamedPipeConnectionPool.GetPoolKey(EndpointAddress address, Uri via)
   in System.ServiceModel.Channels.CommunicationPool`2.TakeConnection(EndpointAddress address, Uri via, TimeSpan timeout, TKey& key)
   in System.ServiceModel.Channels.ConnectionPoolHelper.EstablishConnection(TimeSpan timeout)
   in System.ServiceModel.Channels.ClientFramingDuplexSessionChannel.OnOpen(TimeSpan timeout)
   in System.ServiceModel.Channels.CommunicationObject.Open(TimeSpan timeout)
   in System.ServiceModel.Channels.ServiceChannel.OnOpen(TimeSpan timeout)
   in System.ServiceModel.Channels.CommunicationObject.Open(TimeSpan timeout)
   in System.ServiceModel.Channels.ServiceChannel.CallOpenOnce.System.ServiceModel.Channels.ServiceChannel.ICallOnce.Call(ServiceChannel channel, TimeSpan timeout)
   in System.ServiceModel.Channels.ServiceChannel.CallOnceManager.CallOnce(TimeSpan timeout, CallOnceManager cascade)
   in System.ServiceModel.Channels.ServiceChannel.Call(String action, Boolean oneway, ProxyOperationRuntime operation, Object[] ins, Object[] outs, TimeSpan timeout)
   in System.ServiceModel.Channels.ServiceChannelProxy.InvokeService(IMethodCallMessage methodCall, ProxyOperationRuntime operation)
   in System.ServiceModel.Channels.ServiceChannelProxy.Invoke(IMessage message)

Exception rethrown at [0]: 
   in System.Runtime.Remoting.Proxies.RealProxy.HandleReturnMessage(IMessage reqMsg, IMessage retMsg)
   in System.Runtime.Remoting.Proxies.RealProxy.PrivateInvoke(MessageData& msgData, Int32 type)
   in Nova.Monitoring.Common.IDataService.Login(String name)
   in Nova.Monitoring.Common.DataClientBaseNew.Login(String name)
2026-02-19 00:31:37,608 [1] ERROR -  >>  >> TraceInfo >> 0 >>  >> LCTServerMessageProxy >>?????????:,3.1.1
2026-02-19 00:31:37,611 [5] ERROR -  >>  >> TraceInfo >> 0 >>  >> LCTServerMessageProxy >>OnHandshakeServerPrivderCallback: ???132506,???132506
2026-02-19 00:31:38,185 [8] ERROR -  >>  >> OnEquipmentChangeEvent >> 0 >> ?????????
2026-02-19 00:31:38,204 [1] ERROR -  >>  >> ChangeDeviceList >> 0 >> equipmentTable.count:0
2026-02-19 00:31:38,232 [8] ERROR -  >>  >> OnEquipmentChangeEvent >> 0 >> ????,???0!!!
2026-02-19 00:31:47,615 [10] ERROR -  >>  >> TraceInfo >> 0 >>  >> LCTServerMessageProxy >>OnHandshakeServerPrivderCallback: ???132506,???132506
2026-02-19 00:31:47,822 [12] ERROR -  >>  >> <UploadBakFile>b__0 >> 0 >> ?LCT????????????? -- Sleep Finished
2026-02-19 00:31:57,625 [8] ERROR -  >>  >> TraceInfo >> 0 >>  >> LCTServerMessageProxy >>OnHandshakeServerPrivderCallback: ???132506,???132506
2026-02-19 00:32:07,637 [8] ERROR -  >>  >> TraceInfo >> 0 >>  >> LCTServerMessageProxy >>OnHandshakeServerPrivderCallback: ???132506,???132506
2026-02-19 00:32:11,111 [1] ERROR -  >>  >> TraceInfo >> 0 >>  >> LCTServerMessageProxy >>?????????:COM3,
2026-02-19 00:32:11,117 [1] ERROR -  >>  >> TraceInfo >> 0 >>  >> LCTServerMessageProxy >>?????????:
2026-02-19 00:32:11,118 [1] ERROR -  >>  >> OnCompleteConnectAllController >> 0 >> ??????????
2026-02-19 00:32:11,119 [1] ERROR -  >>  >> ChangeDeviceList >> 0 >> equipmentTable.count:0
2026-02-19 00:32:11,126 [1] ERROR -  >>  >> OnDeviceChangeEvent >> 0 >> ????:??????, ????:0 
2026-02-19 00:32:17,475 [10] ERROR -  >>  >> GetHttpResponse >> 0 >> System.UriFormatException: URI non valido: impossibile determinare il formato dell'URI.
   in System.Uri.CreateThis(String uri, Boolean dontEscape, UriKind uriKind)
   in System.Uri..ctor(String uriString)
   in System.Net.WebRequest.Create(String requestUriString)
   in Nova.LCT.GigabitSystem.CloudServerManager.HttpClientbase.GetHttpResponse(String url)
2026-02-19 00:32:17,476 [10] ERROR -  >>  >> GetHttpResponse >> 0 >> System.UriFormatException: URI non valido: impossibile determinare il formato dell'URI.
   in System.Uri.CreateThis(String uri, Boolean dontEscape, UriKind uriKind)
   in System.Uri..ctor(String uriString)
   in System.Net.WebRequest.Create(String requestUriString)
   in Nova.LCT.GigabitSystem.CloudServerManager.HttpClientbase.GetHttpResponse(String url)
2026-02-19 00:32:17,477 [10] ERROR -  >>  >> GetHttpResponse >> 0 >> System.UriFormatException: URI non valido: impossibile determinare il formato dell'URI.
   in System.Uri.CreateThis(String uri, Boolean dontEscape, UriKind uriKind)
   in System.Uri..ctor(String uriString)
   in System.Net.WebRequest.Create(String requestUriString)
   in Nova.LCT.GigabitSystem.CloudServerManager.HttpClientbase.GetHttpResponse(String url)
2026-02-19 00:32:17,640 [20] ERROR -  >>  >> TraceInfo >> 0 >>  >> LCTServerMessageProxy >>OnHandshakeServerPrivderCallback: ???132506,???132506
2026-02-19 00:32:18,006 [12] ERROR -  >>  >> <ReturnNodeIndex>b__0 >> 0 >> System.Net.WebException: Connessione sottostante chiusa: Errore imprevisto durante un'operazione di ricezione.. ---> System.ComponentModel.Win32Exception: Client e server non possono comunicare perché non dispongono di un algoritmo comune
   in System.Net.SSPIWrapper.AcquireCredentialsHandle(SSPIInterface SecModule, String package, CredentialUse intent, SecureCredential scc)
   in System.Net.Security.SecureChannel.AcquireCredentialsHandle(CredentialUse credUsage, SecureCredential& secureCredential)
   in System.Net.Security.SecureChannel.AcquireCredentialsHandle(CredentialUse credUsage, X509Certificate2 selectedCert, Flags flags)
   in System.Net.Security.SecureChannel.AcquireClientCredentials(Byte[]& thumbPrint)
   in System.Net.Security.SecureChannel.GenerateToken(Byte[] input, Int32 offset, Int32 count, Byte[]& output)
   in System.Net.Security.SecureChannel.NextMessage(Byte[] incoming, Int32 offset, Int32 count)
   in System.Net.Security.SslState.StartSendBlob(Byte[] incoming, Int32 count, AsyncProtocolRequest asyncRequest, Boolean renegotiation)
   in System.Net.Security.SslState.ForceAuthentication(Boolean receiveFirst, Byte[] buffer, AsyncProtocolRequest asyncRequest, Boolean renegotiation)
   in System.Net.Security.SslState.ProcessAuthentication(LazyAsyncResult lazyResult)
   in System.Net.TlsStream.CallProcessAuthentication(Object state)
   in System.Threading.ExecutionContext.RunInternal(ExecutionContext executionContext, ContextCallback callback, Object state, Boolean preserveSyncCtx)
   in System.Threading.ExecutionContext.Run(ExecutionContext executionContext, ContextCallback callback, Object state, Boolean preserveSyncCtx)
   in System.Threading.ExecutionContext.Run(ExecutionContext executionContext, ContextCallback callback, Object state)
   in System.Net.TlsStream.ProcessAuthentication(LazyAsyncResult result)
   in System.Net.TlsStream.Write(Byte[] buffer, Int32 offset, Int32 size)
   in System.Net.PooledStream.Write(Byte[] buffer, Int32 offset, Int32 size)
   in System.Net.ConnectStream.WriteHeaders(Boolean async)
   --- Fine della traccia dello stack dell'eccezione interna ---
   in System.Net.WebClient.DownloadDataInternal(Uri address, WebRequest& request)
   in System.Net.WebClient.DownloadString(Uri address)
   in System.Net.WebClient.DownloadString(String address)
   in Nova.LCT.GigabitSystem.CloudServerManager.BackupRestoreHttpClient.<>c__DisplayClass24_0.<ReturnNodeIndex>b__0()
2026-02-19 00:32:27,651 [11] ERROR -  >>  >> TraceInfo >> 0 >>  >> LCTServerMessageProxy >>OnHandshakeServerPrivderCallback: ???132506,???132506
2026-02-19 00:32:33,537 [12] ERROR -  >>  >> GetHttpResponse >> 0 >> System.UriFormatException: URI non valido: impossibile determinare il formato dell'URI.
   in System.Uri.CreateThis(String uri, Boolean dontEscape, UriKind uriKind)
   in System.Uri..ctor(String uriString)
   in System.Net.WebRequest.Create(String requestUriString)
   in Nova.LCT.GigabitSystem.CloudServerManager.HttpClientbase.GetHttpResponse(String url)
2026-02-19 00:32:33,538 [12] ERROR -  >>  >> GetHttpResponse >> 0 >> System.UriFormatException: URI non valido: impossibile determinare il formato dell'URI.
   in System.Uri.CreateThis(String uri, Boolean dontEscape, UriKind uriKind)
   in System.Uri..ctor(String uriString)
   in System.Net.WebRequest.Create(String requestUriString)
   in Nova.LCT.GigabitSystem.CloudServerManager.HttpClientbase.GetHttpResponse(String url)
2026-02-19 00:32:33,539 [12] ERROR -  >>  >> GetHttpResponse >> 0 >> System.UriFormatException: URI non valido: impossibile determinare il formato dell'URI.
   in System.Uri.CreateThis(String uri, Boolean dontEscape, UriKind uriKind)
   in System.Uri..ctor(String uriString)
   in System.Net.WebRequest.Create(String requestUriString)
   in Nova.LCT.GigabitSystem.CloudServerManager.HttpClientbase.GetHttpResponse(String url)
2026-02-19 00:32:33,692 [20] ERROR -  >>  >> <ReturnNodeIndex>b__0 >> 0 >> System.Net.WebException: Connessione sottostante chiusa: Errore imprevisto durante un'operazione di ricezione.. ---> System.ComponentModel.Win32Exception: Client e server non possono comunicare perché non dispongono di un algoritmo comune
   in System.Net.SSPIWrapper.AcquireCredentialsHandle(SSPIInterface SecModule, String package, CredentialUse intent, SecureCredential scc)
   in System.Net.Security.SecureChannel.AcquireCredentialsHandle(CredentialUse credUsage, SecureCredential& secureCredential)
   in System.Net.Security.SecureChannel.AcquireCredentialsHandle(CredentialUse credUsage, X509Certificate2 selectedCert, Flags flags)
   in System.Net.Security.SecureChannel.AcquireClientCredentials(Byte[]& thumbPrint)
   in System.Net.Security.SecureChannel.GenerateToken(Byte[] input, Int32 offset, Int32 count, Byte[]& output)
   in System.Net.Security.SecureChannel.NextMessage(Byte[] incoming, Int32 offset, Int32 count)
   in System.Net.Security.SslState.StartSendBlob(Byte[] incoming, Int32 count, AsyncProtocolRequest asyncRequest, Boolean renegotiation)
   in System.Net.Security.SslState.ForceAuthentication(Boolean receiveFirst, Byte[] buffer, AsyncProtocolRequest asyncRequest, Boolean renegotiation)
   in System.Net.Security.SslState.ProcessAuthentication(LazyAsyncResult lazyResult)
   in System.Net.TlsStream.CallProcessAuthentication(Object state)
   in System.Threading.ExecutionContext.RunInternal(ExecutionContext executionContext, ContextCallback callback, Object state, Boolean preserveSyncCtx)
   in System.Threading.ExecutionContext.Run(ExecutionContext executionContext, ContextCallback callback, Object state, Boolean preserveSyncCtx)
   in System.Threading.ExecutionContext.Run(ExecutionContext executionContext, ContextCallback callback, Object state)
   in System.Net.TlsStream.ProcessAuthentication(LazyAsyncResult result)
   in System.Net.TlsStream.Write(Byte[] buffer, Int32 offset, Int32 size)
   in System.Net.PooledStream.Write(Byte[] buffer, Int32 offset, Int32 size)
   in System.Net.ConnectStream.WriteHeaders(Boolean async)
   --- Fine della traccia dello stack dell'eccezione interna ---
   in System.Net.WebClient.DownloadDataInternal(Uri address, WebRequest& request)
   in System.Net.WebClient.DownloadString(Uri address)
   in System.Net.WebClient.DownloadString(String address)
   in Nova.LCT.GigabitSystem.CloudServerManager.BackupRestoreHttpClient.<>c__DisplayClass24_0.<ReturnNodeIndex>b__0()
2026-02-19 00:32:37,657 [10] ERROR -  >>  >> TraceInfo >> 0 >>  >> LCTServerMessageProxy >>OnHandshakeServerPrivderCallback: ???132506,???132506
2026-02-19 00:32:46,655 [1] ERROR -  >>  >> TraceInfo >> 0 >>  >> LCTServerMessageProxy >>?????????:COM3,
2026-02-19 00:32:46,661 [1] ERROR -  >>  >> TraceInfo >> 0 >>  >> LCTServerMessageProxy >>?????????:
2026-02-19 00:32:46,663 [1] ERROR -  >>  >> OnCompleteConnectAllController >> 0 >> ??????????
2026-02-19 00:32:46,663 [1] ERROR -  >>  >> ChangeDeviceList >> 0 >> equipmentTable.count:0
2026-02-19 00:32:46,669 [1] ERROR -  >>  >> OnDeviceChangeEvent >> 0 >> ????:??????, ????:0 
2026-02-19 00:32:47,661 [10] ERROR -  >>  >> TraceInfo >> 0 >>  >> LCTServerMessageProxy >>OnHandshakeServerPrivderCallback: ???132506,???132506
2026-02-19 00:32:57,675 [4] ERROR -  >>  >> TraceInfo >> 0 >>  >> LCTServerMessageProxy >>OnHandshakeServerPrivderCallback: ???132506,???132506
2026-02-19 00:33:07,687 [10] ERROR -  >>  >> TraceInfo >> 0 >>  >> LCTServerMessageProxy >>OnHandshakeServerPrivderCallback: ???132506,???132506
2026-02-19 00:33:17,712 [12] ERROR -  >>  >> TraceInfo >> 0 >>  >> LCTServerMessageProxy >>OnHandshakeServerPrivderCallback: ???132506,???132506
2026-02-19 00:33:22,201 [1] ERROR -  >>  >> TraceInfo >> 0 >>  >> LCTServerMessageProxy >>?????????:COM3,
2026-02-19 00:33:22,208 [1] ERROR -  >>  >> TraceInfo >> 0 >>  >> LCTServerMessageProxy >>?????????:
2026-02-19 00:33:22,209 [1] ERROR -  >>  >> OnCompleteConnectAllController >> 0 >> ??????????
2026-02-19 00:33:22,209 [1] ERROR -  >>  >> ChangeDeviceList >> 0 >> equipmentTable.count:0
2026-02-19 00:33:22,213 [1] ERROR -  >>  >> OnDeviceChangeEvent >> 0 >> ????:??????, ????:0 
2026-02-19 00:33:27,726 [4] ERROR -  >>  >> TraceInfo >> 0 >>  >> LCTServerMessageProxy >>OnHandshakeServerPrivderCallback: ???132506,???132506
2026-02-19 00:33:33,299 [20] ERROR -  >>  >> bWorker_DoWork >> 0 >> La chiave specificata non era presente nel dizionario.
2026-02-19 00:33:37,743 [4] ERROR -  >>  >> TraceInfo >> 0 >>  >> LCTServerMessageProxy >>OnHandshakeServerPrivderCallback: ???132506,???132506
2026-02-19 00:33:47,752 [12] ERROR -  >>  >> TraceInfo >> 0 >>  >> LCTServerMessageProxy >>OnHandshakeServerPrivderCallback: ???132506,???132506
2026-02-19 00:33:57,757 [11] ERROR -  >>  >> TraceInfo >> 0 >>  >> LCTServerMessageProxy >>OnHandshakeServerPrivderCallback: ???132506,???132506
2026-02-19 00:34:07,772 [12] ERROR -  >>  >> TraceInfo >> 0 >>  >> LCTServerMessageProxy >>OnHandshakeServerPrivderCallback: ???132506,???132506
2026-02-19 00:34:17,787 [20] ERROR -  >>  >> TraceInfo >> 0 >>  >> LCTServerMessageProxy >>OnHandshakeServerPrivderCallback: ???132506,???132506
2026-02-19 00:34:26,645 [1] ERROR -  >>  >> TraceInfo >> 0 >>  >> LCTServerMessageProxy >>?????????:COM3,
2026-02-19 00:34:26,651 [1] ERROR -  >>  >> TraceInfo >> 0 >>  >> LCTServerMessageProxy >>?????????:
2026-02-19 00:34:26,656 [1] ERROR -  >>  >> OnCompleteConnectAllController >> 0 >> ??????????
2026-02-19 00:34:26,657 [1] ERROR -  >>  >> ChangeDeviceList >> 0 >> equipmentTable.count:0
2026-02-19 00:34:26,663 [1] ERROR -  >>  >> OnDeviceChangeEvent >> 0 >> ????:??????, ????:0 
2026-02-19 00:34:27,790 [20] ERROR -  >>  >> TraceInfo >> 0 >>  >> LCTServerMessageProxy >>OnHandshakeServerPrivderCallback: ???132506,???132506
2026-02-19 00:34:37,803 [11] ERROR -  >>  >> TraceInfo >> 0 >>  >> LCTServerMessageProxy >>OnHandshakeServerPrivderCallback: ???132506,???132506
2026-02-19 00:34:47,809 [12] ERROR -  >>  >> TraceInfo >> 0 >>  >> LCTServerMessageProxy >>OnHandshakeServerPrivderCallback: ???132506,???132506
2026-02-19 00:34:57,812 [11] ERROR -  >>  >> TraceInfo >> 0 >>  >> LCTServerMessageProxy >>OnHandshakeServerPrivderCallback: ???132506,???132506
2026-02-19 00:35:02,153 [1] ERROR -  >>  >> TraceInfo >> 0 >>  >> LCTServerMessageProxy >>?????????:COM3,
2026-02-19 00:35:02,158 [1] ERROR -  >>  >> TraceInfo >> 0 >>  >> LCTServerMessageProxy >>?????????:
2026-02-19 00:35:02,159 [1] ERROR -  >>  >> OnCompleteConnectAllController >> 0 >> ??????????
2026-02-19 00:35:02,160 [1] ERROR -  >>  >> ChangeDeviceList >> 0 >> equipmentTable.count:0
2026-02-19 00:35:02,165 [1] ERROR -  >>  >> OnDeviceChangeEvent >> 0 >> ????:??????, ????:0 
2026-02-19 00:35:07,817 [20] ERROR -  >>  >> TraceInfo >> 0 >>  >> LCTServerMessageProxy >>OnHandshakeServerPrivderCallback: ???132506,???132506
2026-02-19 00:35:17,830 [10] ERROR -  >>  >> TraceInfo >> 0 >>  >> LCTServerMessageProxy >>OnHandshakeServerPrivderCallback: ???132506,???132506
2026-02-19 00:35:27,845 [20] ERROR -  >>  >> TraceInfo >> 0 >>  >> LCTServerMessageProxy >>OnHandshakeServerPrivderCallback: ???132506,???132506
2026-02-19 00:35:37,703 [1] ERROR -  >>  >> TraceInfo >> 0 >>  >> LCTServerMessageProxy >>?????????:COM3,
2026-02-19 00:35:37,712 [1] ERROR -  >>  >> TraceInfo >> 0 >>  >> LCTServerMessageProxy >>?????????:
2026-02-19 00:35:37,714 [1] ERROR -  >>  >> OnCompleteConnectAllController >> 0 >> ??????????
2026-02-19 00:35:37,715 [1] ERROR -  >>  >> ChangeDeviceList >> 0 >> equipmentTable.count:0
2026-02-19 00:35:37,722 [1] ERROR -  >>  >> OnDeviceChangeEvent >> 0 >> ????:??????, ????:0 
2026-02-19 00:35:37,859 [11] ERROR -  >>  >> TraceInfo >> 0 >>  >> LCTServerMessageProxy >>OnHandshakeServerPrivderCallback: ???132506,???132506
2026-02-19 00:35:47,866 [20] ERROR -  >>  >> TraceInfo >> 0 >>  >> LCTServerMessageProxy >>OnHandshakeServerPrivderCallback: ???132506,???132506
2026-02-19 00:35:57,881 [12] ERROR -  >>  >> TraceInfo >> 0 >>  >> LCTServerMessageProxy >>OnHandshakeServerPrivderCallback: ???132506,???132506
2026-02-19 00:36:07,891 [10] ERROR -  >>  >> TraceInfo >> 0 >>  >> LCTServerMessageProxy >>OnHandshakeServerPrivderCallback: ???132506,???132506
2026-02-19 00:36:13,245 [1] ERROR -  >>  >> TraceInfo >> 0 >>  >> LCTServerMessageProxy >>?????????:COM3,
2026-02-19 00:36:13,251 [1] ERROR -  >>  >> TraceInfo >> 0 >>  >> LCTServerMessageProxy >>?????????:
2026-02-19 00:36:13,252 [1] ERROR -  >>  >> OnCompleteConnectAllController >> 0 >> ??????????
2026-02-19 00:36:13,253 [1] ERROR -  >>  >> ChangeDeviceList >> 0 >> equipmentTable.count:0
2026-02-19 00:36:13,258 [1] ERROR -  >>  >> OnDeviceChangeEvent >> 0 >> ????:??????, ????:0 
2026-02-19 00:36:17,905 [36] ERROR -  >>  >> TraceInfo >> 0 >>  >> LCTServerMessageProxy >>OnHandshakeServerPrivderCallback: ???132506,???132506
2026-02-19 00:36:27,915 [20] ERROR -  >>  >> TraceInfo >> 0 >>  >> LCTServerMessageProxy >>OnHandshakeServerPrivderCallback: ???132506,???132506
2026-02-19 00:36:37,924 [12] ERROR -  >>  >> TraceInfo >> 0 >>  >> LCTServerMessageProxy >>OnHandshakeServerPrivderCallback: ???132506,???132506
2026-02-19 00:36:47,934 [36] ERROR -  >>  >> TraceInfo >> 0 >>  >> LCTServerMessageProxy >>OnHandshakeServerPrivderCallback: ???132506,???132506
2026-02-19 00:36:48,752 [1] ERROR -  >>  >> TraceInfo >> 0 >>  >> LCTServerMessageProxy >>?????????:COM3,
2026-02-19 00:36:48,758 [1] ERROR -  >>  >> TraceInfo >> 0 >>  >> LCTServerMessageProxy >>?????????:
2026-02-19 00:36:48,759 [1] ERROR -  >>  >> OnCompleteConnectAllController >> 0 >> ??????????
2026-02-19 00:36:48,760 [1] ERROR -  >>  >> ChangeDeviceList >> 0 >> equipmentTable.count:0
2026-02-19 00:36:48,764 [1] ERROR -  >>  >> OnDeviceChangeEvent >> 0 >> ????:??????, ????:0 
2026-02-19 00:36:57,951 [18] ERROR -  >>  >> TraceInfo >> 0 >>  >> LCTServerMessageProxy >>OnHandshakeServerPrivderCallback: ???132506,???132506
2026-02-19 00:37:07,961 [11] ERROR -  >>  >> TraceInfo >> 0 >>  >> LCTServerMessageProxy >>OnHandshakeServerPrivderCallback: ???132506,???132506
2026-02-19 00:37:17,968 [18] ERROR -  >>  >> TraceInfo >> 0 >>  >> LCTServerMessageProxy >>OnHandshakeServerPrivderCallback: ???132506,???132506
2026-02-19 00:37:24,286 [1] ERROR -  >>  >> TraceInfo >> 0 >>  >> LCTServerMessageProxy >>?????????:COM3,
2026-02-19 00:37:24,290 [1] ERROR -  >>  >> TraceInfo >> 0 >>  >> LCTServerMessageProxy >>?????????:
2026-02-19 00:37:24,290 [1] ERROR -  >>  >> OnCompleteConnectAllController >> 0 >> ??????????
2026-02-19 00:37:24,291 [1] ERROR -  >>  >> ChangeDeviceList >> 0 >> equipmentTable.count:0
2026-02-19 00:37:24,307 [1] ERROR -  >>  >> OnDeviceChangeEvent >> 0 >> ????:??????, ????:0 
2026-02-19 00:37:27,982 [18] ERROR -  >>  >> TraceInfo >> 0 >>  >> LCTServerMessageProxy >>OnHandshakeServerPrivderCallback: ???132506,???132506
2026-02-19 00:37:37,991 [36] ERROR -  >>  >> TraceInfo >> 0 >>  >> LCTServerMessageProxy >>OnHandshakeServerPrivderCallback: ???132506,???132506
2026-02-19 00:37:48,011 [18] ERROR -  >>  >> TraceInfo >> 0 >>  >> LCTServerMessageProxy >>OnHandshakeServerPrivderCallback: ???132506,???132506
2026-02-19 00:37:58,021 [11] ERROR -  >>  >> TraceInfo >> 0 >>  >> LCTServerMessageProxy >>OnHandshakeServerPrivderCallback: ???132506,???132506
2026-02-19 00:37:59,810 [1] ERROR -  >>  >> TraceInfo >> 0 >>  >> LCTServerMessageProxy >>?????????:COM3,
2026-02-19 00:37:59,817 [1] ERROR -  >>  >> TraceInfo >> 0 >>  >> LCTServerMessageProxy >>?????????:
2026-02-19 00:37:59,818 [1] ERROR -  >>  >> OnCompleteConnectAllController >> 0 >> ??????????
2026-02-19 00:37:59,819 [1] ERROR -  >>  >> ChangeDeviceList >> 0 >> equipmentTable.count:0
2026-02-19 00:37:59,826 [1] ERROR -  >>  >> OnDeviceChangeEvent >> 0 >> ????:??????, ????:0 
2026-02-19 00:38:08,043 [11] ERROR -  >>  >> TraceInfo >> 0 >>  >> LCTServerMessageProxy >>OnHandshakeServerPrivderCallback: ???132506,???132506
2026-02-19 00:38:18,054 [20] ERROR -  >>  >> TraceInfo >> 0 >>  >> LCTServerMessageProxy >>OnHandshakeServerPrivderCallback: ???132506,???132506
2026-02-19 00:38:28,064 [20] ERROR -  >>  >> TraceInfo >> 0 >>  >> LCTServerMessageProxy >>OnHandshakeServerPrivderCallback: ???132506,???132506
2026-02-19 00:38:35,337 [1] ERROR -  >>  >> TraceInfo >> 0 >>  >> LCTServerMessageProxy >>?????????:COM3,
2026-02-19 00:38:35,346 [1] ERROR -  >>  >> TraceInfo >> 0 >>  >> LCTServerMessageProxy >>?????????:
2026-02-19 00:38:35,348 [1] ERROR -  >>  >> OnCompleteConnectAllController >> 0 >> ??????????
2026-02-19 00:38:35,348 [1] ERROR -  >>  >> ChangeDeviceList >> 0 >> equipmentTable.count:0
2026-02-19 00:38:35,354 [1] ERROR -  >>  >> OnDeviceChangeEvent >> 0 >> ????:??????, ????:0 
2026-02-19 00:38:38,074 [36] ERROR -  >>  >> TraceInfo >> 0 >>  >> LCTServerMessageProxy >>OnHandshakeServerPrivderCallback: ???132506,???132506
2026-02-19 00:38:48,076 [12] ERROR -  >>  >> TraceInfo >> 0 >>  >> LCTServerMessageProxy >>OnHandshakeServerPrivderCallback: ???132506,???132506
2026-02-19 00:38:58,077 [12] ERROR -  >>  >> TraceInfo >> 0 >>  >> LCTServerMessageProxy >>OnHandshakeServerPrivderCallback: ???132506,???132506
2026-02-19 00:39:08,078 [12] ERROR -  >>  >> TraceInfo >> 0 >>  >> LCTServerMessageProxy >>OnHandshakeServerPrivderCallback: ???132506,???132506
2026-02-19 00:39:10,870 [1] ERROR -  >>  >> TraceInfo >> 0 >>  >> LCTServerMessageProxy >>?????????:COM3,
2026-02-19 00:39:10,874 [1] ERROR -  >>  >> TraceInfo >> 0 >>  >> LCTServerMessageProxy >>?????????:
2026-02-19 00:39:10,875 [1] ERROR -  >>  >> OnCompleteConnectAllController >> 0 >> ??????????
2026-02-19 00:39:10,875 [1] ERROR -  >>  >> ChangeDeviceList >> 0 >> equipmentTable.count:0
2026-02-19 00:39:10,879 [1] ERROR -  >>  >> OnDeviceChangeEvent >> 0 >> ????:??????, ????:0 
2026-02-19 00:39:18,102 [18] ERROR -  >>  >> TraceInfo >> 0 >>  >> LCTServerMessageProxy >>OnHandshakeServerPrivderCallback: ???132506,???132506
2026-02-19 00:39:28,115 [11] ERROR -  >>  >> TraceInfo >> 0 >>  >> LCTServerMessageProxy >>OnHandshakeServerPrivderCallback: ???132506,???132506
2026-02-19 00:39:38,120 [20] ERROR -  >>  >> TraceInfo >> 0 >>  >> LCTServerMessageProxy >>OnHandshakeServerPrivderCallback: ???132506,???132506
2026-02-19 00:39:46,387 [1] ERROR -  >>  >> TraceInfo >> 0 >>  >> LCTServerMessageProxy >>?????????:COM3,
2026-02-19 00:39:46,394 [1] ERROR -  >>  >> TraceInfo >> 0 >>  >> LCTServerMessageProxy >>?????????:
2026-02-19 00:39:46,395 [1] ERROR -  >>  >> OnCompleteConnectAllController >> 0 >> ??????????
2026-02-19 00:39:46,395 [1] ERROR -  >>  >> ChangeDeviceList >> 0 >> equipmentTable.count:0
2026-02-19 00:39:46,400 [1] ERROR -  >>  >> OnDeviceChangeEvent >> 0 >> ????:??????, ????:0 
2026-02-19 00:39:48,134 [36] ERROR -  >>  >> TraceInfo >> 0 >>  >> LCTServerMessageProxy >>OnHandshakeServerPrivderCallback: ???132506,???132506
2026-02-19 00:39:58,142 [36] ERROR -  >>  >> TraceInfo >> 0 >>  >> LCTServerMessageProxy >>OnHandshakeServerPrivderCallback: ???132506,???132506
2026-02-19 00:40:08,153 [11] ERROR -  >>  >> TraceInfo >> 0 >>  >> LCTServerMessageProxy >>OnHandshakeServerPrivderCallback: ???132506,???132506
2026-02-19 00:40:18,158 [12] ERROR -  >>  >> TraceInfo >> 0 >>  >> LCTServerMessageProxy >>OnHandshakeServerPrivderCallback: ???132506,???132506
2026-02-19 00:40:21,898 [1] ERROR -  >>  >> TraceInfo >> 0 >>  >> LCTServerMessageProxy >>?????????:COM3,
2026-02-19 00:40:21,906 [1] ERROR -  >>  >> TraceInfo >> 0 >>  >> LCTServerMessageProxy >>?????????:
2026-02-19 00:40:21,907 [1] ERROR -  >>  >> OnCompleteConnectAllController >> 0 >> ??????????
2026-02-19 00:40:21,908 [1] ERROR -  >>  >> ChangeDeviceList >> 0 >> equipmentTable.count:0
2026-02-19 00:40:21,913 [1] ERROR -  >>  >> OnDeviceChangeEvent >> 0 >> ????:??????, ????:0 
2026-02-19 00:40:28,167 [36] ERROR -  >>  >> TraceInfo >> 0 >>  >> LCTServerMessageProxy >>OnHandshakeServerPrivderCallback: ???132506,???132506
2026-02-19 00:40:38,182 [36] ERROR -  >>  >> TraceInfo >> 0 >>  >> LCTServerMessageProxy >>OnHandshakeServerPrivderCallback: ???132506,???132506
2026-02-19 00:40:48,195 [12] ERROR -  >>  >> TraceInfo >> 0 >>  >> LCTServerMessageProxy >>OnHandshakeServerPrivderCallback: ???132506,???132506
2026-02-19 00:40:57,432 [1] ERROR -  >>  >> TraceInfo >> 0 >>  >> LCTServerMessageProxy >>?????????:COM3,
2026-02-19 00:40:57,441 [1] ERROR -  >>  >> TraceInfo >> 0 >>  >> LCTServerMessageProxy >>?????????:
2026-02-19 00:40:57,442 [1] ERROR -  >>  >> OnCompleteConnectAllController >> 0 >> ??????????
2026-02-19 00:40:57,443 [1] ERROR -  >>  >> ChangeDeviceList >> 0 >> equipmentTable.count:0
2026-02-19 00:40:57,448 [1] ERROR -  >>  >> OnDeviceChangeEvent >> 0 >> ????:??????, ????:0 
2026-02-19 00:40:58,206 [20] ERROR -  >>  >> TraceInfo >> 0 >>  >> LCTServerMessageProxy >>OnHandshakeServerPrivderCallback: ???132506,???132506
2026-02-19 00:41:08,215 [12] ERROR -  >>  >> TraceInfo >> 0 >>  >> LCTServerMessageProxy >>OnHandshakeServerPrivderCallback: ???132506,???132506
2026-02-19 00:41:18,222 [11] ERROR -  >>  >> TraceInfo >> 0 >>  >> LCTServerMessageProxy >>OnHandshakeServerPrivderCallback: ???132506,???132506
2026-02-19 00:41:28,247 [18] ERROR -  >>  >> TraceInfo >> 0 >>  >> LCTServerMessageProxy >>OnHandshakeServerPrivderCallback: ???132506,???132506
2026-02-19 00:41:32,936 [1] ERROR -  >>  >> TraceInfo >> 0 >>  >> LCTServerMessageProxy >>?????????:COM3,
2026-02-19 00:41:32,942 [1] ERROR -  >>  >> TraceInfo >> 0 >>  >> LCTServerMessageProxy >>?????????:
2026-02-19 00:41:32,942 [1] ERROR -  >>  >> OnCompleteConnectAllController >> 0 >> ??????????
2026-02-19 00:41:32,943 [1] ERROR -  >>  >> ChangeDeviceList >> 0 >> equipmentTable.count:0
2026-02-19 00:41:32,947 [1] ERROR -  >>  >> OnDeviceChangeEvent >> 0 >> ????:??????, ????:0 
2026-02-19 00:41:38,252 [18] ERROR -  >>  >> TraceInfo >> 0 >>  >> LCTServerMessageProxy >>OnHandshakeServerPrivderCallback: ???132506,???132506
2026-02-19 00:41:48,253 [11] ERROR -  >>  >> TraceInfo >> 0 >>  >> LCTServerMessageProxy >>OnHandshakeServerPrivderCallback: ???132506,???132506
2026-02-19 00:41:58,255 [11] ERROR -  >>  >> TraceInfo >> 0 >>  >> LCTServerMessageProxy >>OnHandshakeServerPrivderCallback: ???132506,???132506
2026-02-19 00:42:08,272 [18] ERROR -  >>  >> TraceInfo >> 0 >>  >> LCTServerMessageProxy >>OnHandshakeServerPrivderCallback: ???132506,???132506
2026-02-19 00:42:08,481 [1] ERROR -  >>  >> TraceInfo >> 0 >>  >> LCTServerMessageProxy >>?????????:COM3,
2026-02-19 00:42:08,485 [1] ERROR -  >>  >> TraceInfo >> 0 >>  >> LCTServerMessageProxy >>?????????:
2026-02-19 00:42:08,485 [1] ERROR -  >>  >> OnCompleteConnectAllController >> 0 >> ??????????
2026-02-19 00:42:08,486 [1] ERROR -  >>  >> ChangeDeviceList >> 0 >> equipmentTable.count:0
2026-02-19 00:42:08,490 [1] ERROR -  >>  >> OnDeviceChangeEvent >> 0 >> ????:??????, ????:0 
2026-02-19 00:42:18,282 [36] ERROR -  >>  >> TraceInfo >> 0 >>  >> LCTServerMessageProxy >>OnHandshakeServerPrivderCallback: ???132506,???132506
2026-02-19 00:42:28,296 [12] ERROR -  >>  >> TraceInfo >> 0 >>  >> LCTServerMessageProxy >>OnHandshakeServerPrivderCallback: ???132506,???132506
2026-02-19 00:42:38,304 [18] ERROR -  >>  >> TraceInfo >> 0 >>  >> LCTServerMessageProxy >>OnHandshakeServerPrivderCallback: ???132506,???132506
2026-02-19 00:42:44,008 [1] ERROR -  >>  >> TraceInfo >> 0 >>  >> LCTServerMessageProxy >>?????????:COM3,
2026-02-19 00:42:44,014 [1] ERROR -  >>  >> TraceInfo >> 0 >>  >> LCTServerMessageProxy >>?????????:
2026-02-19 00:42:44,015 [1] ERROR -  >>  >> OnCompleteConnectAllController >> 0 >> ??????????
2026-02-19 00:42:44,016 [1] ERROR -  >>  >> ChangeDeviceList >> 0 >> equipmentTable.count:0
2026-02-19 00:42:44,021 [1] ERROR -  >>  >> OnDeviceChangeEvent >> 0 >> ????:??????, ????:0 
2026-02-19 00:42:48,322 [11] ERROR -  >>  >> TraceInfo >> 0 >>  >> LCTServerMessageProxy >>OnHandshakeServerPrivderCallback: ???132506,???132506
2026-02-19 00:42:58,337 [36] ERROR -  >>  >> TraceInfo >> 0 >>  >> LCTServerMessageProxy >>OnHandshakeServerPrivderCallback: ???132506,???132506
2026-02-19 00:43:08,347 [20] ERROR -  >>  >> TraceInfo >> 0 >>  >> LCTServerMessageProxy >>OnHandshakeServerPrivderCallback: ???132506,???132506
2026-02-19 00:43:18,358 [11] ERROR -  >>  >> TraceInfo >> 0 >>  >> LCTServerMessageProxy >>OnHandshakeServerPrivderCallback: ???132506,???132506
2026-02-19 00:43:19,537 [1] ERROR -  >>  >> TraceInfo >> 0 >>  >> LCTServerMessageProxy >>?????????:COM3,
2026-02-19 00:43:19,541 [1] ERROR -  >>  >> TraceInfo >> 0 >>  >> LCTServerMessageProxy >>?????????:
2026-02-19 00:43:19,541 [1] ERROR -  >>  >> OnCompleteConnectAllController >> 0 >> ??????????
2026-02-19 00:43:19,542 [1] ERROR -  >>  >> ChangeDeviceList >> 0 >> equipmentTable.count:0
2026-02-19 00:43:19,546 [1] ERROR -  >>  >> OnDeviceChangeEvent >> 0 >> ????:??????, ????:0 
2026-02-19 00:43:28,371 [20] ERROR -  >>  >> TraceInfo >> 0 >>  >> LCTServerMessageProxy >>OnHandshakeServerPrivderCallback: ???132506,???132506
2026-02-19 00:43:38,374 [20] ERROR -  >>  >> TraceInfo >> 0 >>  >> LCTServerMessageProxy >>OnHandshakeServerPrivderCallback: ???132506,???132506
2026-02-19 00:43:48,387 [18] ERROR -  >>  >> TraceInfo >> 0 >>  >> LCTServerMessageProxy >>OnHandshakeServerPrivderCallback: ???132506,???132506
2026-02-19 00:43:55,071 [1] ERROR -  >>  >> TraceInfo >> 0 >>  >> LCTServerMessageProxy >>?????????:COM3,
2026-02-19 00:43:55,077 [1] ERROR -  >>  >> TraceInfo >> 0 >>  >> LCTServerMessageProxy >>?????????:
2026-02-19 00:43:55,078 [1] ERROR -  >>  >> OnCompleteConnectAllController >> 0 >> ??????????
2026-02-19 00:43:55,080 [1] ERROR -  >>  >> ChangeDeviceList >> 0 >> equipmentTable.count:0
2026-02-19 00:43:55,085 [1] ERROR -  >>  >> OnDeviceChangeEvent >> 0 >> ????:??????, ????:0 
2026-02-19 00:43:58,400 [36] ERROR -  >>  >> TraceInfo >> 0 >>  >> LCTServerMessageProxy >>OnHandshakeServerPrivderCallback: ???132506,???132506
2026-02-19 00:44:08,412 [12] ERROR -  >>  >> TraceInfo >> 0 >>  >> LCTServerMessageProxy >>OnHandshakeServerPrivderCallback: ???132506,???132506
2026-02-19 00:44:18,426 [11] ERROR -  >>  >> TraceInfo >> 0 >>  >> LCTServerMessageProxy >>OnHandshakeServerPrivderCallback: ???132506,???132506
2026-02-19 00:44:28,428 [36] ERROR -  >>  >> TraceInfo >> 0 >>  >> LCTServerMessageProxy >>OnHandshakeServerPrivderCallback: ???132506,???132506
2026-02-19 00:44:30,568 [1] ERROR -  >>  >> TraceInfo >> 0 >>  >> LCTServerMessageProxy >>?????????:COM3,
2026-02-19 00:44:30,575 [1] ERROR -  >>  >> TraceInfo >> 0 >>  >> LCTServerMessageProxy >>?????????:
2026-02-19 00:44:30,576 [1] ERROR -  >>  >> OnCompleteConnectAllController >> 0 >> ??????????
2026-02-19 00:44:30,577 [1] ERROR -  >>  >> ChangeDeviceList >> 0 >> equipmentTable.count:0
2026-02-19 00:44:30,581 [1] ERROR -  >>  >> OnDeviceChangeEvent >> 0 >> ????:??????, ????:0 
2026-02-19 00:44:38,438 [11] ERROR -  >>  >> TraceInfo >> 0 >>  >> LCTServerMessageProxy >>OnHandshakeServerPrivderCallback: ???132506,???132506
2026-02-19 00:44:48,452 [11] ERROR -  >>  >> TraceInfo >> 0 >>  >> LCTServerMessageProxy >>OnHandshakeServerPrivderCallback: ???132506,???132506
2026-02-19 00:44:58,458 [20] ERROR -  >>  >> TraceInfo >> 0 >>  >> LCTServerMessageProxy >>OnHandshakeServerPrivderCallback: ???132506,???132506
2026-02-19 00:45:06,090 [1] ERROR -  >>  >> TraceInfo >> 0 >>  >> LCTServerMessageProxy >>?????????:COM3,
2026-02-19 00:45:06,095 [1] ERROR -  >>  >> TraceInfo >> 0 >>  >> LCTServerMessageProxy >>?????????:
2026-02-19 00:45:06,097 [1] ERROR -  >>  >> OnCompleteConnectAllController >> 0 >> ??????????
2026-02-19 00:45:06,098 [1] ERROR -  >>  >> ChangeDeviceList >> 0 >> equipmentTable.count:0
2026-02-19 00:45:06,102 [1] ERROR -  >>  >> OnDeviceChangeEvent >> 0 >> ????:??????, ????:0 
2026-02-19 00:45:08,475 [11] ERROR -  >>  >> TraceInfo >> 0 >>  >> LCTServerMessageProxy >>OnHandshakeServerPrivderCallback: ???132506,???132506
2026-02-19 00:45:18,492 [18] ERROR -  >>  >> TraceInfo >> 0 >>  >> LCTServerMessageProxy >>OnHandshakeServerPrivderCallback: ???132506,???132506
2026-02-19 00:45:28,507 [36] ERROR -  >>  >> TraceInfo >> 0 >>  >> LCTServerMessageProxy >>OnHandshakeServerPrivderCallback: ???132506,???132506
2026-02-19 00:45:38,518 [12] ERROR -  >>  >> TraceInfo >> 0 >>  >> LCTServerMessageProxy >>OnHandshakeServerPrivderCallback: ???132506,???132506
2026-02-19 00:45:41,597 [1] ERROR -  >>  >> TraceInfo >> 0 >>  >> LCTServerMessageProxy >>?????????:COM3,
2026-02-19 00:45:41,605 [1] ERROR -  >>  >> TraceInfo >> 0 >>  >> LCTServerMessageProxy >>?????????:
2026-02-19 00:45:41,607 [1] ERROR -  >>  >> OnCompleteConnectAllController >> 0 >> ??????????
2026-02-19 00:45:41,608 [1] ERROR -  >>  >> ChangeDeviceList >> 0 >> equipmentTable.count:0
2026-02-19 00:45:41,616 [1] ERROR -  >>  >> OnDeviceChangeEvent >> 0 >> ????:??????, ????:0 
2026-02-19 00:45:48,533 [18] ERROR -  >>  >> TraceInfo >> 0 >>  >> LCTServerMessageProxy >>OnHandshakeServerPrivderCallback: ???132506,???132506
2026-02-19 00:45:58,540 [12] ERROR -  >>  >> TraceInfo >> 0 >>  >> LCTServerMessageProxy >>OnHandshakeServerPrivderCallback: ???132506,???132506
2026-02-19 00:46:08,546 [11] ERROR -  >>  >> TraceInfo >> 0 >>  >> LCTServerMessageProxy >>OnHandshakeServerPrivderCallback: ???132506,???132506
2026-02-19 00:46:17,146 [1] ERROR -  >>  >> TraceInfo >> 0 >>  >> LCTServerMessageProxy >>?????????:COM3,
2026-02-19 00:46:17,152 [1] ERROR -  >>  >> TraceInfo >> 0 >>  >> LCTServerMessageProxy >>?????????:
2026-02-19 00:46:17,153 [1] ERROR -  >>  >> OnCompleteConnectAllController >> 0 >> ??????????
2026-02-19 00:46:17,154 [1] ERROR -  >>  >> ChangeDeviceList >> 0 >> equipmentTable.count:0
2026-02-19 00:46:17,160 [1] ERROR -  >>  >> OnDeviceChangeEvent >> 0 >> ????:??????, ????:0 
2026-02-19 00:46:18,559 [20] ERROR -  >>  >> TraceInfo >> 0 >>  >> LCTServerMessageProxy >>OnHandshakeServerPrivderCallback: ???132506,???132506
2026-02-19 00:46:28,572 [11] ERROR -  >>  >> TraceInfo >> 0 >>  >> LCTServerMessageProxy >>OnHandshakeServerPrivderCallback: ???132506,???132506
2026-02-19 00:46:38,576 [36] ERROR -  >>  >> TraceInfo >> 0 >>  >> LCTServerMessageProxy >>OnHandshakeServerPrivderCallback: ???132506,???132506
2026-02-19 00:46:48,580 [18] ERROR -  >>  >> TraceInfo >> 0 >>  >> LCTServerMessageProxy >>OnHandshakeServerPrivderCallback: ???132506,???132506
2026-02-19 00:46:52,679 [1] ERROR -  >>  >> TraceInfo >> 0 >>  >> LCTServerMessageProxy >>?????????:COM3,
2026-02-19 00:46:52,684 [1] ERROR -  >>  >> TraceInfo >> 0 >>  >> LCTServerMessageProxy >>?????????:
2026-02-19 00:46:52,685 [1] ERROR -  >>  >> OnCompleteConnectAllController >> 0 >> ??????????
2026-02-19 00:46:52,686 [1] ERROR -  >>  >> ChangeDeviceList >> 0 >> equipmentTable.count:0
2026-02-19 00:46:52,691 [1] ERROR -  >>  >> OnDeviceChangeEvent >> 0 >> ????:??????, ????:0 
2026-02-19 00:46:58,588 [11] ERROR -  >>  >> TraceInfo >> 0 >>  >> LCTServerMessageProxy >>OnHandshakeServerPrivderCallback: ???132506,???132506
2026-02-19 00:47:08,595 [11] ERROR -  >>  >> TraceInfo >> 0 >>  >> LCTServerMessageProxy >>OnHandshakeServerPrivderCallback: ???132506,???132506
2026-02-19 00:47:18,604 [12] ERROR -  >>  >> TraceInfo >> 0 >>  >> LCTServerMessageProxy >>OnHandshakeServerPrivderCallback: ???132506,???132506
2026-02-19 00:47:28,209 [1] ERROR -  >>  >> TraceInfo >> 0 >>  >> LCTServerMessageProxy >>?????????:COM3,
2026-02-19 00:47:28,215 [1] ERROR -  >>  >> TraceInfo >> 0 >>  >> LCTServerMessageProxy >>?????????:
2026-02-19 00:47:28,216 [1] ERROR -  >>  >> OnCompleteConnectAllController >> 0 >> ??????????
2026-02-19 00:47:28,217 [1] ERROR -  >>  >> ChangeDeviceList >> 0 >> equipmentTable.count:0
2026-02-19 00:47:28,223 [1] ERROR -  >>  >> OnDeviceChangeEvent >> 0 >> ????:??????, ????:0 
2026-02-19 00:47:28,619 [36] ERROR -  >>  >> TraceInfo >> 0 >>  >> LCTServerMessageProxy >>OnHandshakeServerPrivderCallback: ???132506,???132506
2026-02-19 00:47:38,635 [12] ERROR -  >>  >> TraceInfo >> 0 >>  >> LCTServerMessageProxy >>OnHandshakeServerPrivderCallback: ???132506,???132506
2026-02-19 00:47:48,641 [12] ERROR -  >>  >> TraceInfo >> 0 >>  >> LCTServerMessageProxy >>OnHandshakeServerPrivderCallback: ???132506,???132506
2026-02-19 00:47:58,652 [18] ERROR -  >>  >> TraceInfo >> 0 >>  >> LCTServerMessageProxy >>OnHandshakeServerPrivderCallback: ???132506,???132506
2026-02-19 00:48:03,743 [1] ERROR -  >>  >> TraceInfo >> 0 >>  >> LCTServerMessageProxy >>?????????:COM3,
2026-02-19 00:48:03,752 [1] ERROR -  >>  >> TraceInfo >> 0 >>  >> LCTServerMessageProxy >>?????????:
2026-02-19 00:48:03,754 [1] ERROR -  >>  >> OnCompleteConnectAllController >> 0 >> ??????????
2026-02-19 00:48:03,755 [1] ERROR -  >>  >> ChangeDeviceList >> 0 >> equipmentTable.count:0
2026-02-19 00:48:03,762 [1] ERROR -  >>  >> OnDeviceChangeEvent >> 0 >> ????:??????, ????:0 
2026-02-19 00:48:08,660 [18] ERROR -  >>  >> TraceInfo >> 0 >>  >> LCTServerMessageProxy >>OnHandshakeServerPrivderCallback: ???132506,???132506
2026-02-19 00:48:18,672 [12] ERROR -  >>  >> TraceInfo >> 0 >>  >> LCTServerMessageProxy >>OnHandshakeServerPrivderCallback: ???132506,???132506
2026-02-19 00:48:28,676 [11] ERROR -  >>  >> TraceInfo >> 0 >>  >> LCTServerMessageProxy >>OnHandshakeServerPrivderCallback: ???132506,???132506
2026-02-19 00:48:38,684 [36] ERROR -  >>  >> TraceInfo >> 0 >>  >> LCTServerMessageProxy >>OnHandshakeServerPrivderCallback: ???132506,???132506
2026-02-19 00:48:39,259 [1] ERROR -  >>  >> TraceInfo >> 0 >>  >> LCTServerMessageProxy >>?????????:COM3,
2026-02-19 00:48:39,268 [1] ERROR -  >>  >> TraceInfo >> 0 >>  >> LCTServerMessageProxy >>?????????:
2026-02-19 00:48:39,269 [1] ERROR -  >>  >> OnCompleteConnectAllController >> 0 >> ??????????
2026-02-19 00:48:39,271 [1] ERROR -  >>  >> ChangeDeviceList >> 0 >> equipmentTable.count:0
2026-02-19 00:48:39,279 [1] ERROR -  >>  >> OnDeviceChangeEvent >> 0 >> ????:??????, ????:0 
2026-02-19 00:48:48,687 [20] ERROR -  >>  >> TraceInfo >> 0 >>  >> LCTServerMessageProxy >>OnHandshakeServerPrivderCallback: ???132506,???132506
2026-02-19 00:48:58,699 [12] ERROR -  >>  >> TraceInfo >> 0 >>  >> LCTServerMessageProxy >>OnHandshakeServerPrivderCallback: ???132506,???132506
2026-02-19 00:49:08,704 [11] ERROR -  >>  >> TraceInfo >> 0 >>  >> LCTServerMessageProxy >>OnHandshakeServerPrivderCallback: ???132506,???132506
2026-02-19 00:49:14,792 [1] ERROR -  >>  >> TraceInfo >> 0 >>  >> LCTServerMessageProxy >>?????????:COM3,
2026-02-19 00:49:14,796 [1] ERROR -  >>  >> TraceInfo >> 0 >>  >> LCTServerMessageProxy >>?????????:
2026-02-19 00:49:14,797 [1] ERROR -  >>  >> OnCompleteConnectAllController >> 0 >> ??????????
2026-02-19 00:49:14,798 [1] ERROR -  >>  >> ChangeDeviceList >> 0 >> equipmentTable.count:0
2026-02-19 00:49:14,802 [1] ERROR -  >>  >> OnDeviceChangeEvent >> 0 >> ????:??????, ????:0 
2026-02-19 00:49:18,709 [18] ERROR -  >>  >> TraceInfo >> 0 >>  >> LCTServerMessageProxy >>OnHandshakeServerPrivderCallback: ???132506,???132506
2026-02-19 00:49:23,616 [18] ERROR -  >>  >> GetHttpResponse >> 0 >> System.UriFormatException: URI non valido: impossibile determinare il formato dell'URI.
   in System.Uri.CreateThis(String uri, Boolean dontEscape, UriKind uriKind)
   in System.Uri..ctor(String uriString)
   in System.Net.WebRequest.Create(String requestUriString)
   in Nova.LCT.GigabitSystem.CloudServerManager.HttpClientbase.GetHttpResponse(String url)
2026-02-19 00:49:23,617 [18] ERROR -  >>  >> GetHttpResponse >> 0 >> System.UriFormatException: URI non valido: impossibile determinare il formato dell'URI.
   in System.Uri.CreateThis(String uri, Boolean dontEscape, UriKind uriKind)
   in System.Uri..ctor(String uriString)
   in System.Net.WebRequest.Create(String requestUriString)
   in Nova.LCT.GigabitSystem.CloudServerManager.HttpClientbase.GetHttpResponse(String url)
2026-02-19 00:49:23,618 [18] ERROR -  >>  >> GetHttpResponse >> 0 >> System.UriFormatException: URI non valido: impossibile determinare il formato dell'URI.
   in System.Uri.CreateThis(String uri, Boolean dontEscape, UriKind uriKind)
   in System.Uri..ctor(String uriString)
   in System.Net.WebRequest.Create(String requestUriString)
   in Nova.LCT.GigabitSystem.CloudServerManager.HttpClientbase.GetHttpResponse(String url)
2026-02-19 00:49:23,873 [12] ERROR -  >>  >> <ReturnNodeIndex>b__0 >> 0 >> System.Net.WebException: Connessione sottostante chiusa: Errore imprevisto durante un'operazione di ricezione.. ---> System.ComponentModel.Win32Exception: Client e server non possono comunicare perché non dispongono di un algoritmo comune
   in System.Net.SSPIWrapper.AcquireCredentialsHandle(SSPIInterface SecModule, String package, CredentialUse intent, SecureCredential scc)
   in System.Net.Security.SecureChannel.AcquireCredentialsHandle(CredentialUse credUsage, SecureCredential& secureCredential)
   in System.Net.Security.SecureChannel.AcquireCredentialsHandle(CredentialUse credUsage, X509Certificate2 selectedCert, Flags flags)
   in System.Net.Security.SecureChannel.AcquireClientCredentials(Byte[]& thumbPrint)
   in System.Net.Security.SecureChannel.GenerateToken(Byte[] input, Int32 offset, Int32 count, Byte[]& output)
   in System.Net.Security.SecureChannel.NextMessage(Byte[] incoming, Int32 offset, Int32 count)
   in System.Net.Security.SslState.StartSendBlob(Byte[] incoming, Int32 count, AsyncProtocolRequest asyncRequest, Boolean renegotiation)
   in System.Net.Security.SslState.ForceAuthentication(Boolean receiveFirst, Byte[] buffer, AsyncProtocolRequest asyncRequest, Boolean renegotiation)
   in System.Net.Security.SslState.ProcessAuthentication(LazyAsyncResult lazyResult)
   in System.Net.TlsStream.CallProcessAuthentication(Object state)
   in System.Threading.ExecutionContext.RunInternal(ExecutionContext executionContext, ContextCallback callback, Object state, Boolean preserveSyncCtx)
   in System.Threading.ExecutionContext.Run(ExecutionContext executionContext, ContextCallback callback, Object state, Boolean preserveSyncCtx)
   in System.Threading.ExecutionContext.Run(ExecutionContext executionContext, ContextCallback callback, Object state)
   in System.Net.TlsStream.ProcessAuthentication(LazyAsyncResult result)
   in System.Net.TlsStream.Write(Byte[] buffer, Int32 offset, Int32 size)
   in System.Net.PooledStream.Write(Byte[] buffer, Int32 offset, Int32 size)
   in System.Net.ConnectStream.WriteHeaders(Boolean async)
   --- Fine della traccia dello stack dell'eccezione interna ---
   in System.Net.WebClient.DownloadDataInternal(Uri address, WebRequest& request)
   in System.Net.WebClient.DownloadString(Uri address)
   in System.Net.WebClient.DownloadString(String address)
   in Nova.LCT.GigabitSystem.CloudServerManager.BackupRestoreHttpClient.<>c__DisplayClass24_0.<ReturnNodeIndex>b__0()
2026-02-19 00:49:28,729 [36] ERROR -  >>  >> TraceInfo >> 0 >>  >> LCTServerMessageProxy >>OnHandshakeServerPrivderCallback: ???132506,???132506
2026-02-19 00:49:38,747 [11] ERROR -  >>  >> TraceInfo >> 0 >>  >> LCTServerMessageProxy >>OnHandshakeServerPrivderCallback: ???132506,???132506
2026-02-19 00:49:48,750 [12] ERROR -  >>  >> TraceInfo >> 0 >>  >> LCTServerMessageProxy >>OnHandshakeServerPrivderCallback: ???132506,???132506
2026-02-19 00:49:50,296 [1] ERROR -  >>  >> TraceInfo >> 0 >>  >> LCTServerMessageProxy >>?????????:COM3,
2026-02-19 00:49:50,300 [1] ERROR -  >>  >> TraceInfo >> 0 >>  >> LCTServerMessageProxy >>?????????:
2026-02-19 00:49:50,301 [1] ERROR -  >>  >> OnCompleteConnectAllController >> 0 >> ??????????
2026-02-19 00:49:50,302 [1] ERROR -  >>  >> ChangeDeviceList >> 0 >> equipmentTable.count:0
2026-02-19 00:49:50,306 [1] ERROR -  >>  >> OnDeviceChangeEvent >> 0 >> ????:??????, ????:0 
2026-02-19 00:49:58,250 [34] ERROR -  >>  >> Hello >> 0 >> Hello Error:System.ServiceModel.CommunicationObjectFaultedException: Impossibile utilizzare l'oggetto di comunicazione, System.ServiceModel.Channels.ServiceChannel, per la comunicazione perché è nello stato Faulted.

Server stack trace: 
   in System.ServiceModel.Channels.CommunicationObject.ThrowIfDisposedOrNotOpen()
   in System.ServiceModel.Channels.ServiceChannel.Call(String action, Boolean oneway, ProxyOperationRuntime operation, Object[] ins, Object[] outs, TimeSpan timeout)
   in System.ServiceModel.Channels.ServiceChannelProxy.InvokeService(IMethodCallMessage methodCall, ProxyOperationRuntime operation)
   in System.ServiceModel.Channels.ServiceChannelProxy.Invoke(IMessage message)

Exception rethrown at [0]: 
   in System.Runtime.Remoting.Proxies.RealProxy.HandleReturnMessage(IMessage reqMsg, IMessage retMsg)
   in System.Runtime.Remoting.Proxies.RealProxy.PrivateInvoke(MessageData& msgData, Int32 type)
   in Nova.Monitoring.Common.IDataService.Hello()
   in Nova.Monitoring.Common.DataClientBaseNew.Hello()
2026-02-19 00:49:58,257 [34] ERROR -  >>  >> Login >> 0 >> Lijin Login Error:System.ServiceModel.EndpointNotFoundException: Nessun endpoint in ascolto su net.pipe://localhost/novadata/IDataService in grado di accettare il messaggio. Ciò è spesso causato da un'azione SOAP o un indirizzo non corretto. Per ulteriori dettagli, vedere InnerException, se presente. ---> System.IO.PipeException: Impossibile trovare l'endpoint di pipe 'net.pipe://localhost/novadata/IDataService' nel computer locale. 
   --- Fine della traccia dello stack dell'eccezione interna ---

Server stack trace: 
   in System.ServiceModel.Channels.PipeConnectionInitiator.GetPipeName(Uri uri, IPipeTransportFactorySettings transportFactorySettings)
   in System.ServiceModel.Channels.PipeConnectionInitiator.PrepareConnect(Uri remoteUri, TimeSpan timeout, String& resolvedAddress, BackoffTimeoutHelper& backoffHelper)
   in System.ServiceModel.Channels.PipeConnectionInitiator.Connect(Uri remoteUri, TimeSpan timeout)
   in System.ServiceModel.Channels.BufferedConnectionInitiator.Connect(Uri uri, TimeSpan timeout)
   in System.ServiceModel.Channels.ConnectionPoolHelper.EstablishConnection(TimeSpan timeout)
   in System.ServiceModel.Channels.ClientFramingDuplexSessionChannel.OnOpen(TimeSpan timeout)
   in System.ServiceModel.Channels.CommunicationObject.Open(TimeSpan timeout)
   in System.ServiceModel.Channels.ServiceChannel.OnOpen(TimeSpan timeout)
   in System.ServiceModel.Channels.CommunicationObject.Open(TimeSpan timeout)
   in System.ServiceModel.Channels.ServiceChannel.CallOpenOnce.System.ServiceModel.Channels.ServiceChannel.ICallOnce.Call(ServiceChannel channel, TimeSpan timeout)
   in System.ServiceModel.Channels.ServiceChannel.CallOnceManager.CallOnce(TimeSpan timeout, CallOnceManager cascade)
   in System.ServiceModel.Channels.ServiceChannel.Call(String action, Boolean oneway, ProxyOperationRuntime operation, Object[] ins, Object[] outs, TimeSpan timeout)
   in System.ServiceModel.Channels.ServiceChannelProxy.InvokeService(IMethodCallMessage methodCall, ProxyOperationRuntime operation)
   in System.ServiceModel.Channels.ServiceChannelProxy.Invoke(IMessage message)

Exception rethrown at [0]: 
   in System.Runtime.Remoting.Proxies.RealProxy.HandleReturnMessage(IMessage reqMsg, IMessage retMsg)
   in System.Runtime.Remoting.Proxies.RealProxy.PrivateInvoke(MessageData& msgData, Int32 type)
   in Nova.Monitoring.Common.IDataService.Login(String name)
   in Nova.Monitoring.Common.DataClientBaseNew.Login(String name)
2026-02-19 00:49:58,753 [18] ERROR -  >>  >> TraceInfo >> 0 >>  >> LCTServerMessageProxy >>OnHandshakeServerPrivderCallback: ???132506,???0
2026-02-19 00:49:58,757 [18] ERROR -  >>  >> TraceInfo >> 0 >>  >> LCTServerMessageProxy >>????????,????????1,????????:1
2026-02-19 00:50:01,258 [12] ERROR -  >>  >> Hello >> 0 >> Hello Error:System.ServiceModel.CommunicationObjectFaultedException: Impossibile utilizzare l'oggetto di comunicazione, System.ServiceModel.Channels.ServiceChannel, per la comunicazione perché è nello stato Faulted.

Server stack trace: 
   in System.ServiceModel.Channels.CommunicationObject.ThrowIfDisposedOrNotOpen()
   in System.ServiceModel.Channels.ServiceChannel.Call(String action, Boolean oneway, ProxyOperationRuntime operation, Object[] ins, Object[] outs, TimeSpan timeout)
   in System.ServiceModel.Channels.ServiceChannelProxy.InvokeService(IMethodCallMessage methodCall, ProxyOperationRuntime operation)
   in System.ServiceModel.Channels.ServiceChannelProxy.Invoke(IMessage message)

Exception rethrown at [0]: 
   in System.Runtime.Remoting.Proxies.RealProxy.HandleReturnMessage(IMessage reqMsg, IMessage retMsg)
   in System.Runtime.Remoting.Proxies.RealProxy.PrivateInvoke(MessageData& msgData, Int32 type)
   in Nova.Monitoring.Common.IDataService.Hello()
   in Nova.Monitoring.Common.DataClientBaseNew.Hello()
2026-02-19 00:50:01,266 [12] ERROR -  >>  >> Login >> 0 >> Lijin Login Error:System.ServiceModel.EndpointNotFoundException: Nessun endpoint in ascolto su net.pipe://localhost/novadata/IDataService in grado di accettare il messaggio. Ciò è spesso causato da un'azione SOAP o un indirizzo non corretto. Per ulteriori dettagli, vedere InnerException, se presente. ---> System.IO.PipeException: Impossibile trovare l'endpoint di pipe 'net.pipe://localhost/novadata/IDataService' nel computer locale. 
   --- Fine della traccia dello stack dell'eccezione interna ---

Server stack trace: 
   in System.ServiceModel.Channels.PipeConnectionInitiator.GetPipeName(Uri uri, IPipeTransportFactorySettings transportFactorySettings)
   in System.ServiceModel.Channels.PipeConnectionInitiator.PrepareConnect(Uri remoteUri, TimeSpan timeout, String& resolvedAddress, BackoffTimeoutHelper& backoffHelper)
   in System.ServiceModel.Channels.PipeConnectionInitiator.Connect(Uri remoteUri, TimeSpan timeout)
   in System.ServiceModel.Channels.BufferedConnectionInitiator.Connect(Uri uri, TimeSpan timeout)
   in System.ServiceModel.Channels.ConnectionPoolHelper.EstablishConnection(TimeSpan timeout)
   in System.ServiceModel.Channels.ClientFramingDuplexSessionChannel.OnOpen(TimeSpan timeout)
   in System.ServiceModel.Channels.CommunicationObject.Open(TimeSpan timeout)
   in System.ServiceModel.Channels.ServiceChannel.OnOpen(TimeSpan timeout)
   in System.ServiceModel.Channels.CommunicationObject.Open(TimeSpan timeout)
   in System.ServiceModel.Channels.ServiceChannel.CallOpenOnce.System.ServiceModel.Channels.ServiceChannel.ICallOnce.Call(ServiceChannel channel, TimeSpan timeout)
   in System.ServiceModel.Channels.ServiceChannel.CallOnceManager.CallOnce(TimeSpan timeout, CallOnceManager cascade)
   in System.ServiceModel.Channels.ServiceChannel.Call(String action, Boolean oneway, ProxyOperationRuntime operation, Object[] ins, Object[] outs, TimeSpan timeout)
   in System.ServiceModel.Channels.ServiceChannelProxy.InvokeService(IMethodCallMessage methodCall, ProxyOperationRuntime operation)
   in System.ServiceModel.Channels.ServiceChannelProxy.Invoke(IMessage message)

Exception rethrown at [0]: 
   in System.Runtime.Remoting.Proxies.RealProxy.HandleReturnMessage(IMessage reqMsg, IMessage retMsg)
   in System.Runtime.Remoting.Proxies.RealProxy.PrivateInvoke(MessageData& msgData, Int32 type)
   in Nova.Monitoring.Common.IDataService.Login(String name)
   in Nova.Monitoring.Common.DataClientBaseNew.Login(String name)
2026-02-19 00:50:04,278 [12] ERROR -  >>  >> Hello >> 0 >> Hello Error:System.ServiceModel.CommunicationObjectFaultedException: Impossibile utilizzare l'oggetto di comunicazione, System.ServiceModel.Channels.ServiceChannel, per la comunicazione perché è nello stato Faulted.

Server stack trace: 
   in System.ServiceModel.Channels.CommunicationObject.ThrowIfDisposedOrNotOpen()
   in System.ServiceModel.Channels.ServiceChannel.Call(String action, Boolean oneway, ProxyOperationRuntime operation, Object[] ins, Object[] outs, TimeSpan timeout)
   in System.ServiceModel.Channels.ServiceChannelProxy.InvokeService(IMethodCallMessage methodCall, ProxyOperationRuntime operation)
   in System.ServiceModel.Channels.ServiceChannelProxy.Invoke(IMessage message)

Exception rethrown at [0]: 
   in System.Runtime.Remoting.Proxies.RealProxy.HandleReturnMessage(IMessage reqMsg, IMessage retMsg)
   in System.Runtime.Remoting.Proxies.RealProxy.PrivateInvoke(MessageData& msgData, Int32 type)
   in Nova.Monitoring.Common.IDataService.Hello()
   in Nova.Monitoring.Common.DataClientBaseNew.Hello()
2026-02-19 00:50:04,286 [12] ERROR -  >>  >> Login >> 0 >> Lijin Login Error:System.ServiceModel.EndpointNotFoundException: Nessun endpoint in ascolto su net.pipe://localhost/novadata/IDataService in grado di accettare il messaggio. Ciò è spesso causato da un'azione SOAP o un indirizzo non corretto. Per ulteriori dettagli, vedere InnerException, se presente. ---> System.IO.PipeException: Impossibile trovare l'endpoint di pipe 'net.pipe://localhost/novadata/IDataService' nel computer locale. 
   --- Fine della traccia dello stack dell'eccezione interna ---

Server stack trace: 
   in System.ServiceModel.Channels.PipeConnectionInitiator.GetPipeName(Uri uri, IPipeTransportFactorySettings transportFactorySettings)
   in System.ServiceModel.Channels.PipeConnectionInitiator.PrepareConnect(Uri remoteUri, TimeSpan timeout, String& resolvedAddress, BackoffTimeoutHelper& backoffHelper)
   in System.ServiceModel.Channels.PipeConnectionInitiator.Connect(Uri remoteUri, TimeSpan timeout)
   in System.ServiceModel.Channels.BufferedConnectionInitiator.Connect(Uri uri, TimeSpan timeout)
   in System.ServiceModel.Channels.ConnectionPoolHelper.EstablishConnection(TimeSpan timeout)
   in System.ServiceModel.Channels.ClientFramingDuplexSessionChannel.OnOpen(TimeSpan timeout)
   in System.ServiceModel.Channels.CommunicationObject.Open(TimeSpan timeout)
   in System.ServiceModel.Channels.ServiceChannel.OnOpen(TimeSpan timeout)
   in System.ServiceModel.Channels.CommunicationObject.Open(TimeSpan timeout)
   in System.ServiceModel.Channels.ServiceChannel.CallOpenOnce.System.ServiceModel.Channels.ServiceChannel.ICallOnce.Call(ServiceChannel channel, TimeSpan timeout)
   in System.ServiceModel.Channels.ServiceChannel.CallOnceManager.CallOnce(TimeSpan timeout, CallOnceManager cascade)
   in System.ServiceModel.Channels.ServiceChannel.Call(String action, Boolean oneway, ProxyOperationRuntime operation, Object[] ins, Object[] outs, TimeSpan timeout)
   in System.ServiceModel.Channels.ServiceChannelProxy.InvokeService(IMethodCallMessage methodCall, ProxyOperationRuntime operation)
   in System.ServiceModel.Channels.ServiceChannelProxy.Invoke(IMessage message)

Exception rethrown at [0]: 
   in System.Runtime.Remoting.Proxies.RealProxy.HandleReturnMessage(IMessage reqMsg, IMessage retMsg)
   in System.Runtime.Remoting.Proxies.RealProxy.PrivateInvoke(MessageData& msgData, Int32 type)
   in Nova.Monitoring.Common.IDataService.Login(String name)
   in Nova.Monitoring.Common.DataClientBaseNew.Login(String name)
2026-02-19 00:50:14,587 [12] ERROR -  >>  >> Login >> 0 >> Lijin Login Error:System.ServiceModel.EndpointNotFoundException: Nessun endpoint in ascolto su net.pipe://localhost/novadata/IDataService in grado di accettare il messaggio. Ciò è spesso causato da un'azione SOAP o un indirizzo non corretto. Per ulteriori dettagli, vedere InnerException, se presente. ---> System.IO.PipeException: Impossibile trovare l'endpoint di pipe 'net.pipe://localhost/novadata/IDataService' nel computer locale. 
   --- Fine della traccia dello stack dell'eccezione interna ---

Server stack trace: 
   in System.ServiceModel.Channels.PipeConnectionInitiator.GetPipeName(Uri uri, IPipeTransportFactorySettings transportFactorySettings)
   in System.ServiceModel.Channels.NamedPipeConnectionPoolRegistry.NamedPipeConnectionPool.GetPoolKey(EndpointAddress address, Uri via)
   in System.ServiceModel.Channels.CommunicationPool`2.TakeConnection(EndpointAddress address, Uri via, TimeSpan timeout, TKey& key)
   in System.ServiceModel.Channels.ConnectionPoolHelper.EstablishConnection(TimeSpan timeout)
   in System.ServiceModel.Channels.ClientFramingDuplexSessionChannel.OnOpen(TimeSpan timeout)
   in System.ServiceModel.Channels.CommunicationObject.Open(TimeSpan timeout)
   in System.ServiceModel.Channels.ServiceChannel.OnOpen(TimeSpan timeout)
   in System.ServiceModel.Channels.CommunicationObject.Open(TimeSpan timeout)
   in System.ServiceModel.Channels.ServiceChannel.CallOpenOnce.System.ServiceModel.Channels.ServiceChannel.ICallOnce.Call(ServiceChannel channel, TimeSpan timeout)
   in System.ServiceModel.Channels.ServiceChannel.CallOnceManager.CallOnce(TimeSpan timeout, CallOnceManager cascade)
   in System.ServiceModel.Channels.ServiceChannel.Call(String action, Boolean oneway, ProxyOperationRuntime operation, Object[] ins, Object[] outs, TimeSpan timeout)
   in System.ServiceModel.Channels.ServiceChannelProxy.InvokeService(IMethodCallMessage methodCall, ProxyOperationRuntime operation)
   in System.ServiceModel.Channels.ServiceChannelProxy.Invoke(IMessage message)

Exception rethrown at [0]: 
   in System.Runtime.Remoting.Proxies.RealProxy.HandleReturnMessage(IMessage reqMsg, IMessage retMsg)
   in System.Runtime.Remoting.Proxies.RealProxy.PrivateInvoke(MessageData& msgData, Int32 type)
   in Nova.Monitoring.Common.IDataService.Login(String name)
   in Nova.Monitoring.Common.DataClientBaseNew.Login(String name)
2026-02-19 00:50:14,601 [12] ERROR -  >>  >> Hello >> 0 >> Hello Error:System.ServiceModel.CommunicationObjectFaultedException: Impossibile utilizzare l'oggetto di comunicazione, System.ServiceModel.Channels.ServiceChannel, per la comunicazione perché è nello stato Faulted.

Server stack trace: 
   in System.ServiceModel.Channels.CommunicationObject.ThrowIfDisposedOrNotOpen()
   in System.ServiceModel.Channels.ServiceChannel.Call(String action, Boolean oneway, ProxyOperationRuntime operation, Object[] ins, Object[] outs, TimeSpan timeout)
   in System.ServiceModel.Channels.ServiceChannelProxy.InvokeService(IMethodCallMessage methodCall, ProxyOperationRuntime operation)
   in System.ServiceModel.Channels.ServiceChannelProxy.Invoke(IMessage message)

Exception rethrown at [0]: 
   in System.Runtime.Remoting.Proxies.RealProxy.HandleReturnMessage(IMessage reqMsg, IMessage retMsg)
   in System.Runtime.Remoting.Proxies.RealProxy.PrivateInvoke(MessageData& msgData, Int32 type)
   in Nova.Monitoring.Common.IDataService.Hello()
   in Nova.Monitoring.Common.DataClientBaseNew.Hello()
2026-02-19 00:50:14,609 [12] ERROR -  >>  >> Login >> 0 >> Lijin Login Error:System.ServiceModel.EndpointNotFoundException: Nessun endpoint in ascolto su net.pipe://localhost/novadata/IDataService in grado di accettare il messaggio. Ciò è spesso causato da un'azione SOAP o un indirizzo non corretto. Per ulteriori dettagli, vedere InnerException, se presente. ---> System.IO.PipeException: Impossibile trovare l'endpoint di pipe 'net.pipe://localhost/novadata/IDataService' nel computer locale. 
   --- Fine della traccia dello stack dell'eccezione interna ---

Server stack trace: 
   in System.ServiceModel.Channels.PipeConnectionInitiator.GetPipeName(Uri uri, IPipeTransportFactorySettings transportFactorySettings)
   in System.ServiceModel.Channels.NamedPipeConnectionPoolRegistry.NamedPipeConnectionPool.GetPoolKey(EndpointAddress address, Uri via)
   in System.ServiceModel.Channels.CommunicationPool`2.TakeConnection(EndpointAddress address, Uri via, TimeSpan timeout, TKey& key)
   in System.ServiceModel.Channels.ConnectionPoolHelper.EstablishConnection(TimeSpan timeout)
   in System.ServiceModel.Channels.ClientFramingDuplexSessionChannel.OnOpen(TimeSpan timeout)
   in System.ServiceModel.Channels.CommunicationObject.Open(TimeSpan timeout)
   in System.ServiceModel.Channels.ServiceChannel.OnOpen(TimeSpan timeout)
   in System.ServiceModel.Channels.CommunicationObject.Open(TimeSpan timeout)
   in System.ServiceModel.Channels.ServiceChannel.CallOpenOnce.System.ServiceModel.Channels.ServiceChannel.ICallOnce.Call(ServiceChannel channel, TimeSpan timeout)
   in System.ServiceModel.Channels.ServiceChannel.CallOnceManager.CallOnce(TimeSpan timeout, CallOnceManager cascade)
   in System.ServiceModel.Channels.ServiceChannel.Call(String action, Boolean oneway, ProxyOperationRuntime operation, Object[] ins, Object[] outs, TimeSpan timeout)
   in System.ServiceModel.Channels.ServiceChannelProxy.InvokeService(IMethodCallMessage methodCall, ProxyOperationRuntime operation)
   in System.ServiceModel.Channels.ServiceChannelProxy.Invoke(IMessage message)

Exception rethrown at [0]: 
   in System.Runtime.Remoting.Proxies.RealProxy.HandleReturnMessage(IMessage reqMsg, IMessage retMsg)
   in System.Runtime.Remoting.Proxies.RealProxy.PrivateInvoke(MessageData& msgData, Int32 type)
   in Nova.Monitoring.Common.IDataService.Login(String name)
   in Nova.Monitoring.Common.DataClientBaseNew.Login(String name)
2026-02-19 00:50:15,584 [12] ERROR -  >>  >> ExecuteCommand >> 0 >> System.ServiceModel.CommunicationObjectFaultedException: Impossibile utilizzare l'oggetto di comunicazione, System.ServiceModel.Channels.ServiceChannel, per la comunicazione perché è nello stato Faulted.

Server stack trace: 
   in System.ServiceModel.Channels.CommunicationObject.ThrowIfDisposedOrNotOpen()
   in System.ServiceModel.Channels.ServiceChannel.Call(String action, Boolean oneway, ProxyOperationRuntime operation, Object[] ins, Object[] outs, TimeSpan timeout)
   in System.ServiceModel.Channels.ServiceChannelProxy.InvokeService(IMethodCallMessage methodCall, ProxyOperationRuntime operation)
   in System.ServiceModel.Channels.ServiceChannelProxy.Invoke(IMessage message)

Exception rethrown at [0]: 
   in System.Runtime.Remoting.Proxies.RealProxy.HandleReturnMessage(IMessage reqMsg, IMessage retMsg)
   in System.Runtime.Remoting.Proxies.RealProxy.PrivateInvoke(MessageData& msgData, Int32 type)
   in Nova.Monitoring.Common.IDataService.ExecuteCommand(Int32 code, String data)
   in Nova.LCT.GigabitSystem.MonitorClientManager.MonitorClient.ExecuteCommand(Int32 code, String data, Boolean catchError)
2026-02-19 00:50:15,626 [12] ERROR -  >>  >> Hello >> 0 >> Hello Error:System.ServiceModel.CommunicationObjectFaultedException: Impossibile utilizzare l'oggetto di comunicazione, System.ServiceModel.Channels.ServiceChannel, per la comunicazione perché è nello stato Faulted.

Server stack trace: 
   in System.ServiceModel.Channels.CommunicationObject.ThrowIfDisposedOrNotOpen()
   in System.ServiceModel.Channels.ServiceChannel.Call(String action, Boolean oneway, ProxyOperationRuntime operation, Object[] ins, Object[] outs, TimeSpan timeout)
   in System.ServiceModel.Channels.ServiceChannelProxy.InvokeService(IMethodCallMessage methodCall, ProxyOperationRuntime operation)
   in System.ServiceModel.Channels.ServiceChannelProxy.Invoke(IMessage message)

Exception rethrown at [0]: 
   in System.Runtime.Remoting.Proxies.RealProxy.HandleReturnMessage(IMessage reqMsg, IMessage retMsg)
   in System.Runtime.Remoting.Proxies.RealProxy.PrivateInvoke(MessageData& msgData, Int32 type)
   in Nova.Monitoring.Common.IDataService.Hello()
   in Nova.Monitoring.Common.DataClientBaseNew.Hello()
2026-02-19 00:50:15,632 [12] ERROR -  >>  >> Login >> 0 >> Lijin Login Error:System.ServiceModel.EndpointNotFoundException: Nessun endpoint in ascolto su net.pipe://localhost/novadata/IDataService in grado di accettare il messaggio. Ciò è spesso causato da un'azione SOAP o un indirizzo non corretto. Per ulteriori dettagli, vedere InnerException, se presente. ---> System.IO.PipeException: Impossibile trovare l'endpoint di pipe 'net.pipe://localhost/novadata/IDataService' nel computer locale. 
   --- Fine della traccia dello stack dell'eccezione interna ---

Server stack trace: 
   in System.ServiceModel.Channels.PipeConnectionInitiator.GetPipeName(Uri uri, IPipeTransportFactorySettings transportFactorySettings)
   in System.ServiceModel.Channels.NamedPipeConnectionPoolRegistry.NamedPipeConnectionPool.GetPoolKey(EndpointAddress address, Uri via)
   in System.ServiceModel.Channels.CommunicationPool`2.TakeConnection(EndpointAddress address, Uri via, TimeSpan timeout, TKey& key)
   in System.ServiceModel.Channels.ConnectionPoolHelper.EstablishConnection(TimeSpan timeout)
   in System.ServiceModel.Channels.ClientFramingDuplexSessionChannel.OnOpen(TimeSpan timeout)
   in System.ServiceModel.Channels.CommunicationObject.Open(TimeSpan timeout)
   in System.ServiceModel.Channels.ServiceChannel.OnOpen(TimeSpan timeout)
   in System.ServiceModel.Channels.CommunicationObject.Open(TimeSpan timeout)
   in System.ServiceModel.Channels.ServiceChannel.CallOpenOnce.System.ServiceModel.Channels.ServiceChannel.ICallOnce.Call(ServiceChannel channel, TimeSpan timeout)
   in System.ServiceModel.Channels.ServiceChannel.CallOnceManager.CallOnce(TimeSpan timeout, CallOnceManager cascade)
   in System.ServiceModel.Channels.ServiceChannel.Call(String action, Boolean oneway, ProxyOperationRuntime operation, Object[] ins, Object[] outs, TimeSpan timeout)
   in System.ServiceModel.Channels.ServiceChannelProxy.InvokeService(IMethodCallMessage methodCall, ProxyOperationRuntime operation)
   in System.ServiceModel.Channels.ServiceChannelProxy.Invoke(IMessage message)

Exception rethrown at [0]: 
   in System.Runtime.Remoting.Proxies.RealProxy.HandleReturnMessage(IMessage reqMsg, IMessage retMsg)
   in System.Runtime.Remoting.Proxies.RealProxy.PrivateInvoke(MessageData& msgData, Int32 type)
   in Nova.Monitoring.Common.IDataService.Login(String name)
   in Nova.Monitoring.Common.DataClientBaseNew.Login(String name)
2026-02-19 00:50:16,592 [1] ERROR -  >>  >> TraceInfo >> 0 >>  >> LCTServerMessageProxy >>?????????:,3.1.1
2026-02-19 00:50:16,595 [22] ERROR -  >>  >> TraceInfo >> 0 >>  >> LCTServerMessageProxy >>OnHandshakeServerPrivderCallback: ???0,???394646
2026-02-19 00:50:17,157 [5] ERROR -  >>  >> OnEquipmentChangeEvent >> 0 >> ?????????
2026-02-19 00:50:17,164 [1] ERROR -  >>  >> ChangeDeviceList >> 0 >> equipmentTable.count:0
2026-02-19 00:50:17,176 [5] ERROR -  >>  >> OnEquipmentChangeEvent >> 0 >> ????,???0!!!
2026-02-19 00:50:21,890 [1] ERROR -  >>  >> TraceInfo >> 0 >>  >> LCTServerMessageProxy >>?????????:COM3,
2026-02-19 00:50:21,895 [1] ERROR -  >>  >> TraceInfo >> 0 >>  >> LCTServerMessageProxy >>?????????:
2026-02-19 00:50:21,897 [1] ERROR -  >>  >> OnCompleteConnectAllController >> 0 >> ??????????
2026-02-19 00:50:21,898 [1] ERROR -  >>  >> ChangeDeviceList >> 0 >> equipmentTable.count:0
2026-02-19 00:50:21,903 [1] ERROR -  >>  >> OnDeviceChangeEvent >> 0 >> ????:??????, ????:0 
2026-02-19 00:50:21,919 [1] ERROR -  >>  >> TraceInfo >> 0 >>  >> LCTServerMessageProxy >>?????????:
2026-02-19 00:50:21,921 [1] ERROR -  >>  >> OnEquipmentChangeEvent >> 0 >> ?????????
2026-02-19 00:50:21,922 [1] ERROR -  >>  >> ChangeDeviceList >> 0 >> equipmentTable.count:0
2026-02-19 00:50:21,925 [1] ERROR -  >>  >> OnEquipmentChangeEvent >> 0 >> ????,???0!!!
2026-02-19 00:50:26,610 [5] ERROR -  >>  >> TraceInfo >> 0 >>  >> LCTServerMessageProxy >>OnHandshakeServerPrivderCallback: ???394646,???394646
2026-02-19 00:50:34,076 [6] ERROR -  >>  >> <UploadBakFile>b__0 >> 0 >> ?LCT????????????? -- Sleep Finished
2026-02-19 00:50:36,484 [12] ERROR -  >>  >> GetHttpResponse >> 0 >> System.UriFormatException: URI non valido: impossibile determinare il formato dell'URI.
   in System.Uri.CreateThis(String uri, Boolean dontEscape, UriKind uriKind)
   in System.Uri..ctor(String uriString)
   in System.Net.WebRequest.Create(String requestUriString)
   in Nova.LCT.GigabitSystem.CloudServerManager.HttpClientbase.GetHttpResponse(String url)
2026-02-19 00:50:36,485 [12] ERROR -  >>  >> GetHttpResponse >> 0 >> System.UriFormatException: URI non valido: impossibile determinare il formato dell'URI.
   in System.Uri.CreateThis(String uri, Boolean dontEscape, UriKind uriKind)
   in System.Uri..ctor(String uriString)
   in System.Net.WebRequest.Create(String requestUriString)
   in Nova.LCT.GigabitSystem.CloudServerManager.HttpClientbase.GetHttpResponse(String url)
2026-02-19 00:50:36,486 [12] ERROR -  >>  >> GetHttpResponse >> 0 >> System.UriFormatException: URI non valido: impossibile determinare il formato dell'URI.
   in System.Uri.CreateThis(String uri, Boolean dontEscape, UriKind uriKind)
   in System.Uri..ctor(String uriString)
   in System.Net.WebRequest.Create(String requestUriString)
   in Nova.LCT.GigabitSystem.CloudServerManager.HttpClientbase.GetHttpResponse(String url)
2026-02-19 00:50:36,613 [4] ERROR -  >>  >> TraceInfo >> 0 >>  >> LCTServerMessageProxy >>OnHandshakeServerPrivderCallback: ???394646,???394646
2026-02-19 00:50:36,706 [8] ERROR -  >>  >> <ReturnNodeIndex>b__0 >> 0 >> System.Net.WebException: Connessione sottostante chiusa: Errore imprevisto durante un'operazione di ricezione.. ---> System.ComponentModel.Win32Exception: Client e server non possono comunicare perché non dispongono di un algoritmo comune
   in System.Net.SSPIWrapper.AcquireCredentialsHandle(SSPIInterface SecModule, String package, CredentialUse intent, SecureCredential scc)
   in System.Net.Security.SecureChannel.AcquireCredentialsHandle(CredentialUse credUsage, SecureCredential& secureCredential)
   in System.Net.Security.SecureChannel.AcquireCredentialsHandle(CredentialUse credUsage, X509Certificate2 selectedCert, Flags flags)
   in System.Net.Security.SecureChannel.AcquireClientCredentials(Byte[]& thumbPrint)
   in System.Net.Security.SecureChannel.GenerateToken(Byte[] input, Int32 offset, Int32 count, Byte[]& output)
   in System.Net.Security.SecureChannel.NextMessage(Byte[] incoming, Int32 offset, Int32 count)
   in System.Net.Security.SslState.StartSendBlob(Byte[] incoming, Int32 count, AsyncProtocolRequest asyncRequest, Boolean renegotiation)
   in System.Net.Security.SslState.ForceAuthentication(Boolean receiveFirst, Byte[] buffer, AsyncProtocolRequest asyncRequest, Boolean renegotiation)
   in System.Net.Security.SslState.ProcessAuthentication(LazyAsyncResult lazyResult)
   in System.Net.TlsStream.CallProcessAuthentication(Object state)
   in System.Threading.ExecutionContext.RunInternal(ExecutionContext executionContext, ContextCallback callback, Object state, Boolean preserveSyncCtx)
   in System.Threading.ExecutionContext.Run(ExecutionContext executionContext, ContextCallback callback, Object state, Boolean preserveSyncCtx)
   in System.Threading.ExecutionContext.Run(ExecutionContext executionContext, ContextCallback callback, Object state)
   in System.Net.TlsStream.ProcessAuthentication(LazyAsyncResult result)
   in System.Net.TlsStream.Write(Byte[] buffer, Int32 offset, Int32 size)
   in System.Net.PooledStream.Write(Byte[] buffer, Int32 offset, Int32 size)
   in System.Net.ConnectStream.WriteHeaders(Boolean async)
   --- Fine della traccia dello stack dell'eccezione interna ---
   in System.Net.WebClient.DownloadDataInternal(Uri address, WebRequest& request)
   in System.Net.WebClient.DownloadString(Uri address)
   in System.Net.WebClient.DownloadString(String address)
   in Nova.LCT.GigabitSystem.CloudServerManager.BackupRestoreHttpClient.<>c__DisplayClass24_0.<ReturnNodeIndex>b__0()
2026-02-19 00:50:46,627 [4] ERROR -  >>  >> TraceInfo >> 0 >>  >> LCTServerMessageProxy >>OnHandshakeServerPrivderCallback: ???394646,???394646
2026-02-19 00:50:58,249 [10] ERROR -  >>  >> Login >> 0 >> Lijin Login Error:System.ServiceModel.EndpointNotFoundException: Nessun endpoint in ascolto su net.pipe://localhost/novadata/IDataService in grado di accettare il messaggio. Ciò è spesso causato da un'azione SOAP o un indirizzo non corretto. Per ulteriori dettagli, vedere InnerException, se presente. ---> System.IO.PipeException: Impossibile trovare l'endpoint di pipe 'net.pipe://localhost/novadata/IDataService' nel computer locale. 
   --- Fine della traccia dello stack dell'eccezione interna ---

Server stack trace: 
   in System.ServiceModel.Channels.PipeConnectionInitiator.GetPipeName(Uri uri, IPipeTransportFactorySettings transportFactorySettings)
   in System.ServiceModel.Channels.NamedPipeConnectionPoolRegistry.NamedPipeConnectionPool.GetPoolKey(EndpointAddress address, Uri via)
   in System.ServiceModel.Channels.CommunicationPool`2.TakeConnection(EndpointAddress address, Uri via, TimeSpan timeout, TKey& key)
   in System.ServiceModel.Channels.ConnectionPoolHelper.EstablishConnection(TimeSpan timeout)
   in System.ServiceModel.Channels.ClientFramingDuplexSessionChannel.OnOpen(TimeSpan timeout)
   in System.ServiceModel.Channels.CommunicationObject.Open(TimeSpan timeout)
   in System.ServiceModel.Channels.ServiceChannel.OnOpen(TimeSpan timeout)
   in System.ServiceModel.Channels.CommunicationObject.Open(TimeSpan timeout)
   in System.ServiceModel.Channels.ServiceChannel.CallOpenOnce.System.ServiceModel.Channels.ServiceChannel.ICallOnce.Call(ServiceChannel channel, TimeSpan timeout)
   in System.ServiceModel.Channels.ServiceChannel.CallOnceManager.CallOnce(TimeSpan timeout, CallOnceManager cascade)
   in System.ServiceModel.Channels.ServiceChannel.Call(String action, Boolean oneway, ProxyOperationRuntime operation, Object[] ins, Object[] outs, TimeSpan timeout)
   in System.ServiceModel.Channels.ServiceChannelProxy.InvokeService(IMethodCallMessage methodCall, ProxyOperationRuntime operation)
   in System.ServiceModel.Channels.ServiceChannelProxy.Invoke(IMessage message)

Exception rethrown at [0]: 
   in System.Runtime.Remoting.Proxies.RealProxy.HandleReturnMessage(IMessage reqMsg, IMessage retMsg)
   in System.Runtime.Remoting.Proxies.RealProxy.PrivateInvoke(MessageData& msgData, Int32 type)
   in Nova.Monitoring.Common.IDataService.Login(String name)
   in Nova.Monitoring.Common.DataClientBaseNew.Login(String name)
2026-02-19 00:50:58,299 [10] ERROR -  >>  >> Hello >> 0 >> Hello Error:System.ServiceModel.CommunicationObjectFaultedException: Impossibile utilizzare l'oggetto di comunicazione, System.ServiceModel.Channels.ServiceChannel, per la comunicazione perché è nello stato Faulted.

Server stack trace: 
   in System.ServiceModel.Channels.CommunicationObject.ThrowIfDisposedOrNotOpen()
   in System.ServiceModel.Channels.ServiceChannel.Call(String action, Boolean oneway, ProxyOperationRuntime operation, Object[] ins, Object[] outs, TimeSpan timeout)
   in System.ServiceModel.Channels.ServiceChannelProxy.InvokeService(IMethodCallMessage methodCall, ProxyOperationRuntime operation)
   in System.ServiceModel.Channels.ServiceChannelProxy.Invoke(IMessage message)

Exception rethrown at [0]: 
   in System.Runtime.Remoting.Proxies.RealProxy.HandleReturnMessage(IMessage reqMsg, IMessage retMsg)
   in System.Runtime.Remoting.Proxies.RealProxy.PrivateInvoke(MessageData& msgData, Int32 type)
   in Nova.Monitoring.Common.IDataService.Hello()
   in Nova.Monitoring.Common.DataClientBaseNew.Hello()
2026-02-19 00:50:58,313 [10] ERROR -  >>  >> Login >> 0 >> Lijin Login Error:System.ServiceModel.EndpointNotFoundException: Nessun endpoint in ascolto su net.pipe://localhost/novadata/IDataService in grado di accettare il messaggio. Ciò è spesso causato da un'azione SOAP o un indirizzo non corretto. Per ulteriori dettagli, vedere InnerException, se presente. ---> System.IO.PipeException: Impossibile trovare l'endpoint di pipe 'net.pipe://localhost/novadata/IDataService' nel computer locale. 
   --- Fine della traccia dello stack dell'eccezione interna ---

Server stack trace: 
   in System.ServiceModel.Channels.PipeConnectionInitiator.GetPipeName(Uri uri, IPipeTransportFactorySettings transportFactorySettings)
   in System.ServiceModel.Channels.NamedPipeConnectionPoolRegistry.NamedPipeConnectionPool.GetPoolKey(EndpointAddress address, Uri via)
   in System.ServiceModel.Channels.CommunicationPool`2.TakeConnection(EndpointAddress address, Uri via, TimeSpan timeout, TKey& key)
   in System.ServiceModel.Channels.ConnectionPoolHelper.EstablishConnection(TimeSpan timeout)
   in System.ServiceModel.Channels.ClientFramingDuplexSessionChannel.OnOpen(TimeSpan timeout)
   in System.ServiceModel.Channels.CommunicationObject.Open(TimeSpan timeout)
   in System.ServiceModel.Channels.ServiceChannel.OnOpen(TimeSpan timeout)
   in System.ServiceModel.Channels.CommunicationObject.Open(TimeSpan timeout)
   in System.ServiceModel.Channels.ServiceChannel.CallOpenOnce.System.ServiceModel.Channels.ServiceChannel.ICallOnce.Call(ServiceChannel channel, TimeSpan timeout)
   in System.ServiceModel.Channels.ServiceChannel.CallOnceManager.CallOnce(TimeSpan timeout, CallOnceManager cascade)
   in System.ServiceModel.Channels.ServiceChannel.Call(String action, Boolean oneway, ProxyOperationRuntime operation, Object[] ins, Object[] outs, TimeSpan timeout)
   in System.ServiceModel.Channels.ServiceChannelProxy.InvokeService(IMethodCallMessage methodCall, ProxyOperationRuntime operation)
   in System.ServiceModel.Channels.ServiceChannelProxy.Invoke(IMessage message)

Exception rethrown at [0]: 
   in System.Runtime.Remoting.Proxies.RealProxy.HandleReturnMessage(IMessage reqMsg, IMessage retMsg)
   in System.Runtime.Remoting.Proxies.RealProxy.PrivateInvoke(MessageData& msgData, Int32 type)
   in Nova.Monitoring.Common.IDataService.Login(String name)
   in Nova.Monitoring.Common.DataClientBaseNew.Login(String name)
2026-02-19 00:50:59,259 [10] ERROR -  >>  >> ExecuteCommand >> 0 >> System.ServiceModel.CommunicationObjectFaultedException: Impossibile utilizzare l'oggetto di comunicazione, System.ServiceModel.Channels.ServiceChannel, per la comunicazione perché è nello stato Faulted.

Server stack trace: 
   in System.ServiceModel.Channels.CommunicationObject.ThrowIfDisposedOrNotOpen()
   in System.ServiceModel.Channels.ServiceChannel.Call(String action, Boolean oneway, ProxyOperationRuntime operation, Object[] ins, Object[] outs, TimeSpan timeout)
   in System.ServiceModel.Channels.ServiceChannelProxy.InvokeService(IMethodCallMessage methodCall, ProxyOperationRuntime operation)
   in System.ServiceModel.Channels.ServiceChannelProxy.Invoke(IMessage message)

Exception rethrown at [0]: 
   in System.Runtime.Remoting.Proxies.RealProxy.HandleReturnMessage(IMessage reqMsg, IMessage retMsg)
   in System.Runtime.Remoting.Proxies.RealProxy.PrivateInvoke(MessageData& msgData, Int32 type)
   in Nova.Monitoring.Common.IDataService.ExecuteCommand(Int32 code, String data)
   in Nova.LCT.GigabitSystem.MonitorClientManager.MonitorClient.ExecuteCommand(Int32 code, String data, Boolean catchError)
2026-02-19 00:50:59,327 [10] ERROR -  >>  >> Hello >> 0 >> Hello Error:System.ServiceModel.CommunicationObjectFaultedException: Impossibile utilizzare l'oggetto di comunicazione, System.ServiceModel.Channels.ServiceChannel, per la comunicazione perché è nello stato Faulted.

Server stack trace: 
   in System.ServiceModel.Channels.CommunicationObject.ThrowIfDisposedOrNotOpen()
   in System.ServiceModel.Channels.ServiceChannel.Call(String action, Boolean oneway, ProxyOperationRuntime operation, Object[] ins, Object[] outs, TimeSpan timeout)
   in System.ServiceModel.Channels.ServiceChannelProxy.InvokeService(IMethodCallMessage methodCall, ProxyOperationRuntime operation)
   in System.ServiceModel.Channels.ServiceChannelProxy.Invoke(IMessage message)

Exception rethrown at [0]: 
   in System.Runtime.Remoting.Proxies.RealProxy.HandleReturnMessage(IMessage reqMsg, IMessage retMsg)
   in System.Runtime.Remoting.Proxies.RealProxy.PrivateInvoke(MessageData& msgData, Int32 type)
   in Nova.Monitoring.Common.IDataService.Hello()
   in Nova.Monitoring.Common.DataClientBaseNew.Hello()
2026-02-19 00:50:59,331 [10] ERROR -  >>  >> Login >> 0 >> Lijin Login Error:System.ServiceModel.EndpointNotFoundException: Nessun endpoint in ascolto su net.pipe://localhost/novadata/IDataService in grado di accettare il messaggio. Ciò è spesso causato da un'azione SOAP o un indirizzo non corretto. Per ulteriori dettagli, vedere InnerException, se presente. ---> System.IO.PipeException: Impossibile trovare l'endpoint di pipe 'net.pipe://localhost/novadata/IDataService' nel computer locale. 
   --- Fine della traccia dello stack dell'eccezione interna ---

Server stack trace: 
   in System.ServiceModel.Channels.PipeConnectionInitiator.GetPipeName(Uri uri, IPipeTransportFactorySettings transportFactorySettings)
   in System.ServiceModel.Channels.NamedPipeConnectionPoolRegistry.NamedPipeConnectionPool.GetPoolKey(EndpointAddress address, Uri via)
   in System.ServiceModel.Channels.CommunicationPool`2.TakeConnection(EndpointAddress address, Uri via, TimeSpan timeout, TKey& key)
   in System.ServiceModel.Channels.ConnectionPoolHelper.EstablishConnection(TimeSpan timeout)
   in System.ServiceModel.Channels.ClientFramingDuplexSessionChannel.OnOpen(TimeSpan timeout)
   in System.ServiceModel.Channels.CommunicationObject.Open(TimeSpan timeout)
   in System.ServiceModel.Channels.ServiceChannel.OnOpen(TimeSpan timeout)
   in System.ServiceModel.Channels.CommunicationObject.Open(TimeSpan timeout)
   in System.ServiceModel.Channels.ServiceChannel.CallOpenOnce.System.ServiceModel.Channels.ServiceChannel.ICallOnce.Call(ServiceChannel channel, TimeSpan timeout)
   in System.ServiceModel.Channels.ServiceChannel.CallOnceManager.CallOnce(TimeSpan timeout, CallOnceManager cascade)
   in System.ServiceModel.Channels.ServiceChannel.Call(String action, Boolean oneway, ProxyOperationRuntime operation, Object[] ins, Object[] outs, TimeSpan timeout)
   in System.ServiceModel.Channels.ServiceChannelProxy.InvokeService(IMethodCallMessage methodCall, ProxyOperationRuntime operation)
   in System.ServiceModel.Channels.ServiceChannelProxy.Invoke(IMessage message)

Exception rethrown at [0]: 
   in System.Runtime.Remoting.Proxies.RealProxy.HandleReturnMessage(IMessage reqMsg, IMessage retMsg)
   in System.Runtime.Remoting.Proxies.RealProxy.PrivateInvoke(MessageData& msgData, Int32 type)
   in Nova.Monitoring.Common.IDataService.Login(String name)
   in Nova.Monitoring.Common.DataClientBaseNew.Login(String name)
2026-02-19 00:51:00,381 [1] ERROR -  >>  >> TraceInfo >> 0 >>  >> LCTServerMessageProxy >>?????????:,3.1.1
2026-02-19 00:51:00,384 [22] ERROR -  >>  >> TraceInfo >> 0 >>  >> LCTServerMessageProxy >>OnHandshakeServerPrivderCallback: ???0,???853282
2026-02-19 00:51:00,941 [5] ERROR -  >>  >> OnEquipmentChangeEvent >> 0 >> ?????????
2026-02-19 00:51:00,950 [1] ERROR -  >>  >> ChangeDeviceList >> 0 >> equipmentTable.count:0
2026-02-19 00:51:00,960 [5] ERROR -  >>  >> OnEquipmentChangeEvent >> 0 >> ????,???0!!!
2026-02-19 00:51:05,366 [1] ERROR -  >>  >> TraceInfo >> 0 >>  >> LCTServerMessageProxy >>?????????:COM3,
2026-02-19 00:51:05,371 [1] ERROR -  >>  >> TraceInfo >> 0 >>  >> LCTServerMessageProxy >>?????????:
2026-02-19 00:51:05,373 [1] ERROR -  >>  >> OnCompleteConnectAllController >> 0 >> ??????????
2026-02-19 00:51:05,374 [1] ERROR -  >>  >> ChangeDeviceList >> 0 >> equipmentTable.count:0
2026-02-19 00:51:05,381 [1] ERROR -  >>  >> OnDeviceChangeEvent >> 0 >> ????:??????, ????:0 
2026-02-19 00:51:05,382 [1] ERROR -  >>  >> TraceInfo >> 0 >>  >> LCTServerMessageProxy >>?????????:
2026-02-19 00:51:05,383 [1] ERROR -  >>  >> OnEquipmentChangeEvent >> 0 >> ?????????
2026-02-19 00:51:05,384 [1] ERROR -  >>  >> ChangeDeviceList >> 0 >> equipmentTable.count:0
2026-02-19 00:51:05,389 [1] ERROR -  >>  >> OnEquipmentChangeEvent >> 0 >> ????,???0!!!
2026-02-19 00:51:10,400 [22] ERROR -  >>  >> TraceInfo >> 0 >>  >> LCTServerMessageProxy >>OnHandshakeServerPrivderCallback: ???853282,???853282
2026-02-19 00:51:13,315 [12] ERROR -  >>  >> Hello >> 0 >> Hello Error:System.ServiceModel.CommunicationObjectFaultedException: Impossibile utilizzare l'oggetto di comunicazione, System.ServiceModel.Channels.ServiceChannel, per la comunicazione perché è nello stato Faulted.

Server stack trace: 
   in System.ServiceModel.Channels.CommunicationObject.ThrowIfDisposedOrNotOpen()
   in System.ServiceModel.Channels.ServiceChannel.Call(String action, Boolean oneway, ProxyOperationRuntime operation, Object[] ins, Object[] outs, TimeSpan timeout)
   in System.ServiceModel.Channels.ServiceChannelProxy.InvokeService(IMethodCallMessage methodCall, ProxyOperationRuntime operation)
   in System.ServiceModel.Channels.ServiceChannelProxy.Invoke(IMessage message)

Exception rethrown at [0]: 
   in System.Runtime.Remoting.Proxies.RealProxy.HandleReturnMessage(IMessage reqMsg, IMessage retMsg)
   in System.Runtime.Remoting.Proxies.RealProxy.PrivateInvoke(MessageData& msgData, Int32 type)
   in Nova.Monitoring.Common.IDataService.Hello()
   in Nova.Monitoring.Common.DataClientBaseNew.Hello()
2026-02-19 00:51:13,319 [12] ERROR -  >>  >> Login >> 0 >> Lijin Login Error:System.ServiceModel.EndpointNotFoundException: Nessun endpoint in ascolto su net.pipe://localhost/novadata/IDataService in grado di accettare il messaggio. Ciò è spesso causato da un'azione SOAP o un indirizzo non corretto. Per ulteriori dettagli, vedere InnerException, se presente. ---> System.IO.PipeException: Impossibile trovare l'endpoint di pipe 'net.pipe://localhost/novadata/IDataService' nel computer locale. 
   --- Fine della traccia dello stack dell'eccezione interna ---

Server stack trace: 
   in System.ServiceModel.Channels.PipeConnectionInitiator.GetPipeName(Uri uri, IPipeTransportFactorySettings transportFactorySettings)
   in System.ServiceModel.Channels.PipeConnectionInitiator.PrepareConnect(Uri remoteUri, TimeSpan timeout, String& resolvedAddress, BackoffTimeoutHelper& backoffHelper)
   in System.ServiceModel.Channels.PipeConnectionInitiator.Connect(Uri remoteUri, TimeSpan timeout)
   in System.ServiceModel.Channels.BufferedConnectionInitiator.Connect(Uri uri, TimeSpan timeout)
   in System.ServiceModel.Channels.ConnectionPoolHelper.EstablishConnection(TimeSpan timeout)
   in System.ServiceModel.Channels.ClientFramingDuplexSessionChannel.OnOpen(TimeSpan timeout)
   in System.ServiceModel.Channels.CommunicationObject.Open(TimeSpan timeout)
   in System.ServiceModel.Channels.ServiceChannel.OnOpen(TimeSpan timeout)
   in System.ServiceModel.Channels.CommunicationObject.Open(TimeSpan timeout)
   in System.ServiceModel.Channels.ServiceChannel.CallOpenOnce.System.ServiceModel.Channels.ServiceChannel.ICallOnce.Call(ServiceChannel channel, TimeSpan timeout)
   in System.ServiceModel.Channels.ServiceChannel.CallOnceManager.CallOnce(TimeSpan timeout, CallOnceManager cascade)
   in System.ServiceModel.Channels.ServiceChannel.Call(String action, Boolean oneway, ProxyOperationRuntime operation, Object[] ins, Object[] outs, TimeSpan timeout)
   in System.ServiceModel.Channels.ServiceChannelProxy.InvokeService(IMethodCallMessage methodCall, ProxyOperationRuntime operation)
   in System.ServiceModel.Channels.ServiceChannelProxy.Invoke(IMessage message)

Exception rethrown at [0]: 
   in System.Runtime.Remoting.Proxies.RealProxy.HandleReturnMessage(IMessage reqMsg, IMessage retMsg)
   in System.Runtime.Remoting.Proxies.RealProxy.PrivateInvoke(MessageData& msgData, Int32 type)
   in Nova.Monitoring.Common.IDataService.Login(String name)
   in Nova.Monitoring.Common.DataClientBaseNew.Login(String name)
2026-02-19 00:51:16,324 [22] ERROR -  >>  >> Hello >> 0 >> Hello Error:System.ServiceModel.CommunicationObjectFaultedException: Impossibile utilizzare l'oggetto di comunicazione, System.ServiceModel.Channels.ServiceChannel, per la comunicazione perché è nello stato Faulted.

Server stack trace: 
   in System.ServiceModel.Channels.CommunicationObject.ThrowIfDisposedOrNotOpen()
   in System.ServiceModel.Channels.ServiceChannel.Call(String action, Boolean oneway, ProxyOperationRuntime operation, Object[] ins, Object[] outs, TimeSpan timeout)
   in System.ServiceModel.Channels.ServiceChannelProxy.InvokeService(IMethodCallMessage methodCall, ProxyOperationRuntime operation)
   in System.ServiceModel.Channels.ServiceChannelProxy.Invoke(IMessage message)

Exception rethrown at [0]: 
   in System.Runtime.Remoting.Proxies.RealProxy.HandleReturnMessage(IMessage reqMsg, IMessage retMsg)
   in System.Runtime.Remoting.Proxies.RealProxy.PrivateInvoke(MessageData& msgData, Int32 type)
   in Nova.Monitoring.Common.IDataService.Hello()
   in Nova.Monitoring.Common.DataClientBaseNew.Hello()
2026-02-19 00:51:16,327 [22] ERROR -  >>  >> Login >> 0 >> Lijin Login Error:System.ServiceModel.EndpointNotFoundException: Nessun endpoint in ascolto su net.pipe://localhost/novadata/IDataService in grado di accettare il messaggio. Ciò è spesso causato da un'azione SOAP o un indirizzo non corretto. Per ulteriori dettagli, vedere InnerException, se presente. ---> System.IO.PipeException: Impossibile trovare l'endpoint di pipe 'net.pipe://localhost/novadata/IDataService' nel computer locale. 
   --- Fine della traccia dello stack dell'eccezione interna ---

Server stack trace: 
   in System.ServiceModel.Channels.PipeConnectionInitiator.GetPipeName(Uri uri, IPipeTransportFactorySettings transportFactorySettings)
   in System.ServiceModel.Channels.PipeConnectionInitiator.PrepareConnect(Uri remoteUri, TimeSpan timeout, String& resolvedAddress, BackoffTimeoutHelper& backoffHelper)
   in System.ServiceModel.Channels.PipeConnectionInitiator.Connect(Uri remoteUri, TimeSpan timeout)
   in System.ServiceModel.Channels.BufferedConnectionInitiator.Connect(Uri uri, TimeSpan timeout)
   in System.ServiceModel.Channels.ConnectionPoolHelper.EstablishConnection(TimeSpan timeout)
   in System.ServiceModel.Channels.ClientFramingDuplexSessionChannel.OnOpen(TimeSpan timeout)
   in System.ServiceModel.Channels.CommunicationObject.Open(TimeSpan timeout)
   in System.ServiceModel.Channels.ServiceChannel.OnOpen(TimeSpan timeout)
   in System.ServiceModel.Channels.CommunicationObject.Open(TimeSpan timeout)
   in System.ServiceModel.Channels.ServiceChannel.CallOpenOnce.System.ServiceModel.Channels.ServiceChannel.ICallOnce.Call(ServiceChannel channel, TimeSpan timeout)
   in System.ServiceModel.Channels.ServiceChannel.CallOnceManager.CallOnce(TimeSpan timeout, CallOnceManager cascade)
   in System.ServiceModel.Channels.ServiceChannel.Call(String action, Boolean oneway, ProxyOperationRuntime operation, Object[] ins, Object[] outs, TimeSpan timeout)
   in System.ServiceModel.Channels.ServiceChannelProxy.InvokeService(IMethodCallMessage methodCall, ProxyOperationRuntime operation)
   in System.ServiceModel.Channels.ServiceChannelProxy.Invoke(IMessage message)

Exception rethrown at [0]: 
   in System.Runtime.Remoting.Proxies.RealProxy.HandleReturnMessage(IMessage reqMsg, IMessage retMsg)
   in System.Runtime.Remoting.Proxies.RealProxy.PrivateInvoke(MessageData& msgData, Int32 type)
   in Nova.Monitoring.Common.IDataService.Login(String name)
   in Nova.Monitoring.Common.DataClientBaseNew.Login(String name)
2026-02-19 00:51:17,760 [11] ERROR -  >>  >> <UploadBakFile>b__0 >> 0 >> ?LCT????????????? -- Sleep Finished
2026-02-19 01:00:28,941 [11] ERROR -  >>  >> Login >> 0 >> Lijin Login Error:System.ServiceModel.EndpointNotFoundException: Nessun endpoint in ascolto su net.pipe://localhost/novadata/IDataService in grado di accettare il messaggio. Ciò è spesso causato da un'azione SOAP o un indirizzo non corretto. Per ulteriori dettagli, vedere InnerException, se presente. ---> System.IO.PipeException: Impossibile trovare l'endpoint di pipe 'net.pipe://localhost/novadata/IDataService' nel computer locale. 
   --- Fine della traccia dello stack dell'eccezione interna ---

Server stack trace: 
   in System.ServiceModel.Channels.PipeConnectionInitiator.GetPipeName(Uri uri, IPipeTransportFactorySettings transportFactorySettings)
   in System.ServiceModel.Channels.NamedPipeConnectionPoolRegistry.NamedPipeConnectionPool.GetPoolKey(EndpointAddress address, Uri via)
   in System.ServiceModel.Channels.CommunicationPool`2.TakeConnection(EndpointAddress address, Uri via, TimeSpan timeout, TKey& key)
   in System.ServiceModel.Channels.ConnectionPoolHelper.EstablishConnection(TimeSpan timeout)
   in System.ServiceModel.Channels.ClientFramingDuplexSessionChannel.OnOpen(TimeSpan timeout)
   in System.ServiceModel.Channels.CommunicationObject.Open(TimeSpan timeout)
   in System.ServiceModel.Channels.ServiceChannel.OnOpen(TimeSpan timeout)
   in System.ServiceModel.Channels.CommunicationObject.Open(TimeSpan timeout)
   in System.ServiceModel.Channels.ServiceChannel.CallOpenOnce.System.ServiceModel.Channels.ServiceChannel.ICallOnce.Call(ServiceChannel channel, TimeSpan timeout)
   in System.ServiceModel.Channels.ServiceChannel.CallOnceManager.CallOnce(TimeSpan timeout, CallOnceManager cascade)
   in System.ServiceModel.Channels.ServiceChannel.Call(String action, Boolean oneway, ProxyOperationRuntime operation, Object[] ins, Object[] outs, TimeSpan timeout)
   in System.ServiceModel.Channels.ServiceChannelProxy.InvokeService(IMethodCallMessage methodCall, ProxyOperationRuntime operation)
   in System.ServiceModel.Channels.ServiceChannelProxy.Invoke(IMessage message)

Exception rethrown at [0]: 
   in System.Runtime.Remoting.Proxies.RealProxy.HandleReturnMessage(IMessage reqMsg, IMessage retMsg)
   in System.Runtime.Remoting.Proxies.RealProxy.PrivateInvoke(MessageData& msgData, Int32 type)
   in Nova.Monitoring.Common.IDataService.Login(String name)
   in Nova.Monitoring.Common.DataClientBaseNew.Login(String name)
2026-02-19 01:00:28,955 [11] ERROR -  >>  >> Hello >> 0 >> Hello Error:System.ServiceModel.CommunicationObjectFaultedException: Impossibile utilizzare l'oggetto di comunicazione, System.ServiceModel.Channels.ServiceChannel, per la comunicazione perché è nello stato Faulted.

Server stack trace: 
   in System.ServiceModel.Channels.CommunicationObject.ThrowIfDisposedOrNotOpen()
   in System.ServiceModel.Channels.ServiceChannel.Call(String action, Boolean oneway, ProxyOperationRuntime operation, Object[] ins, Object[] outs, TimeSpan timeout)
   in System.ServiceModel.Channels.ServiceChannelProxy.InvokeService(IMethodCallMessage methodCall, ProxyOperationRuntime operation)
   in System.ServiceModel.Channels.ServiceChannelProxy.Invoke(IMessage message)

Exception rethrown at [0]: 
   in System.Runtime.Remoting.Proxies.RealProxy.HandleReturnMessage(IMessage reqMsg, IMessage retMsg)
   in System.Runtime.Remoting.Proxies.RealProxy.PrivateInvoke(MessageData& msgData, Int32 type)
   in Nova.Monitoring.Common.IDataService.Hello()
   in Nova.Monitoring.Common.DataClientBaseNew.Hello()
2026-02-19 01:00:28,964 [11] ERROR -  >>  >> Login >> 0 >> Lijin Login Error:System.ServiceModel.EndpointNotFoundException: Nessun endpoint in ascolto su net.pipe://localhost/novadata/IDataService in grado di accettare il messaggio. Ciò è spesso causato da un'azione SOAP o un indirizzo non corretto. Per ulteriori dettagli, vedere InnerException, se presente. ---> System.IO.PipeException: Impossibile trovare l'endpoint di pipe 'net.pipe://localhost/novadata/IDataService' nel computer locale. 
   --- Fine della traccia dello stack dell'eccezione interna ---

Server stack trace: 
   in System.ServiceModel.Channels.PipeConnectionInitiator.GetPipeName(Uri uri, IPipeTransportFactorySettings transportFactorySettings)
   in System.ServiceModel.Channels.NamedPipeConnectionPoolRegistry.NamedPipeConnectionPool.GetPoolKey(EndpointAddress address, Uri via)
   in System.ServiceModel.Channels.CommunicationPool`2.TakeConnection(EndpointAddress address, Uri via, TimeSpan timeout, TKey& key)
   in System.ServiceModel.Channels.ConnectionPoolHelper.EstablishConnection(TimeSpan timeout)
   in System.ServiceModel.Channels.ClientFramingDuplexSessionChannel.OnOpen(TimeSpan timeout)
   in System.ServiceModel.Channels.CommunicationObject.Open(TimeSpan timeout)
   in System.ServiceModel.Channels.ServiceChannel.OnOpen(TimeSpan timeout)
   in System.ServiceModel.Channels.CommunicationObject.Open(TimeSpan timeout)
   in System.ServiceModel.Channels.ServiceChannel.CallOpenOnce.System.ServiceModel.Channels.ServiceChannel.ICallOnce.Call(ServiceChannel channel, TimeSpan timeout)
   in System.ServiceModel.Channels.ServiceChannel.CallOnceManager.CallOnce(TimeSpan timeout, CallOnceManager cascade)
   in System.ServiceModel.Channels.ServiceChannel.Call(String action, Boolean oneway, ProxyOperationRuntime operation, Object[] ins, Object[] outs, TimeSpan timeout)
   in System.ServiceModel.Channels.ServiceChannelProxy.InvokeService(IMethodCallMessage methodCall, ProxyOperationRuntime operation)
   in System.ServiceModel.Channels.ServiceChannelProxy.Invoke(IMessage message)

Exception rethrown at [0]: 
   in System.Runtime.Remoting.Proxies.RealProxy.HandleReturnMessage(IMessage reqMsg, IMessage retMsg)
   in System.Runtime.Remoting.Proxies.RealProxy.PrivateInvoke(MessageData& msgData, Int32 type)
   in Nova.Monitoring.Common.IDataService.Login(String name)
   in Nova.Monitoring.Common.DataClientBaseNew.Login(String name)
2026-02-19 01:00:29,850 [11] ERROR -  >>  >> ExecuteCommand >> 0 >> System.ServiceModel.CommunicationObjectFaultedException: Impossibile utilizzare l'oggetto di comunicazione, System.ServiceModel.Channels.ServiceChannel, per la comunicazione perché è nello stato Faulted.

Server stack trace: 
   in System.ServiceModel.Channels.CommunicationObject.ThrowIfDisposedOrNotOpen()
   in System.ServiceModel.Channels.ServiceChannel.Call(String action, Boolean oneway, ProxyOperationRuntime operation, Object[] ins, Object[] outs, TimeSpan timeout)
   in System.ServiceModel.Channels.ServiceChannelProxy.InvokeService(IMethodCallMessage methodCall, ProxyOperationRuntime operation)
   in System.ServiceModel.Channels.ServiceChannelProxy.Invoke(IMessage message)

Exception rethrown at [0]: 
   in System.Runtime.Remoting.Proxies.RealProxy.HandleReturnMessage(IMessage reqMsg, IMessage retMsg)
   in System.Runtime.Remoting.Proxies.RealProxy.PrivateInvoke(MessageData& msgData, Int32 type)
   in Nova.Monitoring.Common.IDataService.ExecuteCommand(Int32 code, String data)
   in Nova.LCT.GigabitSystem.MonitorClientManager.MonitorClient.ExecuteCommand(Int32 code, String data, Boolean catchError)
2026-02-19 01:00:29,972 [11] ERROR -  >>  >> Hello >> 0 >> Hello Error:System.ServiceModel.CommunicationObjectFaultedException: Impossibile utilizzare l'oggetto di comunicazione, System.ServiceModel.Channels.ServiceChannel, per la comunicazione perché è nello stato Faulted.

Server stack trace: 
   in System.ServiceModel.Channels.CommunicationObject.ThrowIfDisposedOrNotOpen()
   in System.ServiceModel.Channels.ServiceChannel.Call(String action, Boolean oneway, ProxyOperationRuntime operation, Object[] ins, Object[] outs, TimeSpan timeout)
   in System.ServiceModel.Channels.ServiceChannelProxy.InvokeService(IMethodCallMessage methodCall, ProxyOperationRuntime operation)
   in System.ServiceModel.Channels.ServiceChannelProxy.Invoke(IMessage message)

Exception rethrown at [0]: 
   in System.Runtime.Remoting.Proxies.RealProxy.HandleReturnMessage(IMessage reqMsg, IMessage retMsg)
   in System.Runtime.Remoting.Proxies.RealProxy.PrivateInvoke(MessageData& msgData, Int32 type)
   in Nova.Monitoring.Common.IDataService.Hello()
   in Nova.Monitoring.Common.DataClientBaseNew.Hello()
2026-02-19 01:00:29,977 [11] ERROR -  >>  >> Login >> 0 >> Lijin Login Error:System.ServiceModel.EndpointNotFoundException: Nessun endpoint in ascolto su net.pipe://localhost/novadata/IDataService in grado di accettare il messaggio. Ciò è spesso causato da un'azione SOAP o un indirizzo non corretto. Per ulteriori dettagli, vedere InnerException, se presente. ---> System.IO.PipeException: Impossibile trovare l'endpoint di pipe 'net.pipe://localhost/novadata/IDataService' nel computer locale. 
   --- Fine della traccia dello stack dell'eccezione interna ---

Server stack trace: 
   in System.ServiceModel.Channels.PipeConnectionInitiator.GetPipeName(Uri uri, IPipeTransportFactorySettings transportFactorySettings)
   in System.ServiceModel.Channels.NamedPipeConnectionPoolRegistry.NamedPipeConnectionPool.GetPoolKey(EndpointAddress address, Uri via)
   in System.ServiceModel.Channels.CommunicationPool`2.TakeConnection(EndpointAddress address, Uri via, TimeSpan timeout, TKey& key)
   in System.ServiceModel.Channels.ConnectionPoolHelper.EstablishConnection(TimeSpan timeout)
   in System.ServiceModel.Channels.ClientFramingDuplexSessionChannel.OnOpen(TimeSpan timeout)
   in System.ServiceModel.Channels.CommunicationObject.Open(TimeSpan timeout)
   in System.ServiceModel.Channels.ServiceChannel.OnOpen(TimeSpan timeout)
   in System.ServiceModel.Channels.CommunicationObject.Open(TimeSpan timeout)
   in System.ServiceModel.Channels.ServiceChannel.CallOpenOnce.System.ServiceModel.Channels.ServiceChannel.ICallOnce.Call(ServiceChannel channel, TimeSpan timeout)
   in System.ServiceModel.Channels.ServiceChannel.CallOnceManager.CallOnce(TimeSpan timeout, CallOnceManager cascade)
   in System.ServiceModel.Channels.ServiceChannel.Call(String action, Boolean oneway, ProxyOperationRuntime operation, Object[] ins, Object[] outs, TimeSpan timeout)
   in System.ServiceModel.Channels.ServiceChannelProxy.InvokeService(IMethodCallMessage methodCall, ProxyOperationRuntime operation)
   in System.ServiceModel.Channels.ServiceChannelProxy.Invoke(IMessage message)

Exception rethrown at [0]: 
   in System.Runtime.Remoting.Proxies.RealProxy.HandleReturnMessage(IMessage reqMsg, IMessage retMsg)
   in System.Runtime.Remoting.Proxies.RealProxy.PrivateInvoke(MessageData& msgData, Int32 type)
   in Nova.Monitoring.Common.IDataService.Login(String name)
   in Nova.Monitoring.Common.DataClientBaseNew.Login(String name)
2026-02-19 01:00:30,560 [1] ERROR -  >>  >> TraceInfo >> 0 >>  >> LCTServerMessageProxy >>?????????:,3.1.1
2026-02-19 01:00:31,041 [19] ERROR -  >>  >> TraceInfo >> 0 >>  >> LCTServerMessageProxy >>OnHandshakeServerPrivderCallback: ???1181294,???1181294
2026-02-19 01:00:31,297 [6] ERROR -  >>  >> OnEquipmentChangeEvent >> 0 >> ?????????
2026-02-19 01:00:31,303 [1] ERROR -  >>  >> ChangeDeviceList >> 0 >> equipmentTable.count:0
2026-02-19 01:00:31,314 [6] ERROR -  >>  >> OnEquipmentChangeEvent >> 0 >> ????,???0!!!
2026-02-19 01:00:36,025 [1] ERROR -  >>  >> TraceInfo >> 0 >>  >> LCTServerMessageProxy >>?????????:COM3,
2026-02-19 01:00:36,032 [1] ERROR -  >>  >> TraceInfo >> 0 >>  >> LCTServerMessageProxy >>?????????:
2026-02-19 01:00:36,033 [1] ERROR -  >>  >> OnCompleteConnectAllController >> 0 >> ??????????
2026-02-19 01:00:36,034 [1] ERROR -  >>  >> ChangeDeviceList >> 0 >> equipmentTable.count:0
2026-02-19 01:00:36,166 [1] ERROR -  >>  >> OnDeviceChangeEvent >> 0 >> ????:??????, ????:0 
2026-02-19 01:00:36,172 [1] ERROR -  >>  >> TraceInfo >> 0 >>  >> LCTServerMessageProxy >>?????????:
2026-02-19 01:00:36,173 [1] ERROR -  >>  >> OnEquipmentChangeEvent >> 0 >> ?????????
2026-02-19 01:00:36,174 [1] ERROR -  >>  >> ChangeDeviceList >> 0 >> equipmentTable.count:0
2026-02-19 01:00:36,177 [1] ERROR -  >>  >> OnEquipmentChangeEvent >> 0 >> ????,???0!!!
2026-02-19 01:00:39,446 [23] ERROR -  >>  >> GetHttpResponse >> 0 >> System.UriFormatException: URI non valido: impossibile determinare il formato dell'URI.
   in System.Uri.CreateThis(String uri, Boolean dontEscape, UriKind uriKind)
   in System.Uri..ctor(String uriString)
   in System.Net.WebRequest.Create(String requestUriString)
   in Nova.LCT.GigabitSystem.CloudServerManager.HttpClientbase.GetHttpResponse(String url)
2026-02-19 01:00:39,447 [23] ERROR -  >>  >> GetHttpResponse >> 0 >> System.UriFormatException: URI non valido: impossibile determinare il formato dell'URI.
   in System.Uri.CreateThis(String uri, Boolean dontEscape, UriKind uriKind)
   in System.Uri..ctor(String uriString)
   in System.Net.WebRequest.Create(String requestUriString)
   in Nova.LCT.GigabitSystem.CloudServerManager.HttpClientbase.GetHttpResponse(String url)
2026-02-19 01:00:39,447 [23] ERROR -  >>  >> GetHttpResponse >> 0 >> System.UriFormatException: URI non valido: impossibile determinare il formato dell'URI.
   in System.Uri.CreateThis(String uri, Boolean dontEscape, UriKind uriKind)
   in System.Uri..ctor(String uriString)
   in System.Net.WebRequest.Create(String requestUriString)
   in Nova.LCT.GigabitSystem.CloudServerManager.HttpClientbase.GetHttpResponse(String url)
2026-02-19 01:00:39,769 [8] ERROR -  >>  >> <ReturnNodeIndex>b__0 >> 0 >> System.Net.WebException: Connessione sottostante chiusa: Errore imprevisto durante un'operazione di ricezione.. ---> System.ComponentModel.Win32Exception: Client e server non possono comunicare perché non dispongono di un algoritmo comune
   in System.Net.SSPIWrapper.AcquireCredentialsHandle(SSPIInterface SecModule, String package, CredentialUse intent, SecureCredential scc)
   in System.Net.Security.SecureChannel.AcquireCredentialsHandle(CredentialUse credUsage, SecureCredential& secureCredential)
   in System.Net.Security.SecureChannel.AcquireCredentialsHandle(CredentialUse credUsage, X509Certificate2 selectedCert, Flags flags)
   in System.Net.Security.SecureChannel.AcquireClientCredentials(Byte[]& thumbPrint)
   in System.Net.Security.SecureChannel.GenerateToken(Byte[] input, Int32 offset, Int32 count, Byte[]& output)
   in System.Net.Security.SecureChannel.NextMessage(Byte[] incoming, Int32 offset, Int32 count)
   in System.Net.Security.SslState.StartSendBlob(Byte[] incoming, Int32 count, AsyncProtocolRequest asyncRequest, Boolean renegotiation)
   in System.Net.Security.SslState.ForceAuthentication(Boolean receiveFirst, Byte[] buffer, AsyncProtocolRequest asyncRequest, Boolean renegotiation)
   in System.Net.Security.SslState.ProcessAuthentication(LazyAsyncResult lazyResult)
   in System.Net.TlsStream.CallProcessAuthentication(Object state)
   in System.Threading.ExecutionContext.RunInternal(ExecutionContext executionContext, ContextCallback callback, Object state, Boolean preserveSyncCtx)
   in System.Threading.ExecutionContext.Run(ExecutionContext executionContext, ContextCallback callback, Object state, Boolean preserveSyncCtx)
   in System.Threading.ExecutionContext.Run(ExecutionContext executionContext, ContextCallback callback, Object state)
   in System.Net.TlsStream.ProcessAuthentication(LazyAsyncResult result)
   in System.Net.TlsStream.Write(Byte[] buffer, Int32 offset, Int32 size)
   in System.Net.PooledStream.Write(Byte[] buffer, Int32 offset, Int32 size)
   in System.Net.ConnectStream.WriteHeaders(Boolean async)
   --- Fine della traccia dello stack dell'eccezione interna ---
   in System.Net.WebClient.DownloadDataInternal(Uri address, WebRequest& request)
   in System.Net.WebClient.DownloadString(Uri address)
   in System.Net.WebClient.DownloadString(String address)
   in Nova.LCT.GigabitSystem.CloudServerManager.BackupRestoreHttpClient.<>c__DisplayClass24_0.<ReturnNodeIndex>b__0()
2026-02-19 01:00:41,045 [6] ERROR -  >>  >> TraceInfo >> 0 >>  >> LCTServerMessageProxy >>OnHandshakeServerPrivderCallback: ???1181294,???1181294
2026-02-19 01:00:48,584 [5] ERROR -  >>  >> <UploadBakFile>b__0 >> 0 >> ?LCT????????????? -- Sleep Finished
2026-02-19 01:00:51,049 [6] ERROR -  >>  >> TraceInfo >> 0 >>  >> LCTServerMessageProxy >>OnHandshakeServerPrivderCallback: ???1181294,???1181294
2026-02-19 01:01:01,061 [12] ERROR -  >>  >> TraceInfo >> 0 >>  >> LCTServerMessageProxy >>OnHandshakeServerPrivderCallback: ???1181294,???0
2026-02-19 01:01:01,067 [12] ERROR -  >>  >> TraceInfo >> 0 >>  >> LCTServerMessageProxy >>????????,????????1,????????:1
2026-02-19 01:01:02,465 [6] ERROR -  >>  >> Hello >> 0 >> Hello Error:System.ServiceModel.CommunicationObjectFaultedException: Impossibile utilizzare l'oggetto di comunicazione, System.ServiceModel.Channels.ServiceChannel, per la comunicazione perché è nello stato Faulted.

Server stack trace: 
   in System.ServiceModel.Channels.CommunicationObject.ThrowIfDisposedOrNotOpen()
   in System.ServiceModel.Channels.ServiceChannel.Call(String action, Boolean oneway, ProxyOperationRuntime operation, Object[] ins, Object[] outs, TimeSpan timeout)
   in System.ServiceModel.Channels.ServiceChannelProxy.InvokeService(IMethodCallMessage methodCall, ProxyOperationRuntime operation)
   in System.ServiceModel.Channels.ServiceChannelProxy.Invoke(IMessage message)

Exception rethrown at [0]: 
   in System.Runtime.Remoting.Proxies.RealProxy.HandleReturnMessage(IMessage reqMsg, IMessage retMsg)
   in System.Runtime.Remoting.Proxies.RealProxy.PrivateInvoke(MessageData& msgData, Int32 type)
   in Nova.Monitoring.Common.IDataService.Hello()
   in Nova.Monitoring.Common.DataClientBaseNew.Hello()
2026-02-19 01:01:02,468 [6] ERROR -  >>  >> Login >> 0 >> Lijin Login Error:System.ServiceModel.EndpointNotFoundException: Nessun endpoint in ascolto su net.pipe://localhost/novadata/IDataService in grado di accettare il messaggio. Ciò è spesso causato da un'azione SOAP o un indirizzo non corretto. Per ulteriori dettagli, vedere InnerException, se presente. ---> System.IO.PipeException: Impossibile trovare l'endpoint di pipe 'net.pipe://localhost/novadata/IDataService' nel computer locale. 
   --- Fine della traccia dello stack dell'eccezione interna ---

Server stack trace: 
   in System.ServiceModel.Channels.PipeConnectionInitiator.GetPipeName(Uri uri, IPipeTransportFactorySettings transportFactorySettings)
   in System.ServiceModel.Channels.PipeConnectionInitiator.PrepareConnect(Uri remoteUri, TimeSpan timeout, String& resolvedAddress, BackoffTimeoutHelper& backoffHelper)
   in System.ServiceModel.Channels.PipeConnectionInitiator.Connect(Uri remoteUri, TimeSpan timeout)
   in System.ServiceModel.Channels.BufferedConnectionInitiator.Connect(Uri uri, TimeSpan timeout)
   in System.ServiceModel.Channels.ConnectionPoolHelper.EstablishConnection(TimeSpan timeout)
   in System.ServiceModel.Channels.ClientFramingDuplexSessionChannel.OnOpen(TimeSpan timeout)
   in System.ServiceModel.Channels.CommunicationObject.Open(TimeSpan timeout)
   in System.ServiceModel.Channels.ServiceChannel.OnOpen(TimeSpan timeout)
   in System.ServiceModel.Channels.CommunicationObject.Open(TimeSpan timeout)
   in System.ServiceModel.Channels.ServiceChannel.CallOpenOnce.System.ServiceModel.Channels.ServiceChannel.ICallOnce.Call(ServiceChannel channel, TimeSpan timeout)
   in System.ServiceModel.Channels.ServiceChannel.CallOnceManager.CallOnce(TimeSpan timeout, CallOnceManager cascade)
   in System.ServiceModel.Channels.ServiceChannel.Call(String action, Boolean oneway, ProxyOperationRuntime operation, Object[] ins, Object[] outs, TimeSpan timeout)
   in System.ServiceModel.Channels.ServiceChannelProxy.InvokeService(IMethodCallMessage methodCall, ProxyOperationRuntime operation)
   in System.ServiceModel.Channels.ServiceChannelProxy.Invoke(IMessage message)

Exception rethrown at [0]: 
   in System.Runtime.Remoting.Proxies.RealProxy.HandleReturnMessage(IMessage reqMsg, IMessage retMsg)
   in System.Runtime.Remoting.Proxies.RealProxy.PrivateInvoke(MessageData& msgData, Int32 type)
   in Nova.Monitoring.Common.IDataService.Login(String name)
   in Nova.Monitoring.Common.DataClientBaseNew.Login(String name)
2026-02-19 01:01:05,479 [23] ERROR -  >>  >> Hello >> 0 >> Hello Error:System.ServiceModel.CommunicationObjectFaultedException: Impossibile utilizzare l'oggetto di comunicazione, System.ServiceModel.Channels.ServiceChannel, per la comunicazione perché è nello stato Faulted.

Server stack trace: 
   in System.ServiceModel.Channels.CommunicationObject.ThrowIfDisposedOrNotOpen()
   in System.ServiceModel.Channels.ServiceChannel.Call(String action, Boolean oneway, ProxyOperationRuntime operation, Object[] ins, Object[] outs, TimeSpan timeout)
   in System.ServiceModel.Channels.ServiceChannelProxy.InvokeService(IMethodCallMessage methodCall, ProxyOperationRuntime operation)
   in System.ServiceModel.Channels.ServiceChannelProxy.Invoke(IMessage message)

Exception rethrown at [0]: 
   in System.Runtime.Remoting.Proxies.RealProxy.HandleReturnMessage(IMessage reqMsg, IMessage retMsg)
   in System.Runtime.Remoting.Proxies.RealProxy.PrivateInvoke(MessageData& msgData, Int32 type)
   in Nova.Monitoring.Common.IDataService.Hello()
   in Nova.Monitoring.Common.DataClientBaseNew.Hello()
2026-02-19 01:01:05,484 [23] ERROR -  >>  >> Login >> 0 >> Lijin Login Error:System.ServiceModel.EndpointNotFoundException: Nessun endpoint in ascolto su net.pipe://localhost/novadata/IDataService in grado di accettare il messaggio. Ciò è spesso causato da un'azione SOAP o un indirizzo non corretto. Per ulteriori dettagli, vedere InnerException, se presente. ---> System.IO.PipeException: Impossibile trovare l'endpoint di pipe 'net.pipe://localhost/novadata/IDataService' nel computer locale. 
   --- Fine della traccia dello stack dell'eccezione interna ---

Server stack trace: 
   in System.ServiceModel.Channels.PipeConnectionInitiator.GetPipeName(Uri uri, IPipeTransportFactorySettings transportFactorySettings)
   in System.ServiceModel.Channels.PipeConnectionInitiator.PrepareConnect(Uri remoteUri, TimeSpan timeout, String& resolvedAddress, BackoffTimeoutHelper& backoffHelper)
   in System.ServiceModel.Channels.PipeConnectionInitiator.Connect(Uri remoteUri, TimeSpan timeout)
   in System.ServiceModel.Channels.BufferedConnectionInitiator.Connect(Uri uri, TimeSpan timeout)
   in System.ServiceModel.Channels.ConnectionPoolHelper.EstablishConnection(TimeSpan timeout)
   in System.ServiceModel.Channels.ClientFramingDuplexSessionChannel.OnOpen(TimeSpan timeout)
   in System.ServiceModel.Channels.CommunicationObject.Open(TimeSpan timeout)
   in System.ServiceModel.Channels.ServiceChannel.OnOpen(TimeSpan timeout)
   in System.ServiceModel.Channels.CommunicationObject.Open(TimeSpan timeout)
   in System.ServiceModel.Channels.ServiceChannel.CallOpenOnce.System.ServiceModel.Channels.ServiceChannel.ICallOnce.Call(ServiceChannel channel, TimeSpan timeout)
   in System.ServiceModel.Channels.ServiceChannel.CallOnceManager.CallOnce(TimeSpan timeout, CallOnceManager cascade)
   in System.ServiceModel.Channels.ServiceChannel.Call(String action, Boolean oneway, ProxyOperationRuntime operation, Object[] ins, Object[] outs, TimeSpan timeout)
   in System.ServiceModel.Channels.ServiceChannelProxy.InvokeService(IMethodCallMessage methodCall, ProxyOperationRuntime operation)
   in System.ServiceModel.Channels.ServiceChannelProxy.Invoke(IMessage message)

Exception rethrown at [0]: 
   in System.Runtime.Remoting.Proxies.RealProxy.HandleReturnMessage(IMessage reqMsg, IMessage retMsg)
   in System.Runtime.Remoting.Proxies.RealProxy.PrivateInvoke(MessageData& msgData, Int32 type)
   in Nova.Monitoring.Common.IDataService.Login(String name)
   in Nova.Monitoring.Common.DataClientBaseNew.Login(String name)
2026-02-19 01:01:13,238 [12] ERROR -  >>  >> Login >> 0 >> Lijin Login Error:System.ServiceModel.EndpointNotFoundException: Nessun endpoint in ascolto su net.pipe://localhost/novadata/IDataService in grado di accettare il messaggio. Ciò è spesso causato da un'azione SOAP o un indirizzo non corretto. Per ulteriori dettagli, vedere InnerException, se presente. ---> System.IO.PipeException: Impossibile trovare l'endpoint di pipe 'net.pipe://localhost/novadata/IDataService' nel computer locale. 
   --- Fine della traccia dello stack dell'eccezione interna ---

Server stack trace: 
   in System.ServiceModel.Channels.PipeConnectionInitiator.GetPipeName(Uri uri, IPipeTransportFactorySettings transportFactorySettings)
   in System.ServiceModel.Channels.NamedPipeConnectionPoolRegistry.NamedPipeConnectionPool.GetPoolKey(EndpointAddress address, Uri via)
   in System.ServiceModel.Channels.CommunicationPool`2.TakeConnection(EndpointAddress address, Uri via, TimeSpan timeout, TKey& key)
   in System.ServiceModel.Channels.ConnectionPoolHelper.EstablishConnection(TimeSpan timeout)
   in System.ServiceModel.Channels.ClientFramingDuplexSessionChannel.OnOpen(TimeSpan timeout)
   in System.ServiceModel.Channels.CommunicationObject.Open(TimeSpan timeout)
   in System.ServiceModel.Channels.ServiceChannel.OnOpen(TimeSpan timeout)
   in System.ServiceModel.Channels.CommunicationObject.Open(TimeSpan timeout)
   in System.ServiceModel.Channels.ServiceChannel.CallOpenOnce.System.ServiceModel.Channels.ServiceChannel.ICallOnce.Call(ServiceChannel channel, TimeSpan timeout)
   in System.ServiceModel.Channels.ServiceChannel.CallOnceManager.CallOnce(TimeSpan timeout, CallOnceManager cascade)
   in System.ServiceModel.Channels.ServiceChannel.Call(String action, Boolean oneway, ProxyOperationRuntime operation, Object[] ins, Object[] outs, TimeSpan timeout)
   in System.ServiceModel.Channels.ServiceChannelProxy.InvokeService(IMethodCallMessage methodCall, ProxyOperationRuntime operation)
   in System.ServiceModel.Channels.ServiceChannelProxy.Invoke(IMessage message)

Exception rethrown at [0]: 
   in System.Runtime.Remoting.Proxies.RealProxy.HandleReturnMessage(IMessage reqMsg, IMessage retMsg)
   in System.Runtime.Remoting.Proxies.RealProxy.PrivateInvoke(MessageData& msgData, Int32 type)
   in Nova.Monitoring.Common.IDataService.Login(String name)
   in Nova.Monitoring.Common.DataClientBaseNew.Login(String name)
2026-02-19 01:01:13,262 [12] ERROR -  >>  >> Hello >> 0 >> Hello Error:System.ServiceModel.CommunicationObjectFaultedException: Impossibile utilizzare l'oggetto di comunicazione, System.ServiceModel.Channels.ServiceChannel, per la comunicazione perché è nello stato Faulted.

Server stack trace: 
   in System.ServiceModel.Channels.CommunicationObject.ThrowIfDisposedOrNotOpen()
   in System.ServiceModel.Channels.ServiceChannel.Call(String action, Boolean oneway, ProxyOperationRuntime operation, Object[] ins, Object[] outs, TimeSpan timeout)
   in System.ServiceModel.Channels.ServiceChannelProxy.InvokeService(IMethodCallMessage methodCall, ProxyOperationRuntime operation)
   in System.ServiceModel.Channels.ServiceChannelProxy.Invoke(IMessage message)

Exception rethrown at [0]: 
   in System.Runtime.Remoting.Proxies.RealProxy.HandleReturnMessage(IMessage reqMsg, IMessage retMsg)
   in System.Runtime.Remoting.Proxies.RealProxy.PrivateInvoke(MessageData& msgData, Int32 type)
   in Nova.Monitoring.Common.IDataService.Hello()
   in Nova.Monitoring.Common.DataClientBaseNew.Hello()
2026-02-19 01:01:13,271 [12] ERROR -  >>  >> Login >> 0 >> Lijin Login Error:System.ServiceModel.EndpointNotFoundException: Nessun endpoint in ascolto su net.pipe://localhost/novadata/IDataService in grado di accettare il messaggio. Ciò è spesso causato da un'azione SOAP o un indirizzo non corretto. Per ulteriori dettagli, vedere InnerException, se presente. ---> System.IO.PipeException: Impossibile trovare l'endpoint di pipe 'net.pipe://localhost/novadata/IDataService' nel computer locale. 
   --- Fine della traccia dello stack dell'eccezione interna ---

Server stack trace: 
   in System.ServiceModel.Channels.PipeConnectionInitiator.GetPipeName(Uri uri, IPipeTransportFactorySettings transportFactorySettings)
   in System.ServiceModel.Channels.NamedPipeConnectionPoolRegistry.NamedPipeConnectionPool.GetPoolKey(EndpointAddress address, Uri via)
   in System.ServiceModel.Channels.CommunicationPool`2.TakeConnection(EndpointAddress address, Uri via, TimeSpan timeout, TKey& key)
   in System.ServiceModel.Channels.ConnectionPoolHelper.EstablishConnection(TimeSpan timeout)
   in System.ServiceModel.Channels.ClientFramingDuplexSessionChannel.OnOpen(TimeSpan timeout)
   in System.ServiceModel.Channels.CommunicationObject.Open(TimeSpan timeout)
   in System.ServiceModel.Channels.ServiceChannel.OnOpen(TimeSpan timeout)
   in System.ServiceModel.Channels.CommunicationObject.Open(TimeSpan timeout)
   in System.ServiceModel.Channels.ServiceChannel.CallOpenOnce.System.ServiceModel.Channels.ServiceChannel.ICallOnce.Call(ServiceChannel channel, TimeSpan timeout)
   in System.ServiceModel.Channels.ServiceChannel.CallOnceManager.CallOnce(TimeSpan timeout, CallOnceManager cascade)
   in System.ServiceModel.Channels.ServiceChannel.Call(String action, Boolean oneway, ProxyOperationRuntime operation, Object[] ins, Object[] outs, TimeSpan timeout)
   in System.ServiceModel.Channels.ServiceChannelProxy.InvokeService(IMethodCallMessage methodCall, ProxyOperationRuntime operation)
   in System.ServiceModel.Channels.ServiceChannelProxy.Invoke(IMessage message)

Exception rethrown at [0]: 
   in System.Runtime.Remoting.Proxies.RealProxy.HandleReturnMessage(IMessage reqMsg, IMessage retMsg)
   in System.Runtime.Remoting.Proxies.RealProxy.PrivateInvoke(MessageData& msgData, Int32 type)
   in Nova.Monitoring.Common.IDataService.Login(String name)
   in Nova.Monitoring.Common.DataClientBaseNew.Login(String name)
2026-02-19 01:01:14,219 [12] ERROR -  >>  >> ExecuteCommand >> 0 >> System.ServiceModel.CommunicationObjectFaultedException: Impossibile utilizzare l'oggetto di comunicazione, System.ServiceModel.Channels.ServiceChannel, per la comunicazione perché è nello stato Faulted.

Server stack trace: 
   in System.ServiceModel.Channels.CommunicationObject.ThrowIfDisposedOrNotOpen()
   in System.ServiceModel.Channels.ServiceChannel.Call(String action, Boolean oneway, ProxyOperationRuntime operation, Object[] ins, Object[] outs, TimeSpan timeout)
   in System.ServiceModel.Channels.ServiceChannelProxy.InvokeService(IMethodCallMessage methodCall, ProxyOperationRuntime operation)
   in System.ServiceModel.Channels.ServiceChannelProxy.Invoke(IMessage message)

Exception rethrown at [0]: 
   in System.Runtime.Remoting.Proxies.RealProxy.HandleReturnMessage(IMessage reqMsg, IMessage retMsg)
   in System.Runtime.Remoting.Proxies.RealProxy.PrivateInvoke(MessageData& msgData, Int32 type)
   in Nova.Monitoring.Common.IDataService.ExecuteCommand(Int32 code, String data)
   in Nova.LCT.GigabitSystem.MonitorClientManager.MonitorClient.ExecuteCommand(Int32 code, String data, Boolean catchError)
2026-02-19 01:01:14,277 [12] ERROR -  >>  >> Hello >> 0 >> Hello Error:System.ServiceModel.CommunicationObjectFaultedException: Impossibile utilizzare l'oggetto di comunicazione, System.ServiceModel.Channels.ServiceChannel, per la comunicazione perché è nello stato Faulted.

Server stack trace: 
   in System.ServiceModel.Channels.CommunicationObject.ThrowIfDisposedOrNotOpen()
   in System.ServiceModel.Channels.ServiceChannel.Call(String action, Boolean oneway, ProxyOperationRuntime operation, Object[] ins, Object[] outs, TimeSpan timeout)
   in System.ServiceModel.Channels.ServiceChannelProxy.InvokeService(IMethodCallMessage methodCall, ProxyOperationRuntime operation)
   in System.ServiceModel.Channels.ServiceChannelProxy.Invoke(IMessage message)

Exception rethrown at [0]: 
   in System.Runtime.Remoting.Proxies.RealProxy.HandleReturnMessage(IMessage reqMsg, IMessage retMsg)
   in System.Runtime.Remoting.Proxies.RealProxy.PrivateInvoke(MessageData& msgData, Int32 type)
   in Nova.Monitoring.Common.IDataService.Hello()
   in Nova.Monitoring.Common.DataClientBaseNew.Hello()
2026-02-19 01:01:14,283 [12] ERROR -  >>  >> Login >> 0 >> Lijin Login Error:System.ServiceModel.EndpointNotFoundException: Nessun endpoint in ascolto su net.pipe://localhost/novadata/IDataService in grado di accettare il messaggio. Ciò è spesso causato da un'azione SOAP o un indirizzo non corretto. Per ulteriori dettagli, vedere InnerException, se presente. ---> System.IO.PipeException: Impossibile trovare l'endpoint di pipe 'net.pipe://localhost/novadata/IDataService' nel computer locale. 
   --- Fine della traccia dello stack dell'eccezione interna ---

Server stack trace: 
   in System.ServiceModel.Channels.PipeConnectionInitiator.GetPipeName(Uri uri, IPipeTransportFactorySettings transportFactorySettings)
   in System.ServiceModel.Channels.NamedPipeConnectionPoolRegistry.NamedPipeConnectionPool.GetPoolKey(EndpointAddress address, Uri via)
   in System.ServiceModel.Channels.CommunicationPool`2.TakeConnection(EndpointAddress address, Uri via, TimeSpan timeout, TKey& key)
   in System.ServiceModel.Channels.ConnectionPoolHelper.EstablishConnection(TimeSpan timeout)
   in System.ServiceModel.Channels.ClientFramingDuplexSessionChannel.OnOpen(TimeSpan timeout)
   in System.ServiceModel.Channels.CommunicationObject.Open(TimeSpan timeout)
   in System.ServiceModel.Channels.ServiceChannel.OnOpen(TimeSpan timeout)
   in System.ServiceModel.Channels.CommunicationObject.Open(TimeSpan timeout)
   in System.ServiceModel.Channels.ServiceChannel.CallOpenOnce.System.ServiceModel.Channels.ServiceChannel.ICallOnce.Call(ServiceChannel channel, TimeSpan timeout)
   in System.ServiceModel.Channels.ServiceChannel.CallOnceManager.CallOnce(TimeSpan timeout, CallOnceManager cascade)
   in System.ServiceModel.Channels.ServiceChannel.Call(String action, Boolean oneway, ProxyOperationRuntime operation, Object[] ins, Object[] outs, TimeSpan timeout)
   in System.ServiceModel.Channels.ServiceChannelProxy.InvokeService(IMethodCallMessage methodCall, ProxyOperationRuntime operation)
   in System.ServiceModel.Channels.ServiceChannelProxy.Invoke(IMessage message)

Exception rethrown at [0]: 
   in System.Runtime.Remoting.Proxies.RealProxy.HandleReturnMessage(IMessage reqMsg, IMessage retMsg)
   in System.Runtime.Remoting.Proxies.RealProxy.PrivateInvoke(MessageData& msgData, Int32 type)
   in Nova.Monitoring.Common.IDataService.Login(String name)
   in Nova.Monitoring.Common.DataClientBaseNew.Login(String name)
2026-02-19 01:01:15,304 [1] ERROR -  >>  >> TraceInfo >> 0 >>  >> LCTServerMessageProxy >>?????????:,3.1.1
2026-02-19 01:01:15,307 [22] ERROR -  >>  >> TraceInfo >> 0 >>  >> LCTServerMessageProxy >>OnHandshakeServerPrivderCallback: ???0,???525448
2026-02-19 01:01:15,859 [5] ERROR -  >>  >> OnEquipmentChangeEvent >> 0 >> ?????????
2026-02-19 01:01:15,909 [1] ERROR -  >>  >> ChangeDeviceList >> 0 >> equipmentTable.count:0
2026-02-19 01:01:15,921 [5] ERROR -  >>  >> OnEquipmentChangeEvent >> 0 >> ????,???0!!!
2026-02-19 01:01:20,598 [1] ERROR -  >>  >> TraceInfo >> 0 >>  >> LCTServerMessageProxy >>?????????:COM3,
2026-02-19 01:01:20,600 [1] ERROR -  >>  >> TraceInfo >> 0 >>  >> LCTServerMessageProxy >>?????????:
2026-02-19 01:01:20,601 [1] ERROR -  >>  >> OnCompleteConnectAllController >> 0 >> ??????????
2026-02-19 01:01:20,602 [1] ERROR -  >>  >> ChangeDeviceList >> 0 >> equipmentTable.count:0
2026-02-19 01:01:20,609 [1] ERROR -  >>  >> OnDeviceChangeEvent >> 0 >> ????:??????, ????:0 
2026-02-19 01:01:20,610 [1] ERROR -  >>  >> TraceInfo >> 0 >>  >> LCTServerMessageProxy >>?????????:
2026-02-19 01:01:20,611 [1] ERROR -  >>  >> OnEquipmentChangeEvent >> 0 >> ?????????
2026-02-19 01:01:20,613 [1] ERROR -  >>  >> ChangeDeviceList >> 0 >> equipmentTable.count:0
2026-02-19 01:01:20,618 [1] ERROR -  >>  >> OnEquipmentChangeEvent >> 0 >> ????,???0!!!
2026-02-19 01:01:25,324 [9] ERROR -  >>  >> TraceInfo >> 0 >>  >> LCTServerMessageProxy >>OnHandshakeServerPrivderCallback: ???525448,???525448
2026-02-19 01:01:32,807 [11] ERROR -  >>  >> <UploadBakFile>b__0 >> 0 >> ?LCT????????????? -- Sleep Finished
2026-02-19 01:01:35,341 [4] ERROR -  >>  >> TraceInfo >> 0 >>  >> LCTServerMessageProxy >>OnHandshakeServerPrivderCallback: ???525448,???525448
2026-02-19 01:01:45,355 [9] ERROR -  >>  >> TraceInfo >> 0 >>  >> LCTServerMessageProxy >>OnHandshakeServerPrivderCallback: ???525448,???525448
2026-02-19 01:01:55,360 [11] ERROR -  >>  >> TraceInfo >> 0 >>  >> LCTServerMessageProxy >>OnHandshakeServerPrivderCallback: ???525448,???525448
2026-02-19 01:01:56,125 [1] ERROR -  >>  >> TraceInfo >> 0 >>  >> LCTServerMessageProxy >>?????????:COM3,
2026-02-19 01:01:56,130 [1] ERROR -  >>  >> TraceInfo >> 0 >>  >> LCTServerMessageProxy >>?????????:
2026-02-19 01:01:56,131 [1] ERROR -  >>  >> OnCompleteConnectAllController >> 0 >> ??????????
2026-02-19 01:01:56,132 [1] ERROR -  >>  >> ChangeDeviceList >> 0 >> equipmentTable.count:0
2026-02-19 01:01:56,137 [1] ERROR -  >>  >> OnDeviceChangeEvent >> 0 >> ????:??????, ????:0 
2026-02-19 01:02:05,364 [9] ERROR -  >>  >> TraceInfo >> 0 >>  >> LCTServerMessageProxy >>OnHandshakeServerPrivderCallback: ???525448,???525448
2026-02-19 01:02:15,369 [9] ERROR -  >>  >> TraceInfo >> 0 >>  >> LCTServerMessageProxy >>OnHandshakeServerPrivderCallback: ???525448,???525448
2026-02-19 01:02:25,386 [8] ERROR -  >>  >> TraceInfo >> 0 >>  >> LCTServerMessageProxy >>OnHandshakeServerPrivderCallback: ???525448,???525448
2026-02-19 01:02:31,644 [1] ERROR -  >>  >> TraceInfo >> 0 >>  >> LCTServerMessageProxy >>?????????:COM3,
2026-02-19 01:02:31,652 [1] ERROR -  >>  >> TraceInfo >> 0 >>  >> LCTServerMessageProxy >>?????????:
2026-02-19 01:02:31,653 [1] ERROR -  >>  >> OnCompleteConnectAllController >> 0 >> ??????????
2026-02-19 01:02:31,654 [1] ERROR -  >>  >> ChangeDeviceList >> 0 >> equipmentTable.count:0
2026-02-19 01:02:31,659 [1] ERROR -  >>  >> OnDeviceChangeEvent >> 0 >> ????:??????, ????:0 
2026-02-19 01:02:35,389 [11] ERROR -  >>  >> TraceInfo >> 0 >>  >> LCTServerMessageProxy >>OnHandshakeServerPrivderCallback: ???525448,???525448
2026-02-19 01:02:45,400 [22] ERROR -  >>  >> TraceInfo >> 0 >>  >> LCTServerMessageProxy >>OnHandshakeServerPrivderCallback: ???525448,???525448
2026-02-19 01:02:55,406 [8] ERROR -  >>  >> TraceInfo >> 0 >>  >> LCTServerMessageProxy >>OnHandshakeServerPrivderCallback: ???525448,???525448
2026-02-19 01:03:05,421 [8] ERROR -  >>  >> TraceInfo >> 0 >>  >> LCTServerMessageProxy >>OnHandshakeServerPrivderCallback: ???525448,???525448
2026-02-19 01:03:07,170 [1] ERROR -  >>  >> TraceInfo >> 0 >>  >> LCTServerMessageProxy >>?????????:COM3,
2026-02-19 01:03:07,175 [1] ERROR -  >>  >> TraceInfo >> 0 >>  >> LCTServerMessageProxy >>?????????:
2026-02-19 01:03:07,176 [1] ERROR -  >>  >> OnCompleteConnectAllController >> 0 >> ??????????
2026-02-19 01:03:07,177 [1] ERROR -  >>  >> ChangeDeviceList >> 0 >> equipmentTable.count:0
2026-02-19 01:03:07,182 [1] ERROR -  >>  >> OnDeviceChangeEvent >> 0 >> ????:??????, ????:0 
2026-02-19 01:03:15,428 [9] ERROR -  >>  >> TraceInfo >> 0 >>  >> LCTServerMessageProxy >>OnHandshakeServerPrivderCallback: ???525448,???525448
2026-02-19 01:03:25,445 [4] ERROR -  >>  >> TraceInfo >> 0 >>  >> LCTServerMessageProxy >>OnHandshakeServerPrivderCallback: ???525448,???525448
2026-02-19 01:03:35,460 [22] ERROR -  >>  >> TraceInfo >> 0 >>  >> LCTServerMessageProxy >>OnHandshakeServerPrivderCallback: ???525448,???525448
2026-02-19 01:03:42,716 [1] ERROR -  >>  >> TraceInfo >> 0 >>  >> LCTServerMessageProxy >>?????????:COM3,
2026-02-19 01:03:42,722 [1] ERROR -  >>  >> TraceInfo >> 0 >>  >> LCTServerMessageProxy >>?????????:
2026-02-19 01:03:42,723 [1] ERROR -  >>  >> OnCompleteConnectAllController >> 0 >> ??????????
2026-02-19 01:03:42,724 [1] ERROR -  >>  >> ChangeDeviceList >> 0 >> equipmentTable.count:0
2026-02-19 01:03:42,729 [1] ERROR -  >>  >> OnDeviceChangeEvent >> 0 >> ????:??????, ????:0 
2026-02-19 01:03:45,470 [4] ERROR -  >>  >> TraceInfo >> 0 >>  >> LCTServerMessageProxy >>OnHandshakeServerPrivderCallback: ???525448,???525448
2026-02-19 01:03:55,480 [9] ERROR -  >>  >> TraceInfo >> 0 >>  >> LCTServerMessageProxy >>OnHandshakeServerPrivderCallback: ???525448,???525448
2026-02-19 01:04:05,491 [9] ERROR -  >>  >> TraceInfo >> 0 >>  >> LCTServerMessageProxy >>OnHandshakeServerPrivderCallback: ???525448,???525448
2026-02-19 01:04:15,504 [4] ERROR -  >>  >> TraceInfo >> 0 >>  >> LCTServerMessageProxy >>OnHandshakeServerPrivderCallback: ???525448,???525448
2026-02-19 01:04:18,274 [1] ERROR -  >>  >> TraceInfo >> 0 >>  >> LCTServerMessageProxy >>?????????:COM3,
2026-02-19 01:04:18,281 [1] ERROR -  >>  >> TraceInfo >> 0 >>  >> LCTServerMessageProxy >>?????????:
2026-02-19 01:04:18,282 [1] ERROR -  >>  >> OnCompleteConnectAllController >> 0 >> ??????????
2026-02-19 01:04:18,283 [1] ERROR -  >>  >> ChangeDeviceList >> 0 >> equipmentTable.count:0
2026-02-19 01:04:18,288 [1] ERROR -  >>  >> OnDeviceChangeEvent >> 0 >> ????:??????, ????:0 
2026-02-19 01:04:25,511 [8] ERROR -  >>  >> TraceInfo >> 0 >>  >> LCTServerMessageProxy >>OnHandshakeServerPrivderCallback: ???525448,???525448
2026-02-19 01:04:35,526 [8] ERROR -  >>  >> TraceInfo >> 0 >>  >> LCTServerMessageProxy >>OnHandshakeServerPrivderCallback: ???525448,???525448
2026-02-19 01:04:45,536 [8] ERROR -  >>  >> TraceInfo >> 0 >>  >> LCTServerMessageProxy >>OnHandshakeServerPrivderCallback: ???525448,???525448
2026-02-19 01:04:53,825 [1] ERROR -  >>  >> TraceInfo >> 0 >>  >> LCTServerMessageProxy >>?????????:COM3,
2026-02-19 01:04:53,830 [1] ERROR -  >>  >> TraceInfo >> 0 >>  >> LCTServerMessageProxy >>?????????:
2026-02-19 01:04:53,831 [1] ERROR -  >>  >> OnCompleteConnectAllController >> 0 >> ??????????
2026-02-19 01:04:53,832 [1] ERROR -  >>  >> ChangeDeviceList >> 0 >> equipmentTable.count:0
2026-02-19 01:04:53,837 [1] ERROR -  >>  >> OnDeviceChangeEvent >> 0 >> ????:??????, ????:0 
2026-02-19 01:04:55,547 [11] ERROR -  >>  >> TraceInfo >> 0 >>  >> LCTServerMessageProxy >>OnHandshakeServerPrivderCallback: ???525448,???525448
2026-02-19 01:05:05,552 [22] ERROR -  >>  >> TraceInfo >> 0 >>  >> LCTServerMessageProxy >>OnHandshakeServerPrivderCallback: ???525448,???525448
2026-02-19 01:05:15,567 [9] ERROR -  >>  >> TraceInfo >> 0 >>  >> LCTServerMessageProxy >>OnHandshakeServerPrivderCallback: ???525448,???525448
2026-02-19 01:05:25,568 [22] ERROR -  >>  >> TraceInfo >> 0 >>  >> LCTServerMessageProxy >>OnHandshakeServerPrivderCallback: ???525448,???525448
2026-02-19 01:05:29,315 [1] ERROR -  >>  >> TraceInfo >> 0 >>  >> LCTServerMessageProxy >>?????????:COM3,
2026-02-19 01:05:29,321 [1] ERROR -  >>  >> TraceInfo >> 0 >>  >> LCTServerMessageProxy >>?????????:
2026-02-19 01:05:29,322 [1] ERROR -  >>  >> OnCompleteConnectAllController >> 0 >> ??????????
2026-02-19 01:05:29,323 [1] ERROR -  >>  >> ChangeDeviceList >> 0 >> equipmentTable.count:0
2026-02-19 01:05:29,328 [1] ERROR -  >>  >> OnDeviceChangeEvent >> 0 >> ????:??????, ????:0 
2026-02-19 01:05:35,578 [22] ERROR -  >>  >> TraceInfo >> 0 >>  >> LCTServerMessageProxy >>OnHandshakeServerPrivderCallback: ???525448,???525448
2026-02-19 01:05:45,581 [9] ERROR -  >>  >> TraceInfo >> 0 >>  >> LCTServerMessageProxy >>OnHandshakeServerPrivderCallback: ???525448,???525448
2026-02-19 01:05:55,587 [4] ERROR -  >>  >> TraceInfo >> 0 >>  >> LCTServerMessageProxy >>OnHandshakeServerPrivderCallback: ???525448,???525448
2026-02-19 01:06:04,818 [1] ERROR -  >>  >> TraceInfo >> 0 >>  >> LCTServerMessageProxy >>?????????:COM3,
2026-02-19 01:06:04,827 [1] ERROR -  >>  >> TraceInfo >> 0 >>  >> LCTServerMessageProxy >>?????????:
2026-02-19 01:06:04,828 [1] ERROR -  >>  >> OnCompleteConnectAllController >> 0 >> ??????????
2026-02-19 01:06:04,830 [1] ERROR -  >>  >> ChangeDeviceList >> 0 >> equipmentTable.count:0
2026-02-19 01:06:04,838 [1] ERROR -  >>  >> OnDeviceChangeEvent >> 0 >> ????:??????, ????:0 
2026-02-19 01:06:05,599 [4] ERROR -  >>  >> TraceInfo >> 0 >>  >> LCTServerMessageProxy >>OnHandshakeServerPrivderCallback: ???525448,???525448
2026-02-19 01:06:15,603 [22] ERROR -  >>  >> TraceInfo >> 0 >>  >> LCTServerMessageProxy >>OnHandshakeServerPrivderCallback: ???525448,???525448
2026-02-19 01:06:25,618 [4] ERROR -  >>  >> TraceInfo >> 0 >>  >> LCTServerMessageProxy >>OnHandshakeServerPrivderCallback: ???525448,???525448
2026-02-19 01:06:35,631 [6] ERROR -  >>  >> TraceInfo >> 0 >>  >> LCTServerMessageProxy >>OnHandshakeServerPrivderCallback: ???525448,???525448
2026-02-19 01:06:40,334 [1] ERROR -  >>  >> TraceInfo >> 0 >>  >> LCTServerMessageProxy >>?????????:COM3,
2026-02-19 01:06:40,339 [1] ERROR -  >>  >> TraceInfo >> 0 >>  >> LCTServerMessageProxy >>?????????:
2026-02-19 01:06:40,340 [1] ERROR -  >>  >> OnCompleteConnectAllController >> 0 >> ??????????
2026-02-19 01:06:40,341 [1] ERROR -  >>  >> ChangeDeviceList >> 0 >> equipmentTable.count:0
2026-02-19 01:06:40,347 [1] ERROR -  >>  >> OnDeviceChangeEvent >> 0 >> ????:??????, ????:0 
2026-02-19 01:06:45,646 [11] ERROR -  >>  >> TraceInfo >> 0 >>  >> LCTServerMessageProxy >>OnHandshakeServerPrivderCallback: ???525448,???525448
2026-02-19 01:06:55,659 [11] ERROR -  >>  >> TraceInfo >> 0 >>  >> LCTServerMessageProxy >>OnHandshakeServerPrivderCallback: ???525448,???525448
2026-02-19 01:07:05,672 [4] ERROR -  >>  >> TraceInfo >> 0 >>  >> LCTServerMessageProxy >>OnHandshakeServerPrivderCallback: ???525448,???525448
2026-02-19 01:07:15,687 [4] ERROR -  >>  >> TraceInfo >> 0 >>  >> LCTServerMessageProxy >>OnHandshakeServerPrivderCallback: ???525448,???525448
2026-02-19 01:07:15,847 [1] ERROR -  >>  >> TraceInfo >> 0 >>  >> LCTServerMessageProxy >>?????????:COM3,
2026-02-19 01:07:15,856 [1] ERROR -  >>  >> TraceInfo >> 0 >>  >> LCTServerMessageProxy >>?????????:
2026-02-19 01:07:15,857 [1] ERROR -  >>  >> OnCompleteConnectAllController >> 0 >> ??????????
2026-02-19 01:07:15,858 [1] ERROR -  >>  >> ChangeDeviceList >> 0 >> equipmentTable.count:0
2026-02-19 01:07:15,864 [1] ERROR -  >>  >> OnDeviceChangeEvent >> 0 >> ????:??????, ????:0 
2026-02-19 01:07:25,704 [9] ERROR -  >>  >> TraceInfo >> 0 >>  >> LCTServerMessageProxy >>OnHandshakeServerPrivderCallback: ???525448,???525448
2026-02-19 01:07:35,710 [6] ERROR -  >>  >> TraceInfo >> 0 >>  >> LCTServerMessageProxy >>OnHandshakeServerPrivderCallback: ???525448,???525448
2026-02-19 01:07:45,729 [6] ERROR -  >>  >> TraceInfo >> 0 >>  >> LCTServerMessageProxy >>OnHandshakeServerPrivderCallback: ???525448,???525448
2026-02-19 01:07:51,395 [1] ERROR -  >>  >> TraceInfo >> 0 >>  >> LCTServerMessageProxy >>?????????:COM3,
2026-02-19 01:07:51,401 [1] ERROR -  >>  >> TraceInfo >> 0 >>  >> LCTServerMessageProxy >>?????????:
2026-02-19 01:07:51,401 [1] ERROR -  >>  >> OnCompleteConnectAllController >> 0 >> ??????????
2026-02-19 01:07:51,402 [1] ERROR -  >>  >> ChangeDeviceList >> 0 >> equipmentTable.count:0
2026-02-19 01:07:51,407 [1] ERROR -  >>  >> OnDeviceChangeEvent >> 0 >> ????:??????, ????:0 
2026-02-19 01:07:55,736 [8] ERROR -  >>  >> TraceInfo >> 0 >>  >> LCTServerMessageProxy >>OnHandshakeServerPrivderCallback: ???525448,???525448
2026-02-19 01:08:05,751 [6] ERROR -  >>  >> TraceInfo >> 0 >>  >> LCTServerMessageProxy >>OnHandshakeServerPrivderCallback: ???525448,???525448
2026-02-19 01:08:15,766 [6] ERROR -  >>  >> TraceInfo >> 0 >>  >> LCTServerMessageProxy >>OnHandshakeServerPrivderCallback: ???525448,???525448
2026-02-19 01:08:25,775 [4] ERROR -  >>  >> TraceInfo >> 0 >>  >> LCTServerMessageProxy >>OnHandshakeServerPrivderCallback: ???525448,???525448
2026-02-19 01:08:26,892 [1] ERROR -  >>  >> TraceInfo >> 0 >>  >> LCTServerMessageProxy >>?????????:COM3,
2026-02-19 01:08:26,896 [1] ERROR -  >>  >> TraceInfo >> 0 >>  >> LCTServerMessageProxy >>?????????:
2026-02-19 01:08:26,897 [1] ERROR -  >>  >> OnCompleteConnectAllController >> 0 >> ??????????
2026-02-19 01:08:26,898 [1] ERROR -  >>  >> ChangeDeviceList >> 0 >> equipmentTable.count:0
2026-02-19 01:08:26,904 [1] ERROR -  >>  >> OnDeviceChangeEvent >> 0 >> ????:??????, ????:0 
2026-02-19 01:08:35,779 [4] ERROR -  >>  >> TraceInfo >> 0 >>  >> LCTServerMessageProxy >>OnHandshakeServerPrivderCallback: ???525448,???525448
2026-02-19 01:08:45,782 [6] ERROR -  >>  >> TraceInfo >> 0 >>  >> LCTServerMessageProxy >>OnHandshakeServerPrivderCallback: ???525448,???525448
2026-02-19 01:08:55,785 [9] ERROR -  >>  >> TraceInfo >> 0 >>  >> LCTServerMessageProxy >>OnHandshakeServerPrivderCallback: ???525448,???525448
2026-02-19 01:09:02,422 [1] ERROR -  >>  >> TraceInfo >> 0 >>  >> LCTServerMessageProxy >>?????????:COM3,
2026-02-19 01:09:02,429 [1] ERROR -  >>  >> TraceInfo >> 0 >>  >> LCTServerMessageProxy >>?????????:
2026-02-19 01:09:02,430 [1] ERROR -  >>  >> OnCompleteConnectAllController >> 0 >> ??????????
2026-02-19 01:09:02,431 [1] ERROR -  >>  >> ChangeDeviceList >> 0 >> equipmentTable.count:0
2026-02-19 01:09:02,436 [1] ERROR -  >>  >> OnDeviceChangeEvent >> 0 >> ????:??????, ????:0 
2026-02-19 01:09:05,800 [6] ERROR -  >>  >> TraceInfo >> 0 >>  >> LCTServerMessageProxy >>OnHandshakeServerPrivderCallback: ???525448,???525448
2026-02-19 01:09:15,815 [6] ERROR -  >>  >> TraceInfo >> 0 >>  >> LCTServerMessageProxy >>OnHandshakeServerPrivderCallback: ???525448,???525448
2026-02-19 01:09:25,830 [9] ERROR -  >>  >> TraceInfo >> 0 >>  >> LCTServerMessageProxy >>OnHandshakeServerPrivderCallback: ???525448,???525448
2026-02-19 01:09:35,844 [9] ERROR -  >>  >> TraceInfo >> 0 >>  >> LCTServerMessageProxy >>OnHandshakeServerPrivderCallback: ???525448,???525448
2026-02-19 01:09:37,955 [1] ERROR -  >>  >> TraceInfo >> 0 >>  >> LCTServerMessageProxy >>?????????:COM3,
2026-02-19 01:09:37,961 [1] ERROR -  >>  >> TraceInfo >> 0 >>  >> LCTServerMessageProxy >>?????????:
2026-02-19 01:09:37,962 [1] ERROR -  >>  >> OnCompleteConnectAllController >> 0 >> ??????????
2026-02-19 01:09:37,963 [1] ERROR -  >>  >> ChangeDeviceList >> 0 >> equipmentTable.count:0
2026-02-19 01:09:37,968 [1] ERROR -  >>  >> OnDeviceChangeEvent >> 0 >> ????:??????, ????:0 
2026-02-19 01:09:45,857 [4] ERROR -  >>  >> TraceInfo >> 0 >>  >> LCTServerMessageProxy >>OnHandshakeServerPrivderCallback: ???525448,???525448
2026-02-19 01:09:55,867 [8] ERROR -  >>  >> TraceInfo >> 0 >>  >> LCTServerMessageProxy >>OnHandshakeServerPrivderCallback: ???525448,???525448
2026-02-19 01:10:05,877 [9] ERROR -  >>  >> TraceInfo >> 0 >>  >> LCTServerMessageProxy >>OnHandshakeServerPrivderCallback: ???525448,???525448
2026-02-19 01:10:13,474 [1] ERROR -  >>  >> TraceInfo >> 0 >>  >> LCTServerMessageProxy >>?????????:COM3,
2026-02-19 01:10:13,481 [1] ERROR -  >>  >> TraceInfo >> 0 >>  >> LCTServerMessageProxy >>?????????:
2026-02-19 01:10:13,482 [1] ERROR -  >>  >> OnCompleteConnectAllController >> 0 >> ??????????
2026-02-19 01:10:13,483 [1] ERROR -  >>  >> ChangeDeviceList >> 0 >> equipmentTable.count:0
2026-02-19 01:10:13,488 [1] ERROR -  >>  >> OnDeviceChangeEvent >> 0 >> ????:??????, ????:0 
2026-02-19 01:10:15,885 [8] ERROR -  >>  >> TraceInfo >> 0 >>  >> LCTServerMessageProxy >>OnHandshakeServerPrivderCallback: ???525448,???525448
2026-02-19 01:10:25,902 [9] ERROR -  >>  >> TraceInfo >> 0 >>  >> LCTServerMessageProxy >>OnHandshakeServerPrivderCallback: ???525448,???525448
2026-02-19 01:10:35,914 [6] ERROR -  >>  >> TraceInfo >> 0 >>  >> LCTServerMessageProxy >>OnHandshakeServerPrivderCallback: ???525448,???525448
2026-02-19 01:10:45,919 [6] ERROR -  >>  >> TraceInfo >> 0 >>  >> LCTServerMessageProxy >>OnHandshakeServerPrivderCallback: ???525448,???525448
2026-02-19 01:10:49,015 [1] ERROR -  >>  >> TraceInfo >> 0 >>  >> LCTServerMessageProxy >>?????????:COM3,
2026-02-19 01:10:49,020 [1] ERROR -  >>  >> TraceInfo >> 0 >>  >> LCTServerMessageProxy >>?????????:
2026-02-19 01:10:49,020 [1] ERROR -  >>  >> OnCompleteConnectAllController >> 0 >> ??????????
2026-02-19 01:10:49,021 [1] ERROR -  >>  >> ChangeDeviceList >> 0 >> equipmentTable.count:0
2026-02-19 01:10:49,025 [1] ERROR -  >>  >> OnDeviceChangeEvent >> 0 >> ????:??????, ????:0 
2026-02-19 01:10:55,920 [11] ERROR -  >>  >> TraceInfo >> 0 >>  >> LCTServerMessageProxy >>OnHandshakeServerPrivderCallback: ???525448,???525448
2026-02-19 01:11:05,923 [4] ERROR -  >>  >> TraceInfo >> 0 >>  >> LCTServerMessageProxy >>OnHandshakeServerPrivderCallback: ???525448,???525448
2026-02-19 01:11:07,364 [4] ERROR -  >>  >> GetHttpResponse >> 0 >> System.UriFormatException: URI non valido: impossibile determinare il formato dell'URI.
   in System.Uri.CreateThis(String uri, Boolean dontEscape, UriKind uriKind)
   in System.Uri..ctor(String uriString)
   in System.Net.WebRequest.Create(String requestUriString)
   in Nova.LCT.GigabitSystem.CloudServerManager.HttpClientbase.GetHttpResponse(String url)
2026-02-19 01:11:07,365 [4] ERROR -  >>  >> GetHttpResponse >> 0 >> System.UriFormatException: URI non valido: impossibile determinare il formato dell'URI.
   in System.Uri.CreateThis(String uri, Boolean dontEscape, UriKind uriKind)
   in System.Uri..ctor(String uriString)
   in System.Net.WebRequest.Create(String requestUriString)
   in Nova.LCT.GigabitSystem.CloudServerManager.HttpClientbase.GetHttpResponse(String url)
2026-02-19 01:11:07,365 [4] ERROR -  >>  >> GetHttpResponse >> 0 >> System.UriFormatException: URI non valido: impossibile determinare il formato dell'URI.
   in System.Uri.CreateThis(String uri, Boolean dontEscape, UriKind uriKind)
   in System.Uri..ctor(String uriString)
   in System.Net.WebRequest.Create(String requestUriString)
   in Nova.LCT.GigabitSystem.CloudServerManager.HttpClientbase.GetHttpResponse(String url)
2026-02-19 01:11:07,554 [11] ERROR -  >>  >> <ReturnNodeIndex>b__0 >> 0 >> System.Net.WebException: Connessione sottostante chiusa: Errore imprevisto durante un'operazione di ricezione.. ---> System.ComponentModel.Win32Exception: Client e server non possono comunicare perché non dispongono di un algoritmo comune
   in System.Net.SSPIWrapper.AcquireCredentialsHandle(SSPIInterface SecModule, String package, CredentialUse intent, SecureCredential scc)
   in System.Net.Security.SecureChannel.AcquireCredentialsHandle(CredentialUse credUsage, SecureCredential& secureCredential)
   in System.Net.Security.SecureChannel.AcquireCredentialsHandle(CredentialUse credUsage, X509Certificate2 selectedCert, Flags flags)
   in System.Net.Security.SecureChannel.AcquireClientCredentials(Byte[]& thumbPrint)
   in System.Net.Security.SecureChannel.GenerateToken(Byte[] input, Int32 offset, Int32 count, Byte[]& output)
   in System.Net.Security.SecureChannel.NextMessage(Byte[] incoming, Int32 offset, Int32 count)
   in System.Net.Security.SslState.StartSendBlob(Byte[] incoming, Int32 count, AsyncProtocolRequest asyncRequest, Boolean renegotiation)
   in System.Net.Security.SslState.ForceAuthentication(Boolean receiveFirst, Byte[] buffer, AsyncProtocolRequest asyncRequest, Boolean renegotiation)
   in System.Net.Security.SslState.ProcessAuthentication(LazyAsyncResult lazyResult)
   in System.Net.TlsStream.CallProcessAuthentication(Object state)
   in System.Threading.ExecutionContext.RunInternal(ExecutionContext executionContext, ContextCallback callback, Object state, Boolean preserveSyncCtx)
   in System.Threading.ExecutionContext.Run(ExecutionContext executionContext, ContextCallback callback, Object state, Boolean preserveSyncCtx)
   in System.Threading.ExecutionContext.Run(ExecutionContext executionContext, ContextCallback callback, Object state)
   in System.Net.TlsStream.ProcessAuthentication(LazyAsyncResult result)
   in System.Net.TlsStream.Write(Byte[] buffer, Int32 offset, Int32 size)
   in System.Net.PooledStream.Write(Byte[] buffer, Int32 offset, Int32 size)
   in System.Net.ConnectStream.WriteHeaders(Boolean async)
   --- Fine della traccia dello stack dell'eccezione interna ---
   in System.Net.WebClient.DownloadDataInternal(Uri address, WebRequest& request)
   in System.Net.WebClient.DownloadString(Uri address)
   in System.Net.WebClient.DownloadString(String address)
   in Nova.LCT.GigabitSystem.CloudServerManager.BackupRestoreHttpClient.<>c__DisplayClass24_0.<ReturnNodeIndex>b__0()
2026-02-19 01:11:15,936 [6] ERROR -  >>  >> TraceInfo >> 0 >>  >> LCTServerMessageProxy >>OnHandshakeServerPrivderCallback: ???525448,???525448
2026-02-19 01:11:17,503 [8] ERROR -  >>  >> bWorker_DoWork >> 0 >> La chiave specificata non era presente nel dizionario.
2026-02-19 01:11:25,937 [9] ERROR -  >>  >> TraceInfo >> 0 >>  >> LCTServerMessageProxy >>OnHandshakeServerPrivderCallback: ???525448,???525448
2026-02-19 01:11:35,952 [6] ERROR -  >>  >> TraceInfo >> 0 >>  >> LCTServerMessageProxy >>OnHandshakeServerPrivderCallback: ???525448,???525448
2026-02-19 01:11:45,967 [9] ERROR -  >>  >> TraceInfo >> 0 >>  >> LCTServerMessageProxy >>OnHandshakeServerPrivderCallback: ???525448,???525448
2026-02-19 01:11:55,970 [4] ERROR -  >>  >> TraceInfo >> 0 >>  >> LCTServerMessageProxy >>OnHandshakeServerPrivderCallback: ???525448,???525448
2026-02-19 01:11:58,422 [1] ERROR -  >>  >> TraceInfo >> 0 >>  >> LCTServerMessageProxy >>?????????:COM3,
2026-02-19 01:11:58,431 [1] ERROR -  >>  >> TraceInfo >> 0 >>  >> LCTServerMessageProxy >>?????????:
2026-02-19 01:11:58,432 [1] ERROR -  >>  >> OnCompleteConnectAllController >> 0 >> ??????????
2026-02-19 01:11:58,433 [1] ERROR -  >>  >> ChangeDeviceList >> 0 >> equipmentTable.count:0
2026-02-19 01:11:58,439 [1] ERROR -  >>  >> OnDeviceChangeEvent >> 0 >> ????:??????, ????:0 
2026-02-19 01:12:05,985 [8] ERROR -  >>  >> TraceInfo >> 0 >>  >> LCTServerMessageProxy >>OnHandshakeServerPrivderCallback: ???525448,???525448
2026-02-19 01:12:15,996 [8] ERROR -  >>  >> TraceInfo >> 0 >>  >> LCTServerMessageProxy >>OnHandshakeServerPrivderCallback: ???525448,???525448
2026-02-19 01:12:26,001 [11] ERROR -  >>  >> TraceInfo >> 0 >>  >> LCTServerMessageProxy >>OnHandshakeServerPrivderCallback: ???525448,???525448
2026-02-19 01:12:33,941 [1] ERROR -  >>  >> TraceInfo >> 0 >>  >> LCTServerMessageProxy >>?????????:COM3,
2026-02-19 01:12:33,947 [1] ERROR -  >>  >> TraceInfo >> 0 >>  >> LCTServerMessageProxy >>?????????:
2026-02-19 01:12:33,948 [1] ERROR -  >>  >> OnCompleteConnectAllController >> 0 >> ??????????
2026-02-19 01:12:33,949 [1] ERROR -  >>  >> ChangeDeviceList >> 0 >> equipmentTable.count:0
2026-02-19 01:12:33,953 [1] ERROR -  >>  >> OnDeviceChangeEvent >> 0 >> ????:??????, ????:0 
2026-02-19 01:12:36,011 [9] ERROR -  >>  >> TraceInfo >> 0 >>  >> LCTServerMessageProxy >>OnHandshakeServerPrivderCallback: ???525448,???525448
2026-02-19 01:12:46,012 [11] ERROR -  >>  >> TraceInfo >> 0 >>  >> LCTServerMessageProxy >>OnHandshakeServerPrivderCallback: ???525448,???525448
2026-02-19 01:12:56,027 [4] ERROR -  >>  >> TraceInfo >> 0 >>  >> LCTServerMessageProxy >>OnHandshakeServerPrivderCallback: ???525448,???525448
2026-02-19 01:13:06,043 [11] ERROR -  >>  >> TraceInfo >> 0 >>  >> LCTServerMessageProxy >>OnHandshakeServerPrivderCallback: ???525448,???525448
2026-02-19 01:13:09,470 [1] ERROR -  >>  >> TraceInfo >> 0 >>  >> LCTServerMessageProxy >>?????????:COM3,
2026-02-19 01:13:09,477 [1] ERROR -  >>  >> TraceInfo >> 0 >>  >> LCTServerMessageProxy >>?????????:
2026-02-19 01:13:09,478 [1] ERROR -  >>  >> OnCompleteConnectAllController >> 0 >> ??????????
2026-02-19 01:13:09,479 [1] ERROR -  >>  >> ChangeDeviceList >> 0 >> equipmentTable.count:0
2026-02-19 01:13:09,485 [1] ERROR -  >>  >> OnDeviceChangeEvent >> 0 >> ????:??????, ????:0 
2026-02-19 01:13:16,058 [11] ERROR -  >>  >> TraceInfo >> 0 >>  >> LCTServerMessageProxy >>OnHandshakeServerPrivderCallback: ???525448,???525448
2026-02-19 01:13:26,073 [4] ERROR -  >>  >> TraceInfo >> 0 >>  >> LCTServerMessageProxy >>OnHandshakeServerPrivderCallback: ???525448,???525448
2026-02-19 01:13:36,079 [11] ERROR -  >>  >> TraceInfo >> 0 >>  >> LCTServerMessageProxy >>OnHandshakeServerPrivderCallback: ???525448,???525448
2026-02-19 01:13:44,998 [1] ERROR -  >>  >> TraceInfo >> 0 >>  >> LCTServerMessageProxy >>?????????:COM3,
2026-02-19 01:13:45,004 [1] ERROR -  >>  >> TraceInfo >> 0 >>  >> LCTServerMessageProxy >>?????????:
2026-02-19 01:13:45,005 [1] ERROR -  >>  >> OnCompleteConnectAllController >> 0 >> ??????????
2026-02-19 01:13:45,006 [1] ERROR -  >>  >> ChangeDeviceList >> 0 >> equipmentTable.count:0
2026-02-19 01:13:45,011 [1] ERROR -  >>  >> OnDeviceChangeEvent >> 0 >> ????:??????, ????:0 
2026-02-19 01:13:46,081 [4] ERROR -  >>  >> TraceInfo >> 0 >>  >> LCTServerMessageProxy >>OnHandshakeServerPrivderCallback: ???525448,???525448
2026-02-19 01:13:53,717 [28] ERROR -  >>  >> GetHttpResponse >> 0 >> System.UriFormatException: URI non valido: impossibile determinare il formato dell'URI.
   in System.Uri.CreateThis(String uri, Boolean dontEscape, UriKind uriKind)
   in System.Uri..ctor(String uriString)
   in System.Net.WebRequest.Create(String requestUriString)
   in Nova.LCT.GigabitSystem.CloudServerManager.HttpClientbase.GetHttpResponse(String url)
2026-02-19 01:13:53,718 [28] ERROR -  >>  >> GetHttpResponse >> 0 >> System.UriFormatException: URI non valido: impossibile determinare il formato dell'URI.
   in System.Uri.CreateThis(String uri, Boolean dontEscape, UriKind uriKind)
   in System.Uri..ctor(String uriString)
   in System.Net.WebRequest.Create(String requestUriString)
   in Nova.LCT.GigabitSystem.CloudServerManager.HttpClientbase.GetHttpResponse(String url)
2026-02-19 01:13:53,719 [28] ERROR -  >>  >> GetHttpResponse >> 0 >> System.UriFormatException: URI non valido: impossibile determinare il formato dell'URI.
   in System.Uri.CreateThis(String uri, Boolean dontEscape, UriKind uriKind)
   in System.Uri..ctor(String uriString)
   in System.Net.WebRequest.Create(String requestUriString)
   in Nova.LCT.GigabitSystem.CloudServerManager.HttpClientbase.GetHttpResponse(String url)
2026-02-19 01:13:53,922 [11] ERROR -  >>  >> <ReturnNodeIndex>b__0 >> 0 >> System.Net.WebException: Connessione sottostante chiusa: Errore imprevisto durante un'operazione di ricezione.. ---> System.ComponentModel.Win32Exception: Client e server non possono comunicare perché non dispongono di un algoritmo comune
   in System.Net.SSPIWrapper.AcquireCredentialsHandle(SSPIInterface SecModule, String package, CredentialUse intent, SecureCredential scc)
   in System.Net.Security.SecureChannel.AcquireCredentialsHandle(CredentialUse credUsage, SecureCredential& secureCredential)
   in System.Net.Security.SecureChannel.AcquireCredentialsHandle(CredentialUse credUsage, X509Certificate2 selectedCert, Flags flags)
   in System.Net.Security.SecureChannel.AcquireClientCredentials(Byte[]& thumbPrint)
   in System.Net.Security.SecureChannel.GenerateToken(Byte[] input, Int32 offset, Int32 count, Byte[]& output)
   in System.Net.Security.SecureChannel.NextMessage(Byte[] incoming, Int32 offset, Int32 count)
   in System.Net.Security.SslState.StartSendBlob(Byte[] incoming, Int32 count, AsyncProtocolRequest asyncRequest, Boolean renegotiation)
   in System.Net.Security.SslState.ForceAuthentication(Boolean receiveFirst, Byte[] buffer, AsyncProtocolRequest asyncRequest, Boolean renegotiation)
   in System.Net.Security.SslState.ProcessAuthentication(LazyAsyncResult lazyResult)
   in System.Net.TlsStream.CallProcessAuthentication(Object state)
   in System.Threading.ExecutionContext.RunInternal(ExecutionContext executionContext, ContextCallback callback, Object state, Boolean preserveSyncCtx)
   in System.Threading.ExecutionContext.Run(ExecutionContext executionContext, ContextCallback callback, Object state, Boolean preserveSyncCtx)
   in System.Threading.ExecutionContext.Run(ExecutionContext executionContext, ContextCallback callback, Object state)
   in System.Net.TlsStream.ProcessAuthentication(LazyAsyncResult result)
   in System.Net.TlsStream.Write(Byte[] buffer, Int32 offset, Int32 size)
   in System.Net.PooledStream.Write(Byte[] buffer, Int32 offset, Int32 size)
   in System.Net.ConnectStream.WriteHeaders(Boolean async)
   --- Fine della traccia dello stack dell'eccezione interna ---
   in System.Net.WebClient.DownloadDataInternal(Uri address, WebRequest& request)
   in System.Net.WebClient.DownloadString(Uri address)
   in System.Net.WebClient.DownloadString(String address)
   in Nova.LCT.GigabitSystem.CloudServerManager.BackupRestoreHttpClient.<>c__DisplayClass24_0.<ReturnNodeIndex>b__0()
2026-02-19 01:13:56,099 [8] ERROR -  >>  >> TraceInfo >> 0 >>  >> LCTServerMessageProxy >>OnHandshakeServerPrivderCallback: ???525448,???525448
2026-02-19 01:14:06,105 [33] ERROR -  >>  >> TraceInfo >> 0 >>  >> LCTServerMessageProxy >>OnHandshakeServerPrivderCallback: ???525448,???525448
2026-02-19 01:14:16,120 [4] ERROR -  >>  >> TraceInfo >> 0 >>  >> LCTServerMessageProxy >>OnHandshakeServerPrivderCallback: ???525448,???525448
2026-02-19 01:14:20,522 [1] ERROR -  >>  >> TraceInfo >> 0 >>  >> LCTServerMessageProxy >>?????????:COM3,
2026-02-19 01:14:20,530 [1] ERROR -  >>  >> TraceInfo >> 0 >>  >> LCTServerMessageProxy >>?????????:
2026-02-19 01:14:20,530 [1] ERROR -  >>  >> OnCompleteConnectAllController >> 0 >> ??????????
2026-02-19 01:14:20,531 [1] ERROR -  >>  >> ChangeDeviceList >> 0 >> equipmentTable.count:0
2026-02-19 01:14:20,536 [1] ERROR -  >>  >> OnDeviceChangeEvent >> 0 >> ????:??????, ????:0 
2026-02-19 01:14:26,134 [9] ERROR -  >>  >> TraceInfo >> 0 >>  >> LCTServerMessageProxy >>OnHandshakeServerPrivderCallback: ???525448,???525448
2026-02-19 01:14:26,874 [4] ERROR -  >>  >> bWorker_DoWork >> 0 >> La chiave specificata non era presente nel dizionario.
2026-02-19 01:14:36,142 [11] ERROR -  >>  >> TraceInfo >> 0 >>  >> LCTServerMessageProxy >>OnHandshakeServerPrivderCallback: ???525448,???525448
2026-02-19 01:14:46,150 [8] ERROR -  >>  >> TraceInfo >> 0 >>  >> LCTServerMessageProxy >>OnHandshakeServerPrivderCallback: ???525448,???525448
2026-02-19 01:14:56,165 [4] ERROR -  >>  >> TraceInfo >> 0 >>  >> LCTServerMessageProxy >>OnHandshakeServerPrivderCallback: ???525448,???525448
2026-02-19 01:15:06,172 [11] ERROR -  >>  >> TraceInfo >> 0 >>  >> LCTServerMessageProxy >>OnHandshakeServerPrivderCallback: ???525448,???525448
2026-02-19 01:15:16,174 [33] ERROR -  >>  >> TraceInfo >> 0 >>  >> LCTServerMessageProxy >>OnHandshakeServerPrivderCallback: ???525448,???525448
2026-02-19 01:15:26,176 [11] ERROR -  >>  >> TraceInfo >> 0 >>  >> LCTServerMessageProxy >>OnHandshakeServerPrivderCallback: ???525448,???525448
2026-02-19 01:15:36,189 [28] ERROR -  >>  >> TraceInfo >> 0 >>  >> LCTServerMessageProxy >>OnHandshakeServerPrivderCallback: ???525448,???525448
2026-02-19 01:15:42,044 [1] ERROR -  >>  >> TraceInfo >> 0 >>  >> LCTServerMessageProxy >>?????????:COM3,
2026-02-19 01:15:42,049 [1] ERROR -  >>  >> TraceInfo >> 0 >>  >> LCTServerMessageProxy >>?????????:
2026-02-19 01:15:42,050 [1] ERROR -  >>  >> OnCompleteConnectAllController >> 0 >> ??????????
2026-02-19 01:15:42,051 [1] ERROR -  >>  >> ChangeDeviceList >> 0 >> equipmentTable.count:0
2026-02-19 01:15:42,056 [1] ERROR -  >>  >> OnDeviceChangeEvent >> 0 >> ????:??????, ????:0 
2026-02-19 01:15:46,204 [4] ERROR -  >>  >> TraceInfo >> 0 >>  >> LCTServerMessageProxy >>OnHandshakeServerPrivderCallback: ???525448,???525448
2026-02-19 01:15:56,211 [28] ERROR -  >>  >> TraceInfo >> 0 >>  >> LCTServerMessageProxy >>OnHandshakeServerPrivderCallback: ???525448,???525448
2026-02-19 01:16:06,220 [11] ERROR -  >>  >> TraceInfo >> 0 >>  >> LCTServerMessageProxy >>OnHandshakeServerPrivderCallback: ???525448,???525448
2026-02-19 01:16:16,222 [8] ERROR -  >>  >> TraceInfo >> 0 >>  >> LCTServerMessageProxy >>OnHandshakeServerPrivderCallback: ???525448,???525448
2026-02-19 01:16:17,588 [1] ERROR -  >>  >> TraceInfo >> 0 >>  >> LCTServerMessageProxy >>?????????:COM3,
2026-02-19 01:16:17,593 [1] ERROR -  >>  >> TraceInfo >> 0 >>  >> LCTServerMessageProxy >>?????????:
2026-02-19 01:16:17,594 [1] ERROR -  >>  >> OnCompleteConnectAllController >> 0 >> ??????????
2026-02-19 01:16:17,595 [1] ERROR -  >>  >> ChangeDeviceList >> 0 >> equipmentTable.count:0
2026-02-19 01:16:17,599 [1] ERROR -  >>  >> OnDeviceChangeEvent >> 0 >> ????:??????, ????:0 
2026-02-19 01:16:24,766 [33] ERROR -  >>  >> bWorker_DoWork >> 0 >> La chiave specificata non era presente nel dizionario.
2026-02-19 01:16:26,237 [11] ERROR -  >>  >> TraceInfo >> 0 >>  >> LCTServerMessageProxy >>OnHandshakeServerPrivderCallback: ???525448,???525448
2026-02-19 01:16:36,250 [6] ERROR -  >>  >> TraceInfo >> 0 >>  >> LCTServerMessageProxy >>OnHandshakeServerPrivderCallback: ???525448,???525448
2026-02-19 01:16:40,961 [8] ERROR -  >>  >> GetHttpResponse >> 0 >> System.UriFormatException: URI non valido: impossibile determinare il formato dell'URI.
   in System.Uri.CreateThis(String uri, Boolean dontEscape, UriKind uriKind)
   in System.Uri..ctor(String uriString)
   in System.Net.WebRequest.Create(String requestUriString)
   in Nova.LCT.GigabitSystem.CloudServerManager.HttpClientbase.GetHttpResponse(String url)
2026-02-19 01:16:40,962 [8] ERROR -  >>  >> GetHttpResponse >> 0 >> System.UriFormatException: URI non valido: impossibile determinare il formato dell'URI.
   in System.Uri.CreateThis(String uri, Boolean dontEscape, UriKind uriKind)
   in System.Uri..ctor(String uriString)
   in System.Net.WebRequest.Create(String requestUriString)
   in Nova.LCT.GigabitSystem.CloudServerManager.HttpClientbase.GetHttpResponse(String url)
2026-02-19 01:16:40,963 [8] ERROR -  >>  >> GetHttpResponse >> 0 >> System.UriFormatException: URI non valido: impossibile determinare il formato dell'URI.
   in System.Uri.CreateThis(String uri, Boolean dontEscape, UriKind uriKind)
   in System.Uri..ctor(String uriString)
   in System.Net.WebRequest.Create(String requestUriString)
   in Nova.LCT.GigabitSystem.CloudServerManager.HttpClientbase.GetHttpResponse(String url)
2026-02-19 01:16:41,182 [33] ERROR -  >>  >> <ReturnNodeIndex>b__0 >> 0 >> System.Net.WebException: Connessione sottostante chiusa: Errore imprevisto durante un'operazione di ricezione.. ---> System.ComponentModel.Win32Exception: Client e server non possono comunicare perché non dispongono di un algoritmo comune
   in System.Net.SSPIWrapper.AcquireCredentialsHandle(SSPIInterface SecModule, String package, CredentialUse intent, SecureCredential scc)
   in System.Net.Security.SecureChannel.AcquireCredentialsHandle(CredentialUse credUsage, SecureCredential& secureCredential)
   in System.Net.Security.SecureChannel.AcquireCredentialsHandle(CredentialUse credUsage, X509Certificate2 selectedCert, Flags flags)
   in System.Net.Security.SecureChannel.AcquireClientCredentials(Byte[]& thumbPrint)
   in System.Net.Security.SecureChannel.GenerateToken(Byte[] input, Int32 offset, Int32 count, Byte[]& output)
   in System.Net.Security.SecureChannel.NextMessage(Byte[] incoming, Int32 offset, Int32 count)
   in System.Net.Security.SslState.StartSendBlob(Byte[] incoming, Int32 count, AsyncProtocolRequest asyncRequest, Boolean renegotiation)
   in System.Net.Security.SslState.ForceAuthentication(Boolean receiveFirst, Byte[] buffer, AsyncProtocolRequest asyncRequest, Boolean renegotiation)
   in System.Net.Security.SslState.ProcessAuthentication(LazyAsyncResult lazyResult)
   in System.Net.TlsStream.CallProcessAuthentication(Object state)
   in System.Threading.ExecutionContext.RunInternal(ExecutionContext executionContext, ContextCallback callback, Object state, Boolean preserveSyncCtx)
   in System.Threading.ExecutionContext.Run(ExecutionContext executionContext, ContextCallback callback, Object state, Boolean preserveSyncCtx)
   in System.Threading.ExecutionContext.Run(ExecutionContext executionContext, ContextCallback callback, Object state)
   in System.Net.TlsStream.ProcessAuthentication(LazyAsyncResult result)
   in System.Net.TlsStream.Write(Byte[] buffer, Int32 offset, Int32 size)
   in System.Net.PooledStream.Write(Byte[] buffer, Int32 offset, Int32 size)
   in System.Net.ConnectStream.WriteHeaders(Boolean async)
   --- Fine della traccia dello stack dell'eccezione interna ---
   in System.Net.WebClient.DownloadDataInternal(Uri address, WebRequest& request)
   in System.Net.WebClient.DownloadString(Uri address)
   in System.Net.WebClient.DownloadString(String address)
   in Nova.LCT.GigabitSystem.CloudServerManager.BackupRestoreHttpClient.<>c__DisplayClass24_0.<ReturnNodeIndex>b__0()
2026-02-19 01:16:46,268 [8] ERROR -  >>  >> TraceInfo >> 0 >>  >> LCTServerMessageProxy >>OnHandshakeServerPrivderCallback: ???525448,???525448
2026-02-19 01:16:56,280 [9] ERROR -  >>  >> TraceInfo >> 0 >>  >> LCTServerMessageProxy >>OnHandshakeServerPrivderCallback: ???525448,???525448
2026-02-19 01:17:05,972 [6] ERROR -  >>  >> GetHttpResponse >> 0 >> System.UriFormatException: URI non valido: impossibile determinare il formato dell'URI.
   in System.Uri.CreateThis(String uri, Boolean dontEscape, UriKind uriKind)
   in System.Uri..ctor(String uriString)
   in System.Net.WebRequest.Create(String requestUriString)
   in Nova.LCT.GigabitSystem.CloudServerManager.HttpClientbase.GetHttpResponse(String url)
2026-02-19 01:17:05,973 [6] ERROR -  >>  >> GetHttpResponse >> 0 >> System.UriFormatException: URI non valido: impossibile determinare il formato dell'URI.
   in System.Uri.CreateThis(String uri, Boolean dontEscape, UriKind uriKind)
   in System.Uri..ctor(String uriString)
   in System.Net.WebRequest.Create(String requestUriString)
   in Nova.LCT.GigabitSystem.CloudServerManager.HttpClientbase.GetHttpResponse(String url)
2026-02-19 01:17:05,974 [6] ERROR -  >>  >> GetHttpResponse >> 0 >> System.UriFormatException: URI non valido: impossibile determinare il formato dell'URI.
   in System.Uri.CreateThis(String uri, Boolean dontEscape, UriKind uriKind)
   in System.Uri..ctor(String uriString)
   in System.Net.WebRequest.Create(String requestUriString)
   in Nova.LCT.GigabitSystem.CloudServerManager.HttpClientbase.GetHttpResponse(String url)
2026-02-19 01:17:06,104 [9] ERROR -  >>  >> <ReturnNodeIndex>b__0 >> 0 >> System.Net.WebException: Connessione sottostante chiusa: Errore imprevisto durante un'operazione di ricezione.. ---> System.ComponentModel.Win32Exception: Client e server non possono comunicare perché non dispongono di un algoritmo comune
   in System.Net.SSPIWrapper.AcquireCredentialsHandle(SSPIInterface SecModule, String package, CredentialUse intent, SecureCredential scc)
   in System.Net.Security.SecureChannel.AcquireCredentialsHandle(CredentialUse credUsage, SecureCredential& secureCredential)
   in System.Net.Security.SecureChannel.AcquireCredentialsHandle(CredentialUse credUsage, X509Certificate2 selectedCert, Flags flags)
   in System.Net.Security.SecureChannel.AcquireClientCredentials(Byte[]& thumbPrint)
   in System.Net.Security.SecureChannel.GenerateToken(Byte[] input, Int32 offset, Int32 count, Byte[]& output)
   in System.Net.Security.SecureChannel.NextMessage(Byte[] incoming, Int32 offset, Int32 count)
   in System.Net.Security.SslState.StartSendBlob(Byte[] incoming, Int32 count, AsyncProtocolRequest asyncRequest, Boolean renegotiation)
   in System.Net.Security.SslState.ForceAuthentication(Boolean receiveFirst, Byte[] buffer, AsyncProtocolRequest asyncRequest, Boolean renegotiation)
   in System.Net.Security.SslState.ProcessAuthentication(LazyAsyncResult lazyResult)
   in System.Net.TlsStream.CallProcessAuthentication(Object state)
   in System.Threading.ExecutionContext.RunInternal(ExecutionContext executionContext, ContextCallback callback, Object state, Boolean preserveSyncCtx)
   in System.Threading.ExecutionContext.Run(ExecutionContext executionContext, ContextCallback callback, Object state, Boolean preserveSyncCtx)
   in System.Threading.ExecutionContext.Run(ExecutionContext executionContext, ContextCallback callback, Object state)
   in System.Net.TlsStream.ProcessAuthentication(LazyAsyncResult result)
   in System.Net.TlsStream.Write(Byte[] buffer, Int32 offset, Int32 size)
   in System.Net.PooledStream.Write(Byte[] buffer, Int32 offset, Int32 size)
   in System.Net.ConnectStream.WriteHeaders(Boolean async)
   --- Fine della traccia dello stack dell'eccezione interna ---
   in System.Net.WebClient.DownloadDataInternal(Uri address, WebRequest& request)
   in System.Net.WebClient.DownloadString(Uri address)
   in System.Net.WebClient.DownloadString(String address)
   in Nova.LCT.GigabitSystem.CloudServerManager.BackupRestoreHttpClient.<>c__DisplayClass24_0.<ReturnNodeIndex>b__0()
2026-02-19 01:17:06,295 [9] ERROR -  >>  >> TraceInfo >> 0 >>  >> LCTServerMessageProxy >>OnHandshakeServerPrivderCallback: ???525448,???525448
2026-02-19 01:17:09,851 [1] ERROR -  >>  >> TraceInfo >> 0 >>  >> LCTServerMessageProxy >>?????????:COM3,
2026-02-19 01:17:09,858 [1] ERROR -  >>  >> TraceInfo >> 0 >>  >> LCTServerMessageProxy >>?????????:
2026-02-19 01:17:09,859 [1] ERROR -  >>  >> OnCompleteConnectAllController >> 0 >> ??????????
2026-02-19 01:17:09,860 [1] ERROR -  >>  >> ChangeDeviceList >> 0 >> equipmentTable.count:0
2026-02-19 01:17:09,865 [1] ERROR -  >>  >> OnDeviceChangeEvent >> 0 >> ????:??????, ????:0 
2026-02-19 01:17:16,304 [28] ERROR -  >>  >> TraceInfo >> 0 >>  >> LCTServerMessageProxy >>OnHandshakeServerPrivderCallback: ???525448,???525448
2026-02-19 01:17:26,317 [28] ERROR -  >>  >> TraceInfo >> 0 >>  >> LCTServerMessageProxy >>OnHandshakeServerPrivderCallback: ???525448,???525448
2026-02-19 01:17:36,317 [28] ERROR -  >>  >> TraceInfo >> 0 >>  >> LCTServerMessageProxy >>OnHandshakeServerPrivderCallback: ???525448,???525448
2026-02-19 01:17:38,981 [4] ERROR -  >>  >> bWorker_DoWork >> 0 >> La chiave specificata non era presente nel dizionario.
2026-02-19 01:17:46,332 [4] ERROR -  >>  >> TraceInfo >> 0 >>  >> LCTServerMessageProxy >>OnHandshakeServerPrivderCallback: ???525448,???525448
2026-02-19 01:17:56,342 [11] ERROR -  >>  >> TraceInfo >> 0 >>  >> LCTServerMessageProxy >>OnHandshakeServerPrivderCallback: ???525448,???525448
2026-02-19 01:18:06,347 [8] ERROR -  >>  >> TraceInfo >> 0 >>  >> LCTServerMessageProxy >>OnHandshakeServerPrivderCallback: ???525448,???525448
2026-02-19 01:18:16,360 [11] ERROR -  >>  >> TraceInfo >> 0 >>  >> LCTServerMessageProxy >>OnHandshakeServerPrivderCallback: ???525448,???525448
2026-02-19 01:18:26,363 [8] ERROR -  >>  >> TraceInfo >> 0 >>  >> LCTServerMessageProxy >>OnHandshakeServerPrivderCallback: ???525448,???525448
2026-02-19 01:18:28,211 [4] ERROR -  >>  >> bWorker_DoWork >> 0 >> La chiave specificata non era presente nel dizionario.
2026-02-19 01:18:36,376 [4] ERROR -  >>  >> TraceInfo >> 0 >>  >> LCTServerMessageProxy >>OnHandshakeServerPrivderCallback: ???525448,???525448
2026-02-19 01:18:44,326 [11] ERROR -  >>  >> GetHttpResponse >> 0 >> System.UriFormatException: URI non valido: impossibile determinare il formato dell'URI.
   in System.Uri.CreateThis(String uri, Boolean dontEscape, UriKind uriKind)
   in System.Uri..ctor(String uriString)
   in System.Net.WebRequest.Create(String requestUriString)
   in Nova.LCT.GigabitSystem.CloudServerManager.HttpClientbase.GetHttpResponse(String url)
2026-02-19 01:18:44,327 [11] ERROR -  >>  >> GetHttpResponse >> 0 >> System.UriFormatException: URI non valido: impossibile determinare il formato dell'URI.
   in System.Uri.CreateThis(String uri, Boolean dontEscape, UriKind uriKind)
   in System.Uri..ctor(String uriString)
   in System.Net.WebRequest.Create(String requestUriString)
   in Nova.LCT.GigabitSystem.CloudServerManager.HttpClientbase.GetHttpResponse(String url)
2026-02-19 01:18:44,328 [11] ERROR -  >>  >> GetHttpResponse >> 0 >> System.UriFormatException: URI non valido: impossibile determinare il formato dell'URI.
   in System.Uri.CreateThis(String uri, Boolean dontEscape, UriKind uriKind)
   in System.Uri..ctor(String uriString)
   in System.Net.WebRequest.Create(String requestUriString)
   in Nova.LCT.GigabitSystem.CloudServerManager.HttpClientbase.GetHttpResponse(String url)
2026-02-19 01:18:44,551 [9] ERROR -  >>  >> <ReturnNodeIndex>b__0 >> 0 >> System.Net.WebException: Connessione sottostante chiusa: Errore imprevisto durante un'operazione di ricezione.. ---> System.ComponentModel.Win32Exception: Client e server non possono comunicare perché non dispongono di un algoritmo comune
   in System.Net.SSPIWrapper.AcquireCredentialsHandle(SSPIInterface SecModule, String package, CredentialUse intent, SecureCredential scc)
   in System.Net.Security.SecureChannel.AcquireCredentialsHandle(CredentialUse credUsage, SecureCredential& secureCredential)
   in System.Net.Security.SecureChannel.AcquireCredentialsHandle(CredentialUse credUsage, X509Certificate2 selectedCert, Flags flags)
   in System.Net.Security.SecureChannel.AcquireClientCredentials(Byte[]& thumbPrint)
   in System.Net.Security.SecureChannel.GenerateToken(Byte[] input, Int32 offset, Int32 count, Byte[]& output)
   in System.Net.Security.SecureChannel.NextMessage(Byte[] incoming, Int32 offset, Int32 count)
   in System.Net.Security.SslState.StartSendBlob(Byte[] incoming, Int32 count, AsyncProtocolRequest asyncRequest, Boolean renegotiation)
   in System.Net.Security.SslState.ForceAuthentication(Boolean receiveFirst, Byte[] buffer, AsyncProtocolRequest asyncRequest, Boolean renegotiation)
   in System.Net.Security.SslState.ProcessAuthentication(LazyAsyncResult lazyResult)
   in System.Net.TlsStream.CallProcessAuthentication(Object state)
   in System.Threading.ExecutionContext.RunInternal(ExecutionContext executionContext, ContextCallback callback, Object state, Boolean preserveSyncCtx)
   in System.Threading.ExecutionContext.Run(ExecutionContext executionContext, ContextCallback callback, Object state, Boolean preserveSyncCtx)
   in System.Threading.ExecutionContext.Run(ExecutionContext executionContext, ContextCallback callback, Object state)
   in System.Net.TlsStream.ProcessAuthentication(LazyAsyncResult result)
   in System.Net.TlsStream.Write(Byte[] buffer, Int32 offset, Int32 size)
   in System.Net.PooledStream.Write(Byte[] buffer, Int32 offset, Int32 size)
   in System.Net.ConnectStream.WriteHeaders(Boolean async)
   --- Fine della traccia dello stack dell'eccezione interna ---
   in System.Net.WebClient.DownloadDataInternal(Uri address, WebRequest& request)
   in System.Net.WebClient.DownloadString(Uri address)
   in System.Net.WebClient.DownloadString(String address)
   in Nova.LCT.GigabitSystem.CloudServerManager.BackupRestoreHttpClient.<>c__DisplayClass24_0.<ReturnNodeIndex>b__0()
2026-02-19 01:18:46,376 [9] ERROR -  >>  >> TraceInfo >> 0 >>  >> LCTServerMessageProxy >>OnHandshakeServerPrivderCallback: ???525448,???525448
2026-02-19 01:18:56,391 [34] ERROR -  >>  >> TraceInfo >> 0 >>  >> LCTServerMessageProxy >>OnHandshakeServerPrivderCallback: ???525448,???525448
2026-02-19 01:19:06,406 [48] ERROR -  >>  >> TraceInfo >> 0 >>  >> LCTServerMessageProxy >>OnHandshakeServerPrivderCallback: ???525448,???525448
2026-02-19 01:19:08,773 [8] ERROR -  >>  >> bWorker_DoWork >> 0 >> La chiave specificata non era presente nel dizionario.
2026-02-19 01:19:13,397 [1] ERROR -  >>  >> TraceInfo >> 0 >>  >> LCTServerMessageProxy >>?????????:COM3,
2026-02-19 01:19:13,403 [1] ERROR -  >>  >> TraceInfo >> 0 >>  >> LCTServerMessageProxy >>?????????:
2026-02-19 01:19:13,404 [1] ERROR -  >>  >> OnCompleteConnectAllController >> 0 >> ??????????
2026-02-19 01:19:13,405 [1] ERROR -  >>  >> ChangeDeviceList >> 0 >> equipmentTable.count:0
2026-02-19 01:19:13,411 [1] ERROR -  >>  >> OnDeviceChangeEvent >> 0 >> ????:??????, ????:0 
2026-02-19 01:19:16,415 [8] ERROR -  >>  >> TraceInfo >> 0 >>  >> LCTServerMessageProxy >>OnHandshakeServerPrivderCallback: ???525448,???525448
2026-02-19 01:19:26,430 [11] ERROR -  >>  >> TraceInfo >> 0 >>  >> LCTServerMessageProxy >>OnHandshakeServerPrivderCallback: ???525448,???525448
2026-02-19 01:19:36,442 [34] ERROR -  >>  >> TraceInfo >> 0 >>  >> LCTServerMessageProxy >>OnHandshakeServerPrivderCallback: ???525448,???525448
2026-02-19 01:19:46,444 [9] ERROR -  >>  >> TraceInfo >> 0 >>  >> LCTServerMessageProxy >>OnHandshakeServerPrivderCallback: ???525448,???525448
2026-02-19 01:19:56,452 [28] ERROR -  >>  >> TraceInfo >> 0 >>  >> LCTServerMessageProxy >>OnHandshakeServerPrivderCallback: ???525448,???525448
2026-02-19 01:20:04,495 [1] ERROR -  >>  >> TraceInfo >> 0 >>  >> LCTServerMessageProxy >>?????????:COM3,
2026-02-19 01:20:04,500 [1] ERROR -  >>  >> TraceInfo >> 0 >>  >> LCTServerMessageProxy >>?????????:
2026-02-19 01:20:04,500 [1] ERROR -  >>  >> OnCompleteConnectAllController >> 0 >> ??????????
2026-02-19 01:20:04,501 [1] ERROR -  >>  >> ChangeDeviceList >> 0 >> equipmentTable.count:0
2026-02-19 01:20:04,505 [1] ERROR -  >>  >> OnDeviceChangeEvent >> 0 >> ????:??????, ????:0 
2026-02-19 01:20:06,459 [8] ERROR -  >>  >> TraceInfo >> 0 >>  >> LCTServerMessageProxy >>OnHandshakeServerPrivderCallback: ???525448,???525448
2026-02-19 01:20:15,711 [28] ERROR -  >>  >> bWorker_DoWork >> 0 >> La chiave specificata non era presente nel dizionario.
2026-02-19 01:20:16,464 [34] ERROR -  >>  >> TraceInfo >> 0 >>  >> LCTServerMessageProxy >>OnHandshakeServerPrivderCallback: ???525448,???525448
2026-02-19 01:20:26,467 [9] ERROR -  >>  >> TraceInfo >> 0 >>  >> LCTServerMessageProxy >>OnHandshakeServerPrivderCallback: ???525448,???525448
2026-02-19 01:20:36,488 [11] ERROR -  >>  >> TraceInfo >> 0 >>  >> LCTServerMessageProxy >>OnHandshakeServerPrivderCallback: ???525448,???525448
2026-02-19 01:20:36,518 [6] ERROR -  >>  >> GetHttpResponse >> 0 >> System.UriFormatException: URI non valido: impossibile determinare il formato dell'URI.
   in System.Uri.CreateThis(String uri, Boolean dontEscape, UriKind uriKind)
   in System.Uri..ctor(String uriString)
   in System.Net.WebRequest.Create(String requestUriString)
   in Nova.LCT.GigabitSystem.CloudServerManager.HttpClientbase.GetHttpResponse(String url)
2026-02-19 01:20:36,519 [6] ERROR -  >>  >> GetHttpResponse >> 0 >> System.UriFormatException: URI non valido: impossibile determinare il formato dell'URI.
   in System.Uri.CreateThis(String uri, Boolean dontEscape, UriKind uriKind)
   in System.Uri..ctor(String uriString)
   in System.Net.WebRequest.Create(String requestUriString)
   in Nova.LCT.GigabitSystem.CloudServerManager.HttpClientbase.GetHttpResponse(String url)
2026-02-19 01:20:36,520 [6] ERROR -  >>  >> GetHttpResponse >> 0 >> System.UriFormatException: URI non valido: impossibile determinare il formato dell'URI.
   in System.Uri.CreateThis(String uri, Boolean dontEscape, UriKind uriKind)
   in System.Uri..ctor(String uriString)
   in System.Net.WebRequest.Create(String requestUriString)
   in Nova.LCT.GigabitSystem.CloudServerManager.HttpClientbase.GetHttpResponse(String url)
2026-02-19 01:20:36,703 [45] ERROR -  >>  >> <ReturnNodeIndex>b__0 >> 0 >> System.Net.WebException: Connessione sottostante chiusa: Errore imprevisto durante un'operazione di ricezione.. ---> System.ComponentModel.Win32Exception: Client e server non possono comunicare perché non dispongono di un algoritmo comune
   in System.Net.SSPIWrapper.AcquireCredentialsHandle(SSPIInterface SecModule, String package, CredentialUse intent, SecureCredential scc)
   in System.Net.Security.SecureChannel.AcquireCredentialsHandle(CredentialUse credUsage, SecureCredential& secureCredential)
   in System.Net.Security.SecureChannel.AcquireCredentialsHandle(CredentialUse credUsage, X509Certificate2 selectedCert, Flags flags)
   in System.Net.Security.SecureChannel.AcquireClientCredentials(Byte[]& thumbPrint)
   in System.Net.Security.SecureChannel.GenerateToken(Byte[] input, Int32 offset, Int32 count, Byte[]& output)
   in System.Net.Security.SecureChannel.NextMessage(Byte[] incoming, Int32 offset, Int32 count)
   in System.Net.Security.SslState.StartSendBlob(Byte[] incoming, Int32 count, AsyncProtocolRequest asyncRequest, Boolean renegotiation)
   in System.Net.Security.SslState.ForceAuthentication(Boolean receiveFirst, Byte[] buffer, AsyncProtocolRequest asyncRequest, Boolean renegotiation)
   in System.Net.Security.SslState.ProcessAuthentication(LazyAsyncResult lazyResult)
   in System.Net.TlsStream.CallProcessAuthentication(Object state)
   in System.Threading.ExecutionContext.RunInternal(ExecutionContext executionContext, ContextCallback callback, Object state, Boolean preserveSyncCtx)
   in System.Threading.ExecutionContext.Run(ExecutionContext executionContext, ContextCallback callback, Object state, Boolean preserveSyncCtx)
   in System.Threading.ExecutionContext.Run(ExecutionContext executionContext, ContextCallback callback, Object state)
   in System.Net.TlsStream.ProcessAuthentication(LazyAsyncResult result)
   in System.Net.TlsStream.Write(Byte[] buffer, Int32 offset, Int32 size)
   in System.Net.PooledStream.Write(Byte[] buffer, Int32 offset, Int32 size)
   in System.Net.ConnectStream.WriteHeaders(Boolean async)
   --- Fine della traccia dello stack dell'eccezione interna ---
   in System.Net.WebClient.DownloadDataInternal(Uri address, WebRequest& request)
   in System.Net.WebClient.DownloadString(Uri address)
   in System.Net.WebClient.DownloadString(String address)
   in Nova.LCT.GigabitSystem.CloudServerManager.BackupRestoreHttpClient.<>c__DisplayClass24_0.<ReturnNodeIndex>b__0()
2026-02-19 01:20:46,510 [57] ERROR -  >>  >> TraceInfo >> 0 >>  >> LCTServerMessageProxy >>OnHandshakeServerPrivderCallback: ???525448,???525448
2026-02-19 01:20:56,520 [8] ERROR -  >>  >> TraceInfo >> 0 >>  >> LCTServerMessageProxy >>OnHandshakeServerPrivderCallback: ???525448,???525448
2026-02-19 01:21:06,537 [3] ERROR -  >>  >> TraceInfo >> 0 >>  >> LCTServerMessageProxy >>OnHandshakeServerPrivderCallback: ???525448,???525448
2026-02-19 01:21:06,697 [1] ERROR -  >>  >> TraceInfo >> 0 >>  >> LCTServerMessageProxy >>?????????:COM3,
2026-02-19 01:21:06,703 [1] ERROR -  >>  >> TraceInfo >> 0 >>  >> LCTServerMessageProxy >>?????????:
2026-02-19 01:21:06,704 [1] ERROR -  >>  >> OnCompleteConnectAllController >> 0 >> ??????????
2026-02-19 01:21:06,705 [1] ERROR -  >>  >> ChangeDeviceList >> 0 >> equipmentTable.count:0
2026-02-19 01:21:06,710 [1] ERROR -  >>  >> OnDeviceChangeEvent >> 0 >> ????:??????, ????:0 
2026-02-19 01:21:16,554 [28] ERROR -  >>  >> TraceInfo >> 0 >>  >> LCTServerMessageProxy >>OnHandshakeServerPrivderCallback: ???525448,???525448
2026-02-19 01:21:26,564 [9] ERROR -  >>  >> TraceInfo >> 0 >>  >> LCTServerMessageProxy >>OnHandshakeServerPrivderCallback: ???525448,???525448
2026-02-19 01:21:36,565 [6] ERROR -  >>  >> TraceInfo >> 0 >>  >> LCTServerMessageProxy >>OnHandshakeServerPrivderCallback: ???525448,???525448
2026-02-19 01:21:42,250 [1] ERROR -  >>  >> TraceInfo >> 0 >>  >> LCTServerMessageProxy >>?????????:COM3,
2026-02-19 01:21:42,276 [1] ERROR -  >>  >> TraceInfo >> 0 >>  >> LCTServerMessageProxy >>?????????:
2026-02-19 01:21:42,277 [1] ERROR -  >>  >> OnCompleteConnectAllController >> 0 >> ??????????
2026-02-19 01:21:42,278 [1] ERROR -  >>  >> ChangeDeviceList >> 0 >> equipmentTable.count:0
2026-02-19 01:21:42,282 [1] ERROR -  >>  >> OnDeviceChangeEvent >> 0 >> ????:??????, ????:0 
2026-02-19 01:21:45,807 [55] ERROR -  >>  >> Hello >> 0 >> Hello Error:System.ServiceModel.CommunicationObjectFaultedException: Impossibile utilizzare l'oggetto di comunicazione, System.ServiceModel.Channels.ServiceChannel, per la comunicazione perché è nello stato Faulted.

Server stack trace: 
   in System.ServiceModel.Channels.CommunicationObject.ThrowIfDisposedOrNotOpen()
   in System.ServiceModel.Channels.ServiceChannel.Call(String action, Boolean oneway, ProxyOperationRuntime operation, Object[] ins, Object[] outs, TimeSpan timeout)
   in System.ServiceModel.Channels.ServiceChannelProxy.InvokeService(IMethodCallMessage methodCall, ProxyOperationRuntime operation)
   in System.ServiceModel.Channels.ServiceChannelProxy.Invoke(IMessage message)

Exception rethrown at [0]: 
   in System.Runtime.Remoting.Proxies.RealProxy.HandleReturnMessage(IMessage reqMsg, IMessage retMsg)
   in System.Runtime.Remoting.Proxies.RealProxy.PrivateInvoke(MessageData& msgData, Int32 type)
   in Nova.Monitoring.Common.IDataService.Hello()
   in Nova.Monitoring.Common.DataClientBaseNew.Hello()
2026-02-19 01:21:45,811 [55] ERROR -  >>  >> Login >> 0 >> Lijin Login Error:System.ServiceModel.EndpointNotFoundException: Nessun endpoint in ascolto su net.pipe://localhost/novadata/IDataService in grado di accettare il messaggio. Ciò è spesso causato da un'azione SOAP o un indirizzo non corretto. Per ulteriori dettagli, vedere InnerException, se presente. ---> System.IO.PipeException: Impossibile trovare l'endpoint di pipe 'net.pipe://localhost/novadata/IDataService' nel computer locale. 
   --- Fine della traccia dello stack dell'eccezione interna ---

Server stack trace: 
   in System.ServiceModel.Channels.PipeConnectionInitiator.GetPipeName(Uri uri, IPipeTransportFactorySettings transportFactorySettings)
   in System.ServiceModel.Channels.PipeConnectionInitiator.PrepareConnect(Uri remoteUri, TimeSpan timeout, String& resolvedAddress, BackoffTimeoutHelper& backoffHelper)
   in System.ServiceModel.Channels.PipeConnectionInitiator.Connect(Uri remoteUri, TimeSpan timeout)
   in System.ServiceModel.Channels.BufferedConnectionInitiator.Connect(Uri uri, TimeSpan timeout)
   in System.ServiceModel.Channels.ConnectionPoolHelper.EstablishConnection(TimeSpan timeout)
   in System.ServiceModel.Channels.ClientFramingDuplexSessionChannel.OnOpen(TimeSpan timeout)
   in System.ServiceModel.Channels.CommunicationObject.Open(TimeSpan timeout)
   in System.ServiceModel.Channels.ServiceChannel.OnOpen(TimeSpan timeout)
   in System.ServiceModel.Channels.CommunicationObject.Open(TimeSpan timeout)
   in System.ServiceModel.Channels.ServiceChannel.CallOpenOnce.System.ServiceModel.Channels.ServiceChannel.ICallOnce.Call(ServiceChannel channel, TimeSpan timeout)
   in System.ServiceModel.Channels.ServiceChannel.CallOnceManager.CallOnce(TimeSpan timeout, CallOnceManager cascade)
   in System.ServiceModel.Channels.ServiceChannel.Call(String action, Boolean oneway, ProxyOperationRuntime operation, Object[] ins, Object[] outs, TimeSpan timeout)
   in System.ServiceModel.Channels.ServiceChannelProxy.InvokeService(IMethodCallMessage methodCall, ProxyOperationRuntime operation)
   in System.ServiceModel.Channels.ServiceChannelProxy.Invoke(IMessage message)

Exception rethrown at [0]: 
   in System.Runtime.Remoting.Proxies.RealProxy.HandleReturnMessage(IMessage reqMsg, IMessage retMsg)
   in System.Runtime.Remoting.Proxies.RealProxy.PrivateInvoke(MessageData& msgData, Int32 type)
   in Nova.Monitoring.Common.IDataService.Login(String name)
   in Nova.Monitoring.Common.DataClientBaseNew.Login(String name)
2026-02-19 01:21:46,568 [6] ERROR -  >>  >> TraceInfo >> 0 >>  >> LCTServerMessageProxy >>OnHandshakeServerPrivderCallback: ???525448,???525448
2026-02-19 01:21:48,819 [11] ERROR -  >>  >> Hello >> 0 >> Hello Error:System.ServiceModel.CommunicationObjectFaultedException: Impossibile utilizzare l'oggetto di comunicazione, System.ServiceModel.Channels.ServiceChannel, per la comunicazione perché è nello stato Faulted.

Server stack trace: 
   in System.ServiceModel.Channels.CommunicationObject.ThrowIfDisposedOrNotOpen()
   in System.ServiceModel.Channels.ServiceChannel.Call(String action, Boolean oneway, ProxyOperationRuntime operation, Object[] ins, Object[] outs, TimeSpan timeout)
   in System.ServiceModel.Channels.ServiceChannelProxy.InvokeService(IMethodCallMessage methodCall, ProxyOperationRuntime operation)
   in System.ServiceModel.Channels.ServiceChannelProxy.Invoke(IMessage message)

Exception rethrown at [0]: 
   in System.Runtime.Remoting.Proxies.RealProxy.HandleReturnMessage(IMessage reqMsg, IMessage retMsg)
   in System.Runtime.Remoting.Proxies.RealProxy.PrivateInvoke(MessageData& msgData, Int32 type)
   in Nova.Monitoring.Common.IDataService.Hello()
   in Nova.Monitoring.Common.DataClientBaseNew.Hello()
2026-02-19 01:21:48,823 [11] ERROR -  >>  >> Login >> 0 >> Lijin Login Error:System.ServiceModel.EndpointNotFoundException: Nessun endpoint in ascolto su net.pipe://localhost/novadata/IDataService in grado di accettare il messaggio. Ciò è spesso causato da un'azione SOAP o un indirizzo non corretto. Per ulteriori dettagli, vedere InnerException, se presente. ---> System.IO.PipeException: Impossibile trovare l'endpoint di pipe 'net.pipe://localhost/novadata/IDataService' nel computer locale. 
   --- Fine della traccia dello stack dell'eccezione interna ---

Server stack trace: 
   in System.ServiceModel.Channels.PipeConnectionInitiator.GetPipeName(Uri uri, IPipeTransportFactorySettings transportFactorySettings)
   in System.ServiceModel.Channels.PipeConnectionInitiator.PrepareConnect(Uri remoteUri, TimeSpan timeout, String& resolvedAddress, BackoffTimeoutHelper& backoffHelper)
   in System.ServiceModel.Channels.PipeConnectionInitiator.Connect(Uri remoteUri, TimeSpan timeout)
   in System.ServiceModel.Channels.BufferedConnectionInitiator.Connect(Uri uri, TimeSpan timeout)
   in System.ServiceModel.Channels.ConnectionPoolHelper.EstablishConnection(TimeSpan timeout)
   in System.ServiceModel.Channels.ClientFramingDuplexSessionChannel.OnOpen(TimeSpan timeout)
   in System.ServiceModel.Channels.CommunicationObject.Open(TimeSpan timeout)
   in System.ServiceModel.Channels.ServiceChannel.OnOpen(TimeSpan timeout)
   in System.ServiceModel.Channels.CommunicationObject.Open(TimeSpan timeout)
   in System.ServiceModel.Channels.ServiceChannel.CallOpenOnce.System.ServiceModel.Channels.ServiceChannel.ICallOnce.Call(ServiceChannel channel, TimeSpan timeout)
   in System.ServiceModel.Channels.ServiceChannel.CallOnceManager.CallOnce(TimeSpan timeout, CallOnceManager cascade)
   in System.ServiceModel.Channels.ServiceChannel.Call(String action, Boolean oneway, ProxyOperationRuntime operation, Object[] ins, Object[] outs, TimeSpan timeout)
   in System.ServiceModel.Channels.ServiceChannelProxy.InvokeService(IMethodCallMessage methodCall, ProxyOperationRuntime operation)
   in System.ServiceModel.Channels.ServiceChannelProxy.Invoke(IMessage message)

Exception rethrown at [0]: 
   in System.Runtime.Remoting.Proxies.RealProxy.HandleReturnMessage(IMessage reqMsg, IMessage retMsg)
   in System.Runtime.Remoting.Proxies.RealProxy.PrivateInvoke(MessageData& msgData, Int32 type)
   in Nova.Monitoring.Common.IDataService.Login(String name)
   in Nova.Monitoring.Common.DataClientBaseNew.Login(String name)
2026-02-19 01:21:51,832 [59] ERROR -  >>  >> Hello >> 0 >> Hello Error:System.ServiceModel.CommunicationObjectFaultedException: Impossibile utilizzare l'oggetto di comunicazione, System.ServiceModel.Channels.ServiceChannel, per la comunicazione perché è nello stato Faulted.

Server stack trace: 
   in System.ServiceModel.Channels.CommunicationObject.ThrowIfDisposedOrNotOpen()
   in System.ServiceModel.Channels.ServiceChannel.Call(String action, Boolean oneway, ProxyOperationRuntime operation, Object[] ins, Object[] outs, TimeSpan timeout)
   in System.ServiceModel.Channels.ServiceChannelProxy.InvokeService(IMethodCallMessage methodCall, ProxyOperationRuntime operation)
   in System.ServiceModel.Channels.ServiceChannelProxy.Invoke(IMessage message)

Exception rethrown at [0]: 
   in System.Runtime.Remoting.Proxies.RealProxy.HandleReturnMessage(IMessage reqMsg, IMessage retMsg)
   in System.Runtime.Remoting.Proxies.RealProxy.PrivateInvoke(MessageData& msgData, Int32 type)
   in Nova.Monitoring.Common.IDataService.Hello()
   in Nova.Monitoring.Common.DataClientBaseNew.Hello()
2026-02-19 01:21:51,838 [59] ERROR -  >>  >> Login >> 0 >> Lijin Login Error:System.ServiceModel.EndpointNotFoundException: Nessun endpoint in ascolto su net.pipe://localhost/novadata/IDataService in grado di accettare il messaggio. Ciò è spesso causato da un'azione SOAP o un indirizzo non corretto. Per ulteriori dettagli, vedere InnerException, se presente. ---> System.IO.PipeException: Impossibile trovare l'endpoint di pipe 'net.pipe://localhost/novadata/IDataService' nel computer locale. 
   --- Fine della traccia dello stack dell'eccezione interna ---

Server stack trace: 
   in System.ServiceModel.Channels.PipeConnectionInitiator.GetPipeName(Uri uri, IPipeTransportFactorySettings transportFactorySettings)
   in System.ServiceModel.Channels.PipeConnectionInitiator.PrepareConnect(Uri remoteUri, TimeSpan timeout, String& resolvedAddress, BackoffTimeoutHelper& backoffHelper)
   in System.ServiceModel.Channels.PipeConnectionInitiator.Connect(Uri remoteUri, TimeSpan timeout)
   in System.ServiceModel.Channels.BufferedConnectionInitiator.Connect(Uri uri, TimeSpan timeout)
   in System.ServiceModel.Channels.ConnectionPoolHelper.EstablishConnection(TimeSpan timeout)
   in System.ServiceModel.Channels.ClientFramingDuplexSessionChannel.OnOpen(TimeSpan timeout)
   in System.ServiceModel.Channels.CommunicationObject.Open(TimeSpan timeout)
   in System.ServiceModel.Channels.ServiceChannel.OnOpen(TimeSpan timeout)
   in System.ServiceModel.Channels.CommunicationObject.Open(TimeSpan timeout)
   in System.ServiceModel.Channels.ServiceChannel.CallOpenOnce.System.ServiceModel.Channels.ServiceChannel.ICallOnce.Call(ServiceChannel channel, TimeSpan timeout)
   in System.ServiceModel.Channels.ServiceChannel.CallOnceManager.CallOnce(TimeSpan timeout, CallOnceManager cascade)
   in System.ServiceModel.Channels.ServiceChannel.Call(String action, Boolean oneway, ProxyOperationRuntime operation, Object[] ins, Object[] outs, TimeSpan timeout)
   in System.ServiceModel.Channels.ServiceChannelProxy.InvokeService(IMethodCallMessage methodCall, ProxyOperationRuntime operation)
   in System.ServiceModel.Channels.ServiceChannelProxy.Invoke(IMessage message)

Exception rethrown at [0]: 
   in System.Runtime.Remoting.Proxies.RealProxy.HandleReturnMessage(IMessage reqMsg, IMessage retMsg)
   in System.Runtime.Remoting.Proxies.RealProxy.PrivateInvoke(MessageData& msgData, Int32 type)
   in Nova.Monitoring.Common.IDataService.Login(String name)
   in Nova.Monitoring.Common.DataClientBaseNew.Login(String name)
2026-02-19 01:24:11,502 [11] ERROR -  >>  >> Login >> 0 >> Lijin Login Error:System.ServiceModel.EndpointNotFoundException: Nessun endpoint in ascolto su net.pipe://localhost/novadata/IDataService in grado di accettare il messaggio. Ciò è spesso causato da un'azione SOAP o un indirizzo non corretto. Per ulteriori dettagli, vedere InnerException, se presente. ---> System.IO.PipeException: Impossibile trovare l'endpoint di pipe 'net.pipe://localhost/novadata/IDataService' nel computer locale. 
   --- Fine della traccia dello stack dell'eccezione interna ---

Server stack trace: 
   in System.ServiceModel.Channels.PipeConnectionInitiator.GetPipeName(Uri uri, IPipeTransportFactorySettings transportFactorySettings)
   in System.ServiceModel.Channels.NamedPipeConnectionPoolRegistry.NamedPipeConnectionPool.GetPoolKey(EndpointAddress address, Uri via)
   in System.ServiceModel.Channels.CommunicationPool`2.TakeConnection(EndpointAddress address, Uri via, TimeSpan timeout, TKey& key)
   in System.ServiceModel.Channels.ConnectionPoolHelper.EstablishConnection(TimeSpan timeout)
   in System.ServiceModel.Channels.ClientFramingDuplexSessionChannel.OnOpen(TimeSpan timeout)
   in System.ServiceModel.Channels.CommunicationObject.Open(TimeSpan timeout)
   in System.ServiceModel.Channels.ServiceChannel.OnOpen(TimeSpan timeout)
   in System.ServiceModel.Channels.CommunicationObject.Open(TimeSpan timeout)
   in System.ServiceModel.Channels.ServiceChannel.CallOpenOnce.System.ServiceModel.Channels.ServiceChannel.ICallOnce.Call(ServiceChannel channel, TimeSpan timeout)
   in System.ServiceModel.Channels.ServiceChannel.CallOnceManager.CallOnce(TimeSpan timeout, CallOnceManager cascade)
   in System.ServiceModel.Channels.ServiceChannel.Call(String action, Boolean oneway, ProxyOperationRuntime operation, Object[] ins, Object[] outs, TimeSpan timeout)
   in System.ServiceModel.Channels.ServiceChannelProxy.InvokeService(IMethodCallMessage methodCall, ProxyOperationRuntime operation)
   in System.ServiceModel.Channels.ServiceChannelProxy.Invoke(IMessage message)

Exception rethrown at [0]: 
   in System.Runtime.Remoting.Proxies.RealProxy.HandleReturnMessage(IMessage reqMsg, IMessage retMsg)
   in System.Runtime.Remoting.Proxies.RealProxy.PrivateInvoke(MessageData& msgData, Int32 type)
   in Nova.Monitoring.Common.IDataService.Login(String name)
   in Nova.Monitoring.Common.DataClientBaseNew.Login(String name)
2026-02-19 01:24:11,515 [11] ERROR -  >>  >> Hello >> 0 >> Hello Error:System.ServiceModel.CommunicationObjectFaultedException: Impossibile utilizzare l'oggetto di comunicazione, System.ServiceModel.Channels.ServiceChannel, per la comunicazione perché è nello stato Faulted.

Server stack trace: 
   in System.ServiceModel.Channels.CommunicationObject.ThrowIfDisposedOrNotOpen()
   in System.ServiceModel.Channels.ServiceChannel.Call(String action, Boolean oneway, ProxyOperationRuntime operation, Object[] ins, Object[] outs, TimeSpan timeout)
   in System.ServiceModel.Channels.ServiceChannelProxy.InvokeService(IMethodCallMessage methodCall, ProxyOperationRuntime operation)
   in System.ServiceModel.Channels.ServiceChannelProxy.Invoke(IMessage message)

Exception rethrown at [0]: 
   in System.Runtime.Remoting.Proxies.RealProxy.HandleReturnMessage(IMessage reqMsg, IMessage retMsg)
   in System.Runtime.Remoting.Proxies.RealProxy.PrivateInvoke(MessageData& msgData, Int32 type)
   in Nova.Monitoring.Common.IDataService.Hello()
   in Nova.Monitoring.Common.DataClientBaseNew.Hello()
2026-02-19 01:24:11,538 [11] ERROR -  >>  >> Login >> 0 >> Lijin Login Error:System.ServiceModel.EndpointNotFoundException: Nessun endpoint in ascolto su net.pipe://localhost/novadata/IDataService in grado di accettare il messaggio. Ciò è spesso causato da un'azione SOAP o un indirizzo non corretto. Per ulteriori dettagli, vedere InnerException, se presente. ---> System.IO.PipeException: Impossibile trovare l'endpoint di pipe 'net.pipe://localhost/novadata/IDataService' nel computer locale. 
   --- Fine della traccia dello stack dell'eccezione interna ---

Server stack trace: 
   in System.ServiceModel.Channels.PipeConnectionInitiator.GetPipeName(Uri uri, IPipeTransportFactorySettings transportFactorySettings)
   in System.ServiceModel.Channels.NamedPipeConnectionPoolRegistry.NamedPipeConnectionPool.GetPoolKey(EndpointAddress address, Uri via)
   in System.ServiceModel.Channels.CommunicationPool`2.TakeConnection(EndpointAddress address, Uri via, TimeSpan timeout, TKey& key)
   in System.ServiceModel.Channels.ConnectionPoolHelper.EstablishConnection(TimeSpan timeout)
   in System.ServiceModel.Channels.ClientFramingDuplexSessionChannel.OnOpen(TimeSpan timeout)
   in System.ServiceModel.Channels.CommunicationObject.Open(TimeSpan timeout)
   in System.ServiceModel.Channels.ServiceChannel.OnOpen(TimeSpan timeout)
   in System.ServiceModel.Channels.CommunicationObject.Open(TimeSpan timeout)
   in System.ServiceModel.Channels.ServiceChannel.CallOpenOnce.System.ServiceModel.Channels.ServiceChannel.ICallOnce.Call(ServiceChannel channel, TimeSpan timeout)
   in System.ServiceModel.Channels.ServiceChannel.CallOnceManager.CallOnce(TimeSpan timeout, CallOnceManager cascade)
   in System.ServiceModel.Channels.ServiceChannel.Call(String action, Boolean oneway, ProxyOperationRuntime operation, Object[] ins, Object[] outs, TimeSpan timeout)
   in System.ServiceModel.Channels.ServiceChannelProxy.InvokeService(IMethodCallMessage methodCall, ProxyOperationRuntime operation)
   in System.ServiceModel.Channels.ServiceChannelProxy.Invoke(IMessage message)

Exception rethrown at [0]: 
   in System.Runtime.Remoting.Proxies.RealProxy.HandleReturnMessage(IMessage reqMsg, IMessage retMsg)
   in System.Runtime.Remoting.Proxies.RealProxy.PrivateInvoke(MessageData& msgData, Int32 type)
   in Nova.Monitoring.Common.IDataService.Login(String name)
   in Nova.Monitoring.Common.DataClientBaseNew.Login(String name)
2026-02-19 01:24:12,393 [11] ERROR -  >>  >> ExecuteCommand >> 0 >> System.ServiceModel.CommunicationObjectFaultedException: Impossibile utilizzare l'oggetto di comunicazione, System.ServiceModel.Channels.ServiceChannel, per la comunicazione perché è nello stato Faulted.

Server stack trace: 
   in System.ServiceModel.Channels.CommunicationObject.ThrowIfDisposedOrNotOpen()
   in System.ServiceModel.Channels.ServiceChannel.Call(String action, Boolean oneway, ProxyOperationRuntime operation, Object[] ins, Object[] outs, TimeSpan timeout)
   in System.ServiceModel.Channels.ServiceChannelProxy.InvokeService(IMethodCallMessage methodCall, ProxyOperationRuntime operation)
   in System.ServiceModel.Channels.ServiceChannelProxy.Invoke(IMessage message)

Exception rethrown at [0]: 
   in System.Runtime.Remoting.Proxies.RealProxy.HandleReturnMessage(IMessage reqMsg, IMessage retMsg)
   in System.Runtime.Remoting.Proxies.RealProxy.PrivateInvoke(MessageData& msgData, Int32 type)
   in Nova.Monitoring.Common.IDataService.ExecuteCommand(Int32 code, String data)
   in Nova.LCT.GigabitSystem.MonitorClientManager.MonitorClient.ExecuteCommand(Int32 code, String data, Boolean catchError)
2026-02-19 01:24:12,542 [11] ERROR -  >>  >> Hello >> 0 >> Hello Error:System.ServiceModel.CommunicationObjectFaultedException: Impossibile utilizzare l'oggetto di comunicazione, System.ServiceModel.Channels.ServiceChannel, per la comunicazione perché è nello stato Faulted.

Server stack trace: 
   in System.ServiceModel.Channels.CommunicationObject.ThrowIfDisposedOrNotOpen()
   in System.ServiceModel.Channels.ServiceChannel.Call(String action, Boolean oneway, ProxyOperationRuntime operation, Object[] ins, Object[] outs, TimeSpan timeout)
   in System.ServiceModel.Channels.ServiceChannelProxy.InvokeService(IMethodCallMessage methodCall, ProxyOperationRuntime operation)
   in System.ServiceModel.Channels.ServiceChannelProxy.Invoke(IMessage message)

Exception rethrown at [0]: 
   in System.Runtime.Remoting.Proxies.RealProxy.HandleReturnMessage(IMessage reqMsg, IMessage retMsg)
   in System.Runtime.Remoting.Proxies.RealProxy.PrivateInvoke(MessageData& msgData, Int32 type)
   in Nova.Monitoring.Common.IDataService.Hello()
   in Nova.Monitoring.Common.DataClientBaseNew.Hello()
2026-02-19 01:24:12,548 [11] ERROR -  >>  >> Login >> 0 >> Lijin Login Error:System.ServiceModel.EndpointNotFoundException: Nessun endpoint in ascolto su net.pipe://localhost/novadata/IDataService in grado di accettare il messaggio. Ciò è spesso causato da un'azione SOAP o un indirizzo non corretto. Per ulteriori dettagli, vedere InnerException, se presente. ---> System.IO.PipeException: Impossibile trovare l'endpoint di pipe 'net.pipe://localhost/novadata/IDataService' nel computer locale. 
   --- Fine della traccia dello stack dell'eccezione interna ---

Server stack trace: 
   in System.ServiceModel.Channels.PipeConnectionInitiator.GetPipeName(Uri uri, IPipeTransportFactorySettings transportFactorySettings)
   in System.ServiceModel.Channels.NamedPipeConnectionPoolRegistry.NamedPipeConnectionPool.GetPoolKey(EndpointAddress address, Uri via)
   in System.ServiceModel.Channels.CommunicationPool`2.TakeConnection(EndpointAddress address, Uri via, TimeSpan timeout, TKey& key)
   in System.ServiceModel.Channels.ConnectionPoolHelper.EstablishConnection(TimeSpan timeout)
   in System.ServiceModel.Channels.ClientFramingDuplexSessionChannel.OnOpen(TimeSpan timeout)
   in System.ServiceModel.Channels.CommunicationObject.Open(TimeSpan timeout)
   in System.ServiceModel.Channels.ServiceChannel.OnOpen(TimeSpan timeout)
   in System.ServiceModel.Channels.CommunicationObject.Open(TimeSpan timeout)
   in System.ServiceModel.Channels.ServiceChannel.CallOpenOnce.System.ServiceModel.Channels.ServiceChannel.ICallOnce.Call(ServiceChannel channel, TimeSpan timeout)
   in System.ServiceModel.Channels.ServiceChannel.CallOnceManager.CallOnce(TimeSpan timeout, CallOnceManager cascade)
   in System.ServiceModel.Channels.ServiceChannel.Call(String action, Boolean oneway, ProxyOperationRuntime operation, Object[] ins, Object[] outs, TimeSpan timeout)
   in System.ServiceModel.Channels.ServiceChannelProxy.InvokeService(IMethodCallMessage methodCall, ProxyOperationRuntime operation)
   in System.ServiceModel.Channels.ServiceChannelProxy.Invoke(IMessage message)

Exception rethrown at [0]: 
   in System.Runtime.Remoting.Proxies.RealProxy.HandleReturnMessage(IMessage reqMsg, IMessage retMsg)
   in System.Runtime.Remoting.Proxies.RealProxy.PrivateInvoke(MessageData& msgData, Int32 type)
   in Nova.Monitoring.Common.IDataService.Login(String name)
   in Nova.Monitoring.Common.DataClientBaseNew.Login(String name)
2026-02-19 01:24:13,578 [1] ERROR -  >>  >> TraceInfo >> 0 >>  >> LCTServerMessageProxy >>?????????:,3.1.1
2026-02-19 01:24:14,161 [5] ERROR -  >>  >> OnEquipmentChangeEvent >> 0 >> ?????????
2026-02-19 01:24:14,167 [1] ERROR -  >>  >> ChangeDeviceList >> 0 >> equipmentTable.count:0
2026-02-19 01:24:14,177 [5] ERROR -  >>  >> OnEquipmentChangeEvent >> 0 >> ????,???0!!!
2026-02-19 01:24:14,196 [5] ERROR -  >>  >> TraceInfo >> 0 >>  >> LCTServerMessageProxy >>OnHandshakeServerPrivderCallback: ???0,???1115814
2026-02-19 01:24:18,702 [1] ERROR -  >>  >> TraceInfo >> 0 >>  >> LCTServerMessageProxy >>?????????:COM3,
2026-02-19 01:24:18,707 [1] ERROR -  >>  >> TraceInfo >> 0 >>  >> LCTServerMessageProxy >>?????????:
2026-02-19 01:24:18,708 [1] ERROR -  >>  >> OnCompleteConnectAllController >> 0 >> ??????????
2026-02-19 01:24:18,709 [1] ERROR -  >>  >> ChangeDeviceList >> 0 >> equipmentTable.count:0
2026-02-19 01:24:18,716 [1] ERROR -  >>  >> OnDeviceChangeEvent >> 0 >> ????:??????, ????:0 
2026-02-19 01:24:18,726 [1] ERROR -  >>  >> TraceInfo >> 0 >>  >> LCTServerMessageProxy >>?????????:
2026-02-19 01:24:18,728 [1] ERROR -  >>  >> OnEquipmentChangeEvent >> 0 >> ?????????
2026-02-19 01:24:18,729 [1] ERROR -  >>  >> ChangeDeviceList >> 0 >> equipmentTable.count:0
2026-02-19 01:24:18,734 [1] ERROR -  >>  >> OnEquipmentChangeEvent >> 0 >> ????,???0!!!
2026-02-19 01:24:24,198 [23] ERROR -  >>  >> TraceInfo >> 0 >>  >> LCTServerMessageProxy >>OnHandshakeServerPrivderCallback: ???1115814,???1115814
2026-02-19 01:24:25,641 [23] ERROR -  >>  >> GetHttpResponse >> 0 >> System.UriFormatException: URI non valido: impossibile determinare il formato dell'URI.
   in System.Uri.CreateThis(String uri, Boolean dontEscape, UriKind uriKind)
   in System.Uri..ctor(String uriString)
   in System.Net.WebRequest.Create(String requestUriString)
   in Nova.LCT.GigabitSystem.CloudServerManager.HttpClientbase.GetHttpResponse(String url)
2026-02-19 01:24:25,642 [23] ERROR -  >>  >> GetHttpResponse >> 0 >> System.UriFormatException: URI non valido: impossibile determinare il formato dell'URI.
   in System.Uri.CreateThis(String uri, Boolean dontEscape, UriKind uriKind)
   in System.Uri..ctor(String uriString)
   in System.Net.WebRequest.Create(String requestUriString)
   in Nova.LCT.GigabitSystem.CloudServerManager.HttpClientbase.GetHttpResponse(String url)
2026-02-19 01:24:25,643 [23] ERROR -  >>  >> GetHttpResponse >> 0 >> System.UriFormatException: URI non valido: impossibile determinare il formato dell'URI.
   in System.Uri.CreateThis(String uri, Boolean dontEscape, UriKind uriKind)
   in System.Uri..ctor(String uriString)
   in System.Net.WebRequest.Create(String requestUriString)
   in Nova.LCT.GigabitSystem.CloudServerManager.HttpClientbase.GetHttpResponse(String url)
2026-02-19 01:24:25,848 [8] ERROR -  >>  >> <ReturnNodeIndex>b__0 >> 0 >> System.Net.WebException: Connessione sottostante chiusa: Errore imprevisto durante un'operazione di ricezione.. ---> System.ComponentModel.Win32Exception: Client e server non possono comunicare perché non dispongono di un algoritmo comune
   in System.Net.SSPIWrapper.AcquireCredentialsHandle(SSPIInterface SecModule, String package, CredentialUse intent, SecureCredential scc)
   in System.Net.Security.SecureChannel.AcquireCredentialsHandle(CredentialUse credUsage, SecureCredential& secureCredential)
   in System.Net.Security.SecureChannel.AcquireCredentialsHandle(CredentialUse credUsage, X509Certificate2 selectedCert, Flags flags)
   in System.Net.Security.SecureChannel.AcquireClientCredentials(Byte[]& thumbPrint)
   in System.Net.Security.SecureChannel.GenerateToken(Byte[] input, Int32 offset, Int32 count, Byte[]& output)
   in System.Net.Security.SecureChannel.NextMessage(Byte[] incoming, Int32 offset, Int32 count)
   in System.Net.Security.SslState.StartSendBlob(Byte[] incoming, Int32 count, AsyncProtocolRequest asyncRequest, Boolean renegotiation)
   in System.Net.Security.SslState.ForceAuthentication(Boolean receiveFirst, Byte[] buffer, AsyncProtocolRequest asyncRequest, Boolean renegotiation)
   in System.Net.Security.SslState.ProcessAuthentication(LazyAsyncResult lazyResult)
   in System.Net.TlsStream.CallProcessAuthentication(Object state)
   in System.Threading.ExecutionContext.RunInternal(ExecutionContext executionContext, ContextCallback callback, Object state, Boolean preserveSyncCtx)
   in System.Threading.ExecutionContext.Run(ExecutionContext executionContext, ContextCallback callback, Object state, Boolean preserveSyncCtx)
   in System.Threading.ExecutionContext.Run(ExecutionContext executionContext, ContextCallback callback, Object state)
   in System.Net.TlsStream.ProcessAuthentication(LazyAsyncResult result)
   in System.Net.TlsStream.Write(Byte[] buffer, Int32 offset, Int32 size)
   in System.Net.PooledStream.Write(Byte[] buffer, Int32 offset, Int32 size)
   in System.Net.ConnectStream.WriteHeaders(Boolean async)
   --- Fine della traccia dello stack dell'eccezione interna ---
   in System.Net.WebClient.DownloadDataInternal(Uri address, WebRequest& request)
   in System.Net.WebClient.DownloadString(Uri address)
   in System.Net.WebClient.DownloadString(String address)
   in Nova.LCT.GigabitSystem.CloudServerManager.BackupRestoreHttpClient.<>c__DisplayClass24_0.<ReturnNodeIndex>b__0()
2026-02-19 01:24:31,097 [6] ERROR -  >>  >> <UploadBakFile>b__0 >> 0 >> ?LCT????????????? -- Sleep Finished
2026-02-19 01:24:34,202 [23] ERROR -  >>  >> TraceInfo >> 0 >>  >> LCTServerMessageProxy >>OnHandshakeServerPrivderCallback: ???1115814,???1115814
2026-02-19 01:24:44,207 [23] ERROR -  >>  >> TraceInfo >> 0 >>  >> LCTServerMessageProxy >>OnHandshakeServerPrivderCallback: ???1115814,???1115814
2026-02-19 01:24:49,048 [4] ERROR -  >>  >> GetHttpResponse >> 0 >> System.UriFormatException: URI non valido: impossibile determinare il formato dell'URI.
   in System.Uri.CreateThis(String uri, Boolean dontEscape, UriKind uriKind)
   in System.Uri..ctor(String uriString)
   in System.Net.WebRequest.Create(String requestUriString)
   in Nova.LCT.GigabitSystem.CloudServerManager.HttpClientbase.GetHttpResponse(String url)
2026-02-19 01:24:49,049 [4] ERROR -  >>  >> GetHttpResponse >> 0 >> System.UriFormatException: URI non valido: impossibile determinare il formato dell'URI.
   in System.Uri.CreateThis(String uri, Boolean dontEscape, UriKind uriKind)
   in System.Uri..ctor(String uriString)
   in System.Net.WebRequest.Create(String requestUriString)
   in Nova.LCT.GigabitSystem.CloudServerManager.HttpClientbase.GetHttpResponse(String url)
2026-02-19 01:24:49,050 [4] ERROR -  >>  >> GetHttpResponse >> 0 >> System.UriFormatException: URI non valido: impossibile determinare il formato dell'URI.
   in System.Uri.CreateThis(String uri, Boolean dontEscape, UriKind uriKind)
   in System.Uri..ctor(String uriString)
   in System.Net.WebRequest.Create(String requestUriString)
   in Nova.LCT.GigabitSystem.CloudServerManager.HttpClientbase.GetHttpResponse(String url)
2026-02-19 01:24:49,260 [8] ERROR -  >>  >> <ReturnNodeIndex>b__0 >> 0 >> System.Net.WebException: Connessione sottostante chiusa: Errore imprevisto durante un'operazione di ricezione.. ---> System.ComponentModel.Win32Exception: Client e server non possono comunicare perché non dispongono di un algoritmo comune
   in System.Net.SSPIWrapper.AcquireCredentialsHandle(SSPIInterface SecModule, String package, CredentialUse intent, SecureCredential scc)
   in System.Net.Security.SecureChannel.AcquireCredentialsHandle(CredentialUse credUsage, SecureCredential& secureCredential)
   in System.Net.Security.SecureChannel.AcquireCredentialsHandle(CredentialUse credUsage, X509Certificate2 selectedCert, Flags flags)
   in System.Net.Security.SecureChannel.AcquireClientCredentials(Byte[]& thumbPrint)
   in System.Net.Security.SecureChannel.GenerateToken(Byte[] input, Int32 offset, Int32 count, Byte[]& output)
   in System.Net.Security.SecureChannel.NextMessage(Byte[] incoming, Int32 offset, Int32 count)
   in System.Net.Security.SslState.StartSendBlob(Byte[] incoming, Int32 count, AsyncProtocolRequest asyncRequest, Boolean renegotiation)
   in System.Net.Security.SslState.ForceAuthentication(Boolean receiveFirst, Byte[] buffer, AsyncProtocolRequest asyncRequest, Boolean renegotiation)
   in System.Net.Security.SslState.ProcessAuthentication(LazyAsyncResult lazyResult)
   in System.Net.TlsStream.CallProcessAuthentication(Object state)
   in System.Threading.ExecutionContext.RunInternal(ExecutionContext executionContext, ContextCallback callback, Object state, Boolean preserveSyncCtx)
   in System.Threading.ExecutionContext.Run(ExecutionContext executionContext, ContextCallback callback, Object state, Boolean preserveSyncCtx)
   in System.Threading.ExecutionContext.Run(ExecutionContext executionContext, ContextCallback callback, Object state)
   in System.Net.TlsStream.ProcessAuthentication(LazyAsyncResult result)
   in System.Net.TlsStream.Write(Byte[] buffer, Int32 offset, Int32 size)
   in System.Net.PooledStream.Write(Byte[] buffer, Int32 offset, Int32 size)
   in System.Net.ConnectStream.WriteHeaders(Boolean async)
   --- Fine della traccia dello stack dell'eccezione interna ---
   in System.Net.WebClient.DownloadDataInternal(Uri address, WebRequest& request)
   in System.Net.WebClient.DownloadString(Uri address)
   in System.Net.WebClient.DownloadString(String address)
   in Nova.LCT.GigabitSystem.CloudServerManager.BackupRestoreHttpClient.<>c__DisplayClass24_0.<ReturnNodeIndex>b__0()
2026-02-19 01:24:54,220 [23] ERROR -  >>  >> TraceInfo >> 0 >>  >> LCTServerMessageProxy >>OnHandshakeServerPrivderCallback: ???1115814,???1115814
2026-02-19 01:24:54,220 [1] ERROR -  >>  >> TraceInfo >> 0 >>  >> LCTServerMessageProxy >>?????????:COM3,
2026-02-19 01:24:54,228 [1] ERROR -  >>  >> TraceInfo >> 0 >>  >> LCTServerMessageProxy >>?????????:
2026-02-19 01:24:54,229 [1] ERROR -  >>  >> OnCompleteConnectAllController >> 0 >> ??????????
2026-02-19 01:24:54,230 [1] ERROR -  >>  >> ChangeDeviceList >> 0 >> equipmentTable.count:0
2026-02-19 01:24:54,236 [1] ERROR -  >>  >> OnDeviceChangeEvent >> 0 >> ????:??????, ????:0 
2026-02-19 01:25:04,234 [4] ERROR -  >>  >> TraceInfo >> 0 >>  >> LCTServerMessageProxy >>OnHandshakeServerPrivderCallback: ???1115814,???1115814
2026-02-19 01:25:14,259 [6] ERROR -  >>  >> TraceInfo >> 0 >>  >> LCTServerMessageProxy >>OnHandshakeServerPrivderCallback: ???1115814,???1115814
2026-02-19 01:25:21,682 [6] ERROR -  >>  >> GetHttpResponse >> 0 >> System.UriFormatException: URI non valido: impossibile determinare il formato dell'URI.
   in System.Uri.CreateThis(String uri, Boolean dontEscape, UriKind uriKind)
   in System.Uri..ctor(String uriString)
   in System.Net.WebRequest.Create(String requestUriString)
   in Nova.LCT.GigabitSystem.CloudServerManager.HttpClientbase.GetHttpResponse(String url)
2026-02-19 01:25:21,683 [6] ERROR -  >>  >> GetHttpResponse >> 0 >> System.UriFormatException: URI non valido: impossibile determinare il formato dell'URI.
   in System.Uri.CreateThis(String uri, Boolean dontEscape, UriKind uriKind)
   in System.Uri..ctor(String uriString)
   in System.Net.WebRequest.Create(String requestUriString)
   in Nova.LCT.GigabitSystem.CloudServerManager.HttpClientbase.GetHttpResponse(String url)
2026-02-19 01:25:21,684 [6] ERROR -  >>  >> GetHttpResponse >> 0 >> System.UriFormatException: URI non valido: impossibile determinare il formato dell'URI.
   in System.Uri.CreateThis(String uri, Boolean dontEscape, UriKind uriKind)
   in System.Uri..ctor(String uriString)
   in System.Net.WebRequest.Create(String requestUriString)
   in Nova.LCT.GigabitSystem.CloudServerManager.HttpClientbase.GetHttpResponse(String url)
2026-02-19 01:25:21,831 [23] ERROR -  >>  >> <ReturnNodeIndex>b__0 >> 0 >> System.Net.WebException: Connessione sottostante chiusa: Errore imprevisto durante un'operazione di ricezione.. ---> System.ComponentModel.Win32Exception: Client e server non possono comunicare perché non dispongono di un algoritmo comune
   in System.Net.SSPIWrapper.AcquireCredentialsHandle(SSPIInterface SecModule, String package, CredentialUse intent, SecureCredential scc)
   in System.Net.Security.SecureChannel.AcquireCredentialsHandle(CredentialUse credUsage, SecureCredential& secureCredential)
   in System.Net.Security.SecureChannel.AcquireCredentialsHandle(CredentialUse credUsage, X509Certificate2 selectedCert, Flags flags)
   in System.Net.Security.SecureChannel.AcquireClientCredentials(Byte[]& thumbPrint)
   in System.Net.Security.SecureChannel.GenerateToken(Byte[] input, Int32 offset, Int32 count, Byte[]& output)
   in System.Net.Security.SecureChannel.NextMessage(Byte[] incoming, Int32 offset, Int32 count)
   in System.Net.Security.SslState.StartSendBlob(Byte[] incoming, Int32 count, AsyncProtocolRequest asyncRequest, Boolean renegotiation)
   in System.Net.Security.SslState.ForceAuthentication(Boolean receiveFirst, Byte[] buffer, AsyncProtocolRequest asyncRequest, Boolean renegotiation)
   in System.Net.Security.SslState.ProcessAuthentication(LazyAsyncResult lazyResult)
   in System.Net.TlsStream.CallProcessAuthentication(Object state)
   in System.Threading.ExecutionContext.RunInternal(ExecutionContext executionContext, ContextCallback callback, Object state, Boolean preserveSyncCtx)
   in System.Threading.ExecutionContext.Run(ExecutionContext executionContext, ContextCallback callback, Object state, Boolean preserveSyncCtx)
   in System.Threading.ExecutionContext.Run(ExecutionContext executionContext, ContextCallback callback, Object state)
   in System.Net.TlsStream.ProcessAuthentication(LazyAsyncResult result)
   in System.Net.TlsStream.Write(Byte[] buffer, Int32 offset, Int32 size)
   in System.Net.PooledStream.Write(Byte[] buffer, Int32 offset, Int32 size)
   in System.Net.ConnectStream.WriteHeaders(Boolean async)
   --- Fine della traccia dello stack dell'eccezione interna ---
   in System.Net.WebClient.DownloadDataInternal(Uri address, WebRequest& request)
   in System.Net.WebClient.DownloadString(Uri address)
   in System.Net.WebClient.DownloadString(String address)
   in Nova.LCT.GigabitSystem.CloudServerManager.BackupRestoreHttpClient.<>c__DisplayClass24_0.<ReturnNodeIndex>b__0()
2026-02-19 01:25:24,263 [11] ERROR -  >>  >> TraceInfo >> 0 >>  >> LCTServerMessageProxy >>OnHandshakeServerPrivderCallback: ???1115814,???1115814
2026-02-19 01:25:29,746 [1] ERROR -  >>  >> TraceInfo >> 0 >>  >> LCTServerMessageProxy >>?????????:COM3,
2026-02-19 01:25:29,754 [1] ERROR -  >>  >> TraceInfo >> 0 >>  >> LCTServerMessageProxy >>?????????:
2026-02-19 01:25:29,755 [1] ERROR -  >>  >> OnCompleteConnectAllController >> 0 >> ??????????
2026-02-19 01:25:29,756 [1] ERROR -  >>  >> ChangeDeviceList >> 0 >> equipmentTable.count:0
2026-02-19 01:25:29,762 [1] ERROR -  >>  >> OnDeviceChangeEvent >> 0 >> ????:??????, ????:0 
2026-02-19 01:25:34,272 [4] ERROR -  >>  >> TraceInfo >> 0 >>  >> LCTServerMessageProxy >>OnHandshakeServerPrivderCallback: ???1115814,???1115814
2026-02-19 01:25:44,280 [23] ERROR -  >>  >> TraceInfo >> 0 >>  >> LCTServerMessageProxy >>OnHandshakeServerPrivderCallback: ???1115814,???1115814
2026-02-19 01:25:51,362 [11] ERROR -  >>  >> Hello >> 0 >> Hello Error:System.ServiceModel.CommunicationException: Errore durante la scrittura sulla pipe: È in corso la chiusura della pipe. (232, 0xe8). ---> System.IO.PipeException: Errore durante la scrittura sulla pipe: È in corso la chiusura della pipe. (232, 0xe8).
   in System.ServiceModel.Channels.PipeConnection.StartSyncWrite(Byte[] buffer, Int32 offset, Int32 size, Object& holder)
   in System.ServiceModel.Channels.PipeConnection.StartSyncWrite(Byte[] buffer, Int32 offset, Int32 size)
   in System.ServiceModel.Channels.PipeConnection.Write(Byte[] buffer, Int32 offset, Int32 size, Boolean immediate, TimeSpan timeout, BufferManager bufferManager)
   --- Fine della traccia dello stack dell'eccezione interna ---

Server stack trace: 
   in System.ServiceModel.Channels.PipeConnection.Write(Byte[] buffer, Int32 offset, Int32 size, Boolean immediate, TimeSpan timeout, BufferManager bufferManager)
   in System.ServiceModel.Channels.BufferedConnection.WriteNow(Byte[] buffer, Int32 offset, Int32 size, TimeSpan timeout, BufferManager bufferManager)
   in System.ServiceModel.Channels.BufferedConnection.Write(Byte[] buffer, Int32 offset, Int32 size, Boolean immediate, TimeSpan timeout, BufferManager bufferManager)
   in System.ServiceModel.Channels.FramingDuplexSessionChannel.OnSendCore(Message message, TimeSpan timeout)
   in System.ServiceModel.Channels.TransportDuplexSessionChannel.OnSend(Message message, TimeSpan timeout)
   in System.ServiceModel.Channels.OutputChannel.Send(Message message, TimeSpan timeout)
   in System.ServiceModel.Dispatcher.DuplexChannelBinder.Request(Message message, TimeSpan timeout)
   in System.ServiceModel.Channels.ServiceChannel.Call(String action, Boolean oneway, ProxyOperationRuntime operation, Object[] ins, Object[] outs, TimeSpan timeout)
   in System.ServiceModel.Channels.ServiceChannelProxy.InvokeService(IMethodCallMessage methodCall, ProxyOperationRuntime operation)
   in System.ServiceModel.Channels.ServiceChannelProxy.Invoke(IMessage message)

Exception rethrown at [0]: 
   in System.Runtime.Remoting.Proxies.RealProxy.HandleReturnMessage(IMessage reqMsg, IMessage retMsg)
   in System.Runtime.Remoting.Proxies.RealProxy.PrivateInvoke(MessageData& msgData, Int32 type)
   in Nova.Monitoring.Common.IDataService.Hello()
   in Nova.Monitoring.Common.DataClientBaseNew.Hello()
2026-02-19 01:25:51,366 [11] ERROR -  >>  >> Login >> 0 >> Lijin Login Error:System.ServiceModel.EndpointNotFoundException: Nessun endpoint in ascolto su net.pipe://localhost/novadata/IDataService in grado di accettare il messaggio. Ciò è spesso causato da un'azione SOAP o un indirizzo non corretto. Per ulteriori dettagli, vedere InnerException, se presente. ---> System.IO.PipeException: Impossibile trovare l'endpoint di pipe 'net.pipe://localhost/novadata/IDataService' nel computer locale. 
   --- Fine della traccia dello stack dell'eccezione interna ---

Server stack trace: 
   in System.ServiceModel.Channels.PipeConnectionInitiator.GetPipeName(Uri uri, IPipeTransportFactorySettings transportFactorySettings)
   in System.ServiceModel.Channels.PipeConnectionInitiator.PrepareConnect(Uri remoteUri, TimeSpan timeout, String& resolvedAddress, BackoffTimeoutHelper& backoffHelper)
   in System.ServiceModel.Channels.PipeConnectionInitiator.Connect(Uri remoteUri, TimeSpan timeout)
   in System.ServiceModel.Channels.BufferedConnectionInitiator.Connect(Uri uri, TimeSpan timeout)
   in System.ServiceModel.Channels.ConnectionPoolHelper.EstablishConnection(TimeSpan timeout)
   in System.ServiceModel.Channels.ClientFramingDuplexSessionChannel.OnOpen(TimeSpan timeout)
   in System.ServiceModel.Channels.CommunicationObject.Open(TimeSpan timeout)
   in System.ServiceModel.Channels.ServiceChannel.OnOpen(TimeSpan timeout)
   in System.ServiceModel.Channels.CommunicationObject.Open(TimeSpan timeout)
   in System.ServiceModel.Channels.ServiceChannel.CallOpenOnce.System.ServiceModel.Channels.ServiceChannel.ICallOnce.Call(ServiceChannel channel, TimeSpan timeout)
   in System.ServiceModel.Channels.ServiceChannel.CallOnceManager.CallOnce(TimeSpan timeout, CallOnceManager cascade)
   in System.ServiceModel.Channels.ServiceChannel.Call(String action, Boolean oneway, ProxyOperationRuntime operation, Object[] ins, Object[] outs, TimeSpan timeout)
   in System.ServiceModel.Channels.ServiceChannelProxy.InvokeService(IMethodCallMessage methodCall, ProxyOperationRuntime operation)
   in System.ServiceModel.Channels.ServiceChannelProxy.Invoke(IMessage message)

Exception rethrown at [0]: 
   in System.Runtime.Remoting.Proxies.RealProxy.HandleReturnMessage(IMessage reqMsg, IMessage retMsg)
   in System.Runtime.Remoting.Proxies.RealProxy.PrivateInvoke(MessageData& msgData, Int32 type)
   in Nova.Monitoring.Common.IDataService.Login(String name)
   in Nova.Monitoring.Common.DataClientBaseNew.Login(String name)
2026-02-19 01:25:54,289 [11] ERROR -  >>  >> TraceInfo >> 0 >>  >> LCTServerMessageProxy >>OnHandshakeServerPrivderCallback: ???1115814,???0
2026-02-19 01:25:54,293 [11] ERROR -  >>  >> TraceInfo >> 0 >>  >> LCTServerMessageProxy >>????????,????????1,????????:1
2026-02-19 01:25:54,369 [8] ERROR -  >>  >> Hello >> 0 >> Hello Error:System.ServiceModel.CommunicationObjectFaultedException: Impossibile utilizzare l'oggetto di comunicazione, System.ServiceModel.Channels.ServiceChannel, per la comunicazione perché è nello stato Faulted.

Server stack trace: 
   in System.ServiceModel.Channels.CommunicationObject.ThrowIfDisposedOrNotOpen()
   in System.ServiceModel.Channels.ServiceChannel.Call(String action, Boolean oneway, ProxyOperationRuntime operation, Object[] ins, Object[] outs, TimeSpan timeout)
   in System.ServiceModel.Channels.ServiceChannelProxy.InvokeService(IMethodCallMessage methodCall, ProxyOperationRuntime operation)
   in System.ServiceModel.Channels.ServiceChannelProxy.Invoke(IMessage message)

Exception rethrown at [0]: 
   in System.Runtime.Remoting.Proxies.RealProxy.HandleReturnMessage(IMessage reqMsg, IMessage retMsg)
   in System.Runtime.Remoting.Proxies.RealProxy.PrivateInvoke(MessageData& msgData, Int32 type)
   in Nova.Monitoring.Common.IDataService.Hello()
   in Nova.Monitoring.Common.DataClientBaseNew.Hello()
2026-02-19 01:25:54,372 [8] ERROR -  >>  >> Login >> 0 >> Lijin Login Error:System.ServiceModel.EndpointNotFoundException: Nessun endpoint in ascolto su net.pipe://localhost/novadata/IDataService in grado di accettare il messaggio. Ciò è spesso causato da un'azione SOAP o un indirizzo non corretto. Per ulteriori dettagli, vedere InnerException, se presente. ---> System.IO.PipeException: Impossibile trovare l'endpoint di pipe 'net.pipe://localhost/novadata/IDataService' nel computer locale. 
   --- Fine della traccia dello stack dell'eccezione interna ---

Server stack trace: 
   in System.ServiceModel.Channels.PipeConnectionInitiator.GetPipeName(Uri uri, IPipeTransportFactorySettings transportFactorySettings)
   in System.ServiceModel.Channels.PipeConnectionInitiator.PrepareConnect(Uri remoteUri, TimeSpan timeout, String& resolvedAddress, BackoffTimeoutHelper& backoffHelper)
   in System.ServiceModel.Channels.PipeConnectionInitiator.Connect(Uri remoteUri, TimeSpan timeout)
   in System.ServiceModel.Channels.BufferedConnectionInitiator.Connect(Uri uri, TimeSpan timeout)
   in System.ServiceModel.Channels.ConnectionPoolHelper.EstablishConnection(TimeSpan timeout)
   in System.ServiceModel.Channels.ClientFramingDuplexSessionChannel.OnOpen(TimeSpan timeout)
   in System.ServiceModel.Channels.CommunicationObject.Open(TimeSpan timeout)
   in System.ServiceModel.Channels.ServiceChannel.OnOpen(TimeSpan timeout)
   in System.ServiceModel.Channels.CommunicationObject.Open(TimeSpan timeout)
   in System.ServiceModel.Channels.ServiceChannel.CallOpenOnce.System.ServiceModel.Channels.ServiceChannel.ICallOnce.Call(ServiceChannel channel, TimeSpan timeout)
   in System.ServiceModel.Channels.ServiceChannel.CallOnceManager.CallOnce(TimeSpan timeout, CallOnceManager cascade)
   in System.ServiceModel.Channels.ServiceChannel.Call(String action, Boolean oneway, ProxyOperationRuntime operation, Object[] ins, Object[] outs, TimeSpan timeout)
   in System.ServiceModel.Channels.ServiceChannelProxy.InvokeService(IMethodCallMessage methodCall, ProxyOperationRuntime operation)
   in System.ServiceModel.Channels.ServiceChannelProxy.Invoke(IMessage message)

Exception rethrown at [0]: 
   in System.Runtime.Remoting.Proxies.RealProxy.HandleReturnMessage(IMessage reqMsg, IMessage retMsg)
   in System.Runtime.Remoting.Proxies.RealProxy.PrivateInvoke(MessageData& msgData, Int32 type)
   in Nova.Monitoring.Common.IDataService.Login(String name)
   in Nova.Monitoring.Common.DataClientBaseNew.Login(String name)
2026-02-19 01:25:57,383 [4] ERROR -  >>  >> Hello >> 0 >> Hello Error:System.ServiceModel.CommunicationObjectFaultedException: Impossibile utilizzare l'oggetto di comunicazione, System.ServiceModel.Channels.ServiceChannel, per la comunicazione perché è nello stato Faulted.

Server stack trace: 
   in System.ServiceModel.Channels.CommunicationObject.ThrowIfDisposedOrNotOpen()
   in System.ServiceModel.Channels.ServiceChannel.Call(String action, Boolean oneway, ProxyOperationRuntime operation, Object[] ins, Object[] outs, TimeSpan timeout)
   in System.ServiceModel.Channels.ServiceChannelProxy.InvokeService(IMethodCallMessage methodCall, ProxyOperationRuntime operation)
   in System.ServiceModel.Channels.ServiceChannelProxy.Invoke(IMessage message)

Exception rethrown at [0]: 
   in System.Runtime.Remoting.Proxies.RealProxy.HandleReturnMessage(IMessage reqMsg, IMessage retMsg)
   in System.Runtime.Remoting.Proxies.RealProxy.PrivateInvoke(MessageData& msgData, Int32 type)
   in Nova.Monitoring.Common.IDataService.Hello()
   in Nova.Monitoring.Common.DataClientBaseNew.Hello()
2026-02-19 01:25:57,387 [4] ERROR -  >>  >> Login >> 0 >> Lijin Login Error:System.ServiceModel.EndpointNotFoundException: Nessun endpoint in ascolto su net.pipe://localhost/novadata/IDataService in grado di accettare il messaggio. Ciò è spesso causato da un'azione SOAP o un indirizzo non corretto. Per ulteriori dettagli, vedere InnerException, se presente. ---> System.IO.PipeException: Impossibile trovare l'endpoint di pipe 'net.pipe://localhost/novadata/IDataService' nel computer locale. 
   --- Fine della traccia dello stack dell'eccezione interna ---

Server stack trace: 
   in System.ServiceModel.Channels.PipeConnectionInitiator.GetPipeName(Uri uri, IPipeTransportFactorySettings transportFactorySettings)
   in System.ServiceModel.Channels.PipeConnectionInitiator.PrepareConnect(Uri remoteUri, TimeSpan timeout, String& resolvedAddress, BackoffTimeoutHelper& backoffHelper)
   in System.ServiceModel.Channels.PipeConnectionInitiator.Connect(Uri remoteUri, TimeSpan timeout)
   in System.ServiceModel.Channels.BufferedConnectionInitiator.Connect(Uri uri, TimeSpan timeout)
   in System.ServiceModel.Channels.ConnectionPoolHelper.EstablishConnection(TimeSpan timeout)
   in System.ServiceModel.Channels.ClientFramingDuplexSessionChannel.OnOpen(TimeSpan timeout)
   in System.ServiceModel.Channels.CommunicationObject.Open(TimeSpan timeout)
   in System.ServiceModel.Channels.ServiceChannel.OnOpen(TimeSpan timeout)
   in System.ServiceModel.Channels.CommunicationObject.Open(TimeSpan timeout)
   in System.ServiceModel.Channels.ServiceChannel.CallOpenOnce.System.ServiceModel.Channels.ServiceChannel.ICallOnce.Call(ServiceChannel channel, TimeSpan timeout)
   in System.ServiceModel.Channels.ServiceChannel.CallOnceManager.CallOnce(TimeSpan timeout, CallOnceManager cascade)
   in System.ServiceModel.Channels.ServiceChannel.Call(String action, Boolean oneway, ProxyOperationRuntime operation, Object[] ins, Object[] outs, TimeSpan timeout)
   in System.ServiceModel.Channels.ServiceChannelProxy.InvokeService(IMethodCallMessage methodCall, ProxyOperationRuntime operation)
   in System.ServiceModel.Channels.ServiceChannelProxy.Invoke(IMessage message)

Exception rethrown at [0]: 
   in System.Runtime.Remoting.Proxies.RealProxy.HandleReturnMessage(IMessage reqMsg, IMessage retMsg)
   in System.Runtime.Remoting.Proxies.RealProxy.PrivateInvoke(MessageData& msgData, Int32 type)
   in Nova.Monitoring.Common.IDataService.Login(String name)
   in Nova.Monitoring.Common.DataClientBaseNew.Login(String name)
2026-02-19 01:32:23,816 [12] ERROR -  >>  >> Login >> 0 >> Lijin Login Error:System.ServiceModel.EndpointNotFoundException: Nessun endpoint in ascolto su net.pipe://localhost/novadata/IDataService in grado di accettare il messaggio. Ciò è spesso causato da un'azione SOAP o un indirizzo non corretto. Per ulteriori dettagli, vedere InnerException, se presente. ---> System.IO.PipeException: Impossibile trovare l'endpoint di pipe 'net.pipe://localhost/novadata/IDataService' nel computer locale. 
   --- Fine della traccia dello stack dell'eccezione interna ---

Server stack trace: 
   in System.ServiceModel.Channels.PipeConnectionInitiator.GetPipeName(Uri uri, IPipeTransportFactorySettings transportFactorySettings)
   in System.ServiceModel.Channels.NamedPipeConnectionPoolRegistry.NamedPipeConnectionPool.GetPoolKey(EndpointAddress address, Uri via)
   in System.ServiceModel.Channels.CommunicationPool`2.TakeConnection(EndpointAddress address, Uri via, TimeSpan timeout, TKey& key)
   in System.ServiceModel.Channels.ConnectionPoolHelper.EstablishConnection(TimeSpan timeout)
   in System.ServiceModel.Channels.ClientFramingDuplexSessionChannel.OnOpen(TimeSpan timeout)
   in System.ServiceModel.Channels.CommunicationObject.Open(TimeSpan timeout)
   in System.ServiceModel.Channels.ServiceChannel.OnOpen(TimeSpan timeout)
   in System.ServiceModel.Channels.CommunicationObject.Open(TimeSpan timeout)
   in System.ServiceModel.Channels.ServiceChannel.CallOpenOnce.System.ServiceModel.Channels.ServiceChannel.ICallOnce.Call(ServiceChannel channel, TimeSpan timeout)
   in System.ServiceModel.Channels.ServiceChannel.CallOnceManager.CallOnce(TimeSpan timeout, CallOnceManager cascade)
   in System.ServiceModel.Channels.ServiceChannel.Call(String action, Boolean oneway, ProxyOperationRuntime operation, Object[] ins, Object[] outs, TimeSpan timeout)
   in System.ServiceModel.Channels.ServiceChannelProxy.InvokeService(IMethodCallMessage methodCall, ProxyOperationRuntime operation)
   in System.ServiceModel.Channels.ServiceChannelProxy.Invoke(IMessage message)

Exception rethrown at [0]: 
   in System.Runtime.Remoting.Proxies.RealProxy.HandleReturnMessage(IMessage reqMsg, IMessage retMsg)
   in System.Runtime.Remoting.Proxies.RealProxy.PrivateInvoke(MessageData& msgData, Int32 type)
   in Nova.Monitoring.Common.IDataService.Login(String name)
   in Nova.Monitoring.Common.DataClientBaseNew.Login(String name)
2026-02-19 01:32:23,837 [12] ERROR -  >>  >> Hello >> 0 >> Hello Error:System.ServiceModel.CommunicationObjectFaultedException: Impossibile utilizzare l'oggetto di comunicazione, System.ServiceModel.Channels.ServiceChannel, per la comunicazione perché è nello stato Faulted.

Server stack trace: 
   in System.ServiceModel.Channels.CommunicationObject.ThrowIfDisposedOrNotOpen()
   in System.ServiceModel.Channels.ServiceChannel.Call(String action, Boolean oneway, ProxyOperationRuntime operation, Object[] ins, Object[] outs, TimeSpan timeout)
   in System.ServiceModel.Channels.ServiceChannelProxy.InvokeService(IMethodCallMessage methodCall, ProxyOperationRuntime operation)
   in System.ServiceModel.Channels.ServiceChannelProxy.Invoke(IMessage message)

Exception rethrown at [0]: 
   in System.Runtime.Remoting.Proxies.RealProxy.HandleReturnMessage(IMessage reqMsg, IMessage retMsg)
   in System.Runtime.Remoting.Proxies.RealProxy.PrivateInvoke(MessageData& msgData, Int32 type)
   in Nova.Monitoring.Common.IDataService.Hello()
   in Nova.Monitoring.Common.DataClientBaseNew.Hello()
2026-02-19 01:32:23,846 [12] ERROR -  >>  >> Login >> 0 >> Lijin Login Error:System.ServiceModel.EndpointNotFoundException: Nessun endpoint in ascolto su net.pipe://localhost/novadata/IDataService in grado di accettare il messaggio. Ciò è spesso causato da un'azione SOAP o un indirizzo non corretto. Per ulteriori dettagli, vedere InnerException, se presente. ---> System.IO.PipeException: Impossibile trovare l'endpoint di pipe 'net.pipe://localhost/novadata/IDataService' nel computer locale. 
   --- Fine della traccia dello stack dell'eccezione interna ---

Server stack trace: 
   in System.ServiceModel.Channels.PipeConnectionInitiator.GetPipeName(Uri uri, IPipeTransportFactorySettings transportFactorySettings)
   in System.ServiceModel.Channels.NamedPipeConnectionPoolRegistry.NamedPipeConnectionPool.GetPoolKey(EndpointAddress address, Uri via)
   in System.ServiceModel.Channels.CommunicationPool`2.TakeConnection(EndpointAddress address, Uri via, TimeSpan timeout, TKey& key)
   in System.ServiceModel.Channels.ConnectionPoolHelper.EstablishConnection(TimeSpan timeout)
   in System.ServiceModel.Channels.ClientFramingDuplexSessionChannel.OnOpen(TimeSpan timeout)
   in System.ServiceModel.Channels.CommunicationObject.Open(TimeSpan timeout)
   in System.ServiceModel.Channels.ServiceChannel.OnOpen(TimeSpan timeout)
   in System.ServiceModel.Channels.CommunicationObject.Open(TimeSpan timeout)
   in System.ServiceModel.Channels.ServiceChannel.CallOpenOnce.System.ServiceModel.Channels.ServiceChannel.ICallOnce.Call(ServiceChannel channel, TimeSpan timeout)
   in System.ServiceModel.Channels.ServiceChannel.CallOnceManager.CallOnce(TimeSpan timeout, CallOnceManager cascade)
   in System.ServiceModel.Channels.ServiceChannel.Call(String action, Boolean oneway, ProxyOperationRuntime operation, Object[] ins, Object[] outs, TimeSpan timeout)
   in System.ServiceModel.Channels.ServiceChannelProxy.InvokeService(IMethodCallMessage methodCall, ProxyOperationRuntime operation)
   in System.ServiceModel.Channels.ServiceChannelProxy.Invoke(IMessage message)

Exception rethrown at [0]: 
   in System.Runtime.Remoting.Proxies.RealProxy.HandleReturnMessage(IMessage reqMsg, IMessage retMsg)
   in System.Runtime.Remoting.Proxies.RealProxy.PrivateInvoke(MessageData& msgData, Int32 type)
   in Nova.Monitoring.Common.IDataService.Login(String name)
   in Nova.Monitoring.Common.DataClientBaseNew.Login(String name)
2026-02-19 01:32:24,707 [12] ERROR -  >>  >> ExecuteCommand >> 0 >> System.ServiceModel.CommunicationObjectFaultedException: Impossibile utilizzare l'oggetto di comunicazione, System.ServiceModel.Channels.ServiceChannel, per la comunicazione perché è nello stato Faulted.

Server stack trace: 
   in System.ServiceModel.Channels.CommunicationObject.ThrowIfDisposedOrNotOpen()
   in System.ServiceModel.Channels.ServiceChannel.Call(String action, Boolean oneway, ProxyOperationRuntime operation, Object[] ins, Object[] outs, TimeSpan timeout)
   in System.ServiceModel.Channels.ServiceChannelProxy.InvokeService(IMethodCallMessage methodCall, ProxyOperationRuntime operation)
   in System.ServiceModel.Channels.ServiceChannelProxy.Invoke(IMessage message)

Exception rethrown at [0]: 
   in System.Runtime.Remoting.Proxies.RealProxy.HandleReturnMessage(IMessage reqMsg, IMessage retMsg)
   in System.Runtime.Remoting.Proxies.RealProxy.PrivateInvoke(MessageData& msgData, Int32 type)
   in Nova.Monitoring.Common.IDataService.ExecuteCommand(Int32 code, String data)
   in Nova.LCT.GigabitSystem.MonitorClientManager.MonitorClient.ExecuteCommand(Int32 code, String data, Boolean catchError)
2026-02-19 01:32:24,853 [12] ERROR -  >>  >> Hello >> 0 >> Hello Error:System.ServiceModel.CommunicationObjectFaultedException: Impossibile utilizzare l'oggetto di comunicazione, System.ServiceModel.Channels.ServiceChannel, per la comunicazione perché è nello stato Faulted.

Server stack trace: 
   in System.ServiceModel.Channels.CommunicationObject.ThrowIfDisposedOrNotOpen()
   in System.ServiceModel.Channels.ServiceChannel.Call(String action, Boolean oneway, ProxyOperationRuntime operation, Object[] ins, Object[] outs, TimeSpan timeout)
   in System.ServiceModel.Channels.ServiceChannelProxy.InvokeService(IMethodCallMessage methodCall, ProxyOperationRuntime operation)
   in System.ServiceModel.Channels.ServiceChannelProxy.Invoke(IMessage message)

Exception rethrown at [0]: 
   in System.Runtime.Remoting.Proxies.RealProxy.HandleReturnMessage(IMessage reqMsg, IMessage retMsg)
   in System.Runtime.Remoting.Proxies.RealProxy.PrivateInvoke(MessageData& msgData, Int32 type)
   in Nova.Monitoring.Common.IDataService.Hello()
   in Nova.Monitoring.Common.DataClientBaseNew.Hello()
2026-02-19 01:32:24,858 [12] ERROR -  >>  >> Login >> 0 >> Lijin Login Error:System.ServiceModel.EndpointNotFoundException: Nessun endpoint in ascolto su net.pipe://localhost/novadata/IDataService in grado di accettare il messaggio. Ciò è spesso causato da un'azione SOAP o un indirizzo non corretto. Per ulteriori dettagli, vedere InnerException, se presente. ---> System.IO.PipeException: Impossibile trovare l'endpoint di pipe 'net.pipe://localhost/novadata/IDataService' nel computer locale. 
   --- Fine della traccia dello stack dell'eccezione interna ---

Server stack trace: 
   in System.ServiceModel.Channels.PipeConnectionInitiator.GetPipeName(Uri uri, IPipeTransportFactorySettings transportFactorySettings)
   in System.ServiceModel.Channels.NamedPipeConnectionPoolRegistry.NamedPipeConnectionPool.GetPoolKey(EndpointAddress address, Uri via)
   in System.ServiceModel.Channels.CommunicationPool`2.TakeConnection(EndpointAddress address, Uri via, TimeSpan timeout, TKey& key)
   in System.ServiceModel.Channels.ConnectionPoolHelper.EstablishConnection(TimeSpan timeout)
   in System.ServiceModel.Channels.ClientFramingDuplexSessionChannel.OnOpen(TimeSpan timeout)
   in System.ServiceModel.Channels.CommunicationObject.Open(TimeSpan timeout)
   in System.ServiceModel.Channels.ServiceChannel.OnOpen(TimeSpan timeout)
   in System.ServiceModel.Channels.CommunicationObject.Open(TimeSpan timeout)
   in System.ServiceModel.Channels.ServiceChannel.CallOpenOnce.System.ServiceModel.Channels.ServiceChannel.ICallOnce.Call(ServiceChannel channel, TimeSpan timeout)
   in System.ServiceModel.Channels.ServiceChannel.CallOnceManager.CallOnce(TimeSpan timeout, CallOnceManager cascade)
   in System.ServiceModel.Channels.ServiceChannel.Call(String action, Boolean oneway, ProxyOperationRuntime operation, Object[] ins, Object[] outs, TimeSpan timeout)
   in System.ServiceModel.Channels.ServiceChannelProxy.InvokeService(IMethodCallMessage methodCall, ProxyOperationRuntime operation)
   in System.ServiceModel.Channels.ServiceChannelProxy.Invoke(IMessage message)

Exception rethrown at [0]: 
   in System.Runtime.Remoting.Proxies.RealProxy.HandleReturnMessage(IMessage reqMsg, IMessage retMsg)
   in System.Runtime.Remoting.Proxies.RealProxy.PrivateInvoke(MessageData& msgData, Int32 type)
   in Nova.Monitoring.Common.IDataService.Login(String name)
   in Nova.Monitoring.Common.DataClientBaseNew.Login(String name)
2026-02-19 01:32:25,941 [1] ERROR -  >>  >> TraceInfo >> 0 >>  >> LCTServerMessageProxy >>?????????:,3.1.1
2026-02-19 01:32:25,944 [19] ERROR -  >>  >> TraceInfo >> 0 >>  >> LCTServerMessageProxy >>OnHandshakeServerPrivderCallback: ???0,???788694
2026-02-19 01:32:26,518 [5] ERROR -  >>  >> OnEquipmentChangeEvent >> 0 >> ?????????
2026-02-19 01:32:26,525 [1] ERROR -  >>  >> ChangeDeviceList >> 0 >> equipmentTable.count:0
2026-02-19 01:32:26,541 [5] ERROR -  >>  >> OnEquipmentChangeEvent >> 0 >> ????,???0!!!
2026-02-19 01:32:31,002 [1] ERROR -  >>  >> TraceInfo >> 0 >>  >> LCTServerMessageProxy >>?????????:COM3,
2026-02-19 01:32:31,003 [1] ERROR -  >>  >> TraceInfo >> 0 >>  >> LCTServerMessageProxy >>?????????:
2026-02-19 01:32:31,004 [1] ERROR -  >>  >> OnCompleteConnectAllController >> 0 >> ??????????
2026-02-19 01:32:31,005 [1] ERROR -  >>  >> ChangeDeviceList >> 0 >> equipmentTable.count:0
2026-02-19 01:32:31,009 [1] ERROR -  >>  >> OnDeviceChangeEvent >> 0 >> ????:??????, ????:0 
2026-02-19 01:32:31,011 [1] ERROR -  >>  >> TraceInfo >> 0 >>  >> LCTServerMessageProxy >>?????????:
2026-02-19 01:32:31,012 [1] ERROR -  >>  >> OnEquipmentChangeEvent >> 0 >> ?????????
2026-02-19 01:32:31,013 [1] ERROR -  >>  >> ChangeDeviceList >> 0 >> equipmentTable.count:0
2026-02-19 01:32:31,016 [1] ERROR -  >>  >> OnEquipmentChangeEvent >> 0 >> ????,???0!!!
2026-02-19 01:32:35,943 [12] ERROR -  >>  >> TraceInfo >> 0 >>  >> LCTServerMessageProxy >>OnHandshakeServerPrivderCallback: ???788694,???788694
2026-02-19 01:32:43,395 [6] ERROR -  >>  >> <UploadBakFile>b__0 >> 0 >> ?LCT????????????? -- Sleep Finished
2026-02-19 01:32:45,947 [12] ERROR -  >>  >> TraceInfo >> 0 >>  >> LCTServerMessageProxy >>OnHandshakeServerPrivderCallback: ???788694,???788694
