[TCP] Listening on 0.0.0.0:5200
[TCP] Conn from ('192.168.0.10', 18314)
[TCP] RX serial=52 dst=FF code=01 reg=0x01000000 len=1 raw=55aa0052feff00000000010000000001010000a757
[TCP] TX bytes=20 raw=aa550052fffe000000000100000000010100a757
[TCP] RX serial=9D dst=00 code=00 reg=0x00000002 len=2 raw=55aa009dfe00000000000000020000000200f456
[TCP] TX bytes=22 raw=aa55009d00fe00000000000002000000020066066057
[TCP] RX serial=57 dst=00 code=00 reg=0x00000016 len=8 raw=55aa0057fe00000000000000160000000800c856
[TCP] TX bytes=28 raw=aa55005700fe0000000000001600000008004d36363000010000b257
[TCP] RX serial=FA dst=00 code=00 reg=0x14000000 len=88 raw=55aa00fafe00000000000000000000145800b957
[TCP] TX bytes=108 raw=aa5500fa00fe0000000000000000001458004e5354520405060708090a0b0c0d0e0f101112131415161718191a1b1c1d1e1f20212223242526272829...
[TCP] RX serial=8C dst=00 code=00 reg=0x00000006 len=1 raw=55aa008cfe00000000000000060000000100e656
[TCP] TX bytes=21 raw=aa55008c00fe00000000000006000000010001e756
[TCP] RX serial=51 dst=01 code=00 reg=0x00000002 len=2 raw=55aa0051fe01000000000000020000000200a956
[TCP] TX bytes=22 raw=aa55005101fe00000000000002000000020066061557
[TCP] RX serial=09 dst=01 code=00 reg=0x00000016 len=8 raw=55aa0009fe010000000000001600000008007b56
[TCP] TX bytes=28 raw=aa55000901fe0000000000001600000008004d363630010100006657
[TCP] RX serial=84 dst=01 code=00 reg=0x14000000 len=88 raw=55aa0084fe010000000000000000001458004457
[TCP] TX bytes=108 raw=aa55008401fe0000000000000000001458004e5354520405060708090a0b0c0d0e0f101112131415161718191a1b1c1d1e1f20212223242526272829...
[TCP] RX serial=4F dst=01 code=00 reg=0x00000006 len=1 raw=55aa004ffe01000000000000060000000100aa56
[TCP] TX bytes=21 raw=aa55004f01fe00000000000006000000010001ab56
[TCP] RX serial=60 dst=02 code=00 reg=0x00000002 len=2 raw=55aa0060fe02000000000000020000000200b956
[TCP] TX bytes=22 raw=aa55006002fe00000000000002000000020066062557
[TCP] RX serial=59 dst=02 code=00 reg=0x00000016 len=8 raw=55aa0059fe02000000000000160000000800cc56
[TCP] TX bytes=28 raw=aa55005902fe0000000000001600000008004d36363002010000b857
[TCP] RX serial=80 dst=02 code=00 reg=0x14000000 len=88 raw=55aa0080fe020000000000000000001458004157
[TCP] TX bytes=108 raw=aa55008002fe0000000000000000001458004e5354520405060708090a0b0c0d0e0f101112131415161718191a1b1c1d1e1f20212223242526272829...
[TCP] RX serial=FB dst=02 code=00 reg=0x00000006 len=1 raw=55aa00fbfe020000000000000600000001005757
[TCP] TX bytes=21 raw=aa5500fb02fe000000000000060000000100015857
[TCP] RX serial=CA dst=03 code=00 reg=0x00000002 len=2 raw=55aa00cafe030000000000000200000002002457
[TCP] TX bytes=22 raw=aa5500ca03fe00000000000002000000020066069057
[TCP] RX serial=D6 dst=03 code=00 reg=0x00000016 len=8 raw=55aa00d6fe030000000000001600000008004a57
[TCP] TX bytes=28 raw=aa5500d603fe0000000000001600000008004d363630030100003758
[TCP] RX serial=1D dst=03 code=00 reg=0x14000000 len=88 raw=55aa001dfe03000000000000000000145800df56
[TCP] TX bytes=108 raw=aa55001d03fe0000000000000000001458004e5354520405060708090a0b0c0d0e0f101112131415161718191a1b1c1d1e1f20212223242526272829...
[TCP] RX serial=02 dst=03 code=00 reg=0x00000006 len=1 raw=55aa0002fe030000000000000600000001005f56
[TCP] TX bytes=21 raw=aa55000203fe000000000000060000000100016056
[TCP] RX serial=B2 dst=04 code=00 reg=0x00000002 len=2 raw=55aa00b2fe040000000000000200000002000d57
[TCP] TX bytes=22 raw=aa5500b204fe00000000000002000000020066067957
[TCP] RX serial=64 dst=04 code=00 reg=0x00000016 len=8 raw=55aa0064fe04000000000000160000000800d956
[TCP] TX bytes=28 raw=aa55006404fe0000000000001600000008004d36363004010000c757
[TCP] RX serial=1D dst=04 code=00 reg=0x14000000 len=88 raw=55aa001dfe04000000000000000000145800e056
[TCP] TX bytes=108 raw=aa55001d04fe0000000000000000001458004e5354520405060708090a0b0c0d0e0f101112131415161718191a1b1c1d1e1f20212223242526272829...
[TCP] RX serial=8F dst=04 code=00 reg=0x00000006 len=1 raw=55aa008ffe04000000000000060000000100ed56
[TCP] TX bytes=21 raw=aa55008f04fe00000000000006000000010001ee56
[TCP] RX serial=54 dst=05 code=00 reg=0x00000002 len=2 raw=55aa0054fe05000000000000020000000200b056
[TCP] TX bytes=22 raw=aa55005405fe00000000000002000000020066061c57
[TCP] RX serial=8B dst=05 code=00 reg=0x00000016 len=8 raw=55aa008bfe050000000000001600000008000157
[TCP] TX bytes=28 raw=aa55008b05fe0000000000001600000008004d36363005010000f057
[TCP] RX serial=E4 dst=05 code=00 reg=0x14000000 len=88 raw=55aa00e4fe05000000000000000000145800a857
[TCP] TX bytes=108 raw=aa5500e405fe0000000000000000001458004e5354520405060708090a0b0c0d0e0f101112131415161718191a1b1c1d1e1f20212223242526272829...
[TCP] RX serial=FB dst=05 code=00 reg=0x00000006 len=1 raw=55aa00fbfe050000000000000600000001005a57
[TCP] TX bytes=21 raw=aa5500fb05fe000000000000060000000100015b57
[TCP] RX serial=0A dst=06 code=00 reg=0x00000002 len=2 raw=55aa000afe060000000000000200000002006756
[TCP] TX bytes=22 raw=aa55000a06fe0000000000000200000002006606d356
[TCP] RX serial=23 dst=06 code=00 reg=0x00000016 len=8 raw=55aa0023fe060000000000001600000008009a56
[TCP] TX bytes=28 raw=aa55002306fe0000000000001600000008004d363630060100008a57
[TCP] RX serial=DE dst=06 code=00 reg=0x14000000 len=88 raw=55aa00defe06000000000000000000145800a357
[TCP] TX bytes=108 raw=aa5500de06fe0000000000000000001458004e5354520405060708090a0b0c0d0e0f101112131415161718191a1b1c1d1e1f20212223242526272829...
[TCP] RX serial=90 dst=06 code=00 reg=0x00000006 len=1 raw=55aa0090fe06000000000000060000000100f056
[TCP] TX bytes=21 raw=aa55009006fe00000000000006000000010001f156
[TCP] RX serial=9E dst=07 code=00 reg=0x00000002 len=2 raw=55aa009efe07000000000000020000000200fc56
[TCP] TX bytes=22 raw=aa55009e07fe00000000000002000000020066066857
[TCP] RX serial=22 dst=07 code=00 reg=0x00000016 len=8 raw=55aa0022fe070000000000001600000008009a56
[TCP] TX bytes=28 raw=aa55002207fe0000000000001600000008004d363630070100008b57
[TCP] RX serial=F1 dst=07 code=00 reg=0x14000000 len=88 raw=55aa00f1fe07000000000000000000145800b757
[TCP] TX bytes=108 raw=aa5500f107fe0000000000000000001458004e5354520405060708090a0b0c0d0e0f101112131415161718191a1b1c1d1e1f20212223242526272829...
[TCP] RX serial=3B dst=07 code=00 reg=0x00000006 len=1 raw=55aa003bfe070000000000000600000001009c56
[TCP] TX bytes=21 raw=aa55003b07fe000000000000060000000100019d56
[TCP] RX serial=AB dst=08 code=00 reg=0x00000002 len=2 raw=55aa00abfe080000000000000200000002000a57
[TCP] TX bytes=22 raw=aa5500ab08fe00000000000002000000020066067657
[TCP] RX serial=DE dst=08 code=00 reg=0x00000016 len=8 raw=55aa00defe080000000000001600000008005757
[TCP] TX bytes=28 raw=aa5500de08fe0000000000001600000008004d363630080100004958
[TCP] RX serial=6F dst=08 code=00 reg=0x14000000 len=88 raw=55aa006ffe080000000000000000001458003657
[TCP] TX bytes=108 raw=aa55006f08fe0000000000000000001458004e5354520405060708090a0b0c0d0e0f101112131415161718191a1b1c1d1e1f20212223242526272829...
[TCP] RX serial=F9 dst=08 code=00 reg=0x00000006 len=1 raw=55aa00f9fe080000000000000600000001005b57
[TCP] TX bytes=21 raw=aa5500f908fe000000000000060000000100015c57
[TCP] RX serial=AC dst=09 code=00 reg=0x00000002 len=2 raw=55aa00acfe090000000000000200000002000c57
[TCP] TX bytes=22 raw=aa5500ac09fe00000000000002000000020066067857
[TCP] RX serial=B1 dst=09 code=00 reg=0x00000016 len=8 raw=55aa00b1fe090000000000001600000008002b57
[TCP] TX bytes=28 raw=aa5500b109fe0000000000001600000008004d363630090100001e58
[TCP] RX serial=74 dst=09 code=00 reg=0x14000000 len=88 raw=55aa0074fe090000000000000000001458003c57
[TCP] TX bytes=108 raw=aa55007409fe0000000000000000001458004e5354520405060708090a0b0c0d0e0f101112131415161718191a1b1c1d1e1f20212223242526272829...
[TCP] RX serial=06 dst=09 code=00 reg=0x00000006 len=1 raw=55aa0006fe090000000000000600000001006956
[TCP] TX bytes=21 raw=aa55000609fe000000000000060000000100016a56
[TCP] RX serial=55 dst=0A code=00 reg=0x00000002 len=2 raw=55aa0055fe0a000000000000020000000200b656
[TCP] TX bytes=22 raw=aa5500550afe00000000000002000000020066062257
[TCP] RX serial=88 dst=0A code=00 reg=0x00000016 len=8 raw=55aa0088fe0a0000000000001600000008000357
[TCP] TX bytes=28 raw=aa5500880afe0000000000001600000008004d3636300a010000f757
[TCP] RX serial=D1 dst=0A code=00 reg=0x14000000 len=88 raw=55aa00d1fe0a0000000000000000001458009a57
[TCP] TX bytes=108 raw=aa5500d10afe0000000000000000001458004e5354520405060708090a0b0c0d0e0f101112131415161718191a1b1c1d1e1f20212223242526272829...
[TCP] RX serial=49 dst=0A code=00 reg=0x00000006 len=1 raw=55aa0049fe0a000000000000060000000100ad56
[TCP] TX bytes=21 raw=aa5500490afe00000000000006000000010001ae56
[TCP] RX serial=BB dst=0B code=00 reg=0x00000002 len=2 raw=55aa00bbfe0b0000000000000200000002001d57
[TCP] TX bytes=22 raw=aa5500bb0bfe00000000000002000000020066068957
[TCP] RX serial=91 dst=0B code=00 reg=0x00000016 len=8 raw=55aa0091fe0b0000000000001600000008000d57
[TCP] TX bytes=28 raw=aa5500910bfe0000000000001600000008004d3636300b0100000258
[TCP] RX serial=31 dst=0B code=00 reg=0x14000000 len=88 raw=55aa0031fe0b000000000000000000145800fb56
[TCP] TX bytes=108 raw=aa5500310bfe0000000000000000001458004e5354520405060708090a0b0c0d0e0f101112131415161718191a1b1c1d1e1f20212223242526272829...
[TCP] RX serial=A7 dst=0B code=00 reg=0x00000006 len=1 raw=55aa00a7fe0b0000000000000600000001000c57
[TCP] TX bytes=21 raw=aa5500a70bfe000000000000060000000100010d57
[TCP] RX serial=AE dst=0C code=00 reg=0x00000002 len=2 raw=55aa00aefe0c0000000000000200000002001157
[TCP] TX bytes=22 raw=aa5500ae0cfe00000000000002000000020066067d57
[TCP] RX serial=F6 dst=0C code=00 reg=0x00000016 len=8 raw=55aa00f6fe0c0000000000001600000008007357
[TCP] TX bytes=28 raw=aa5500f60cfe0000000000001600000008004d3636300c0100006958
[TCP] RX serial=1F dst=0C code=00 reg=0x14000000 len=88 raw=55aa001ffe0c000000000000000000145800ea56
[TCP] TX bytes=108 raw=aa55001f0cfe0000000000000000001458004e5354520405060708090a0b0c0d0e0f101112131415161718191a1b1c1d1e1f20212223242526272829...
[TCP] RX serial=50 dst=0C code=00 reg=0x00000006 len=1 raw=55aa0050fe0c000000000000060000000100b656
[TCP] TX bytes=21 raw=aa5500500cfe00000000000006000000010001b756
[TCP] RX serial=79 dst=0D code=00 reg=0x00000002 len=2 raw=55aa0079fe0d000000000000020000000200dd56
[TCP] TX bytes=22 raw=aa5500790dfe00000000000002000000020066064957
[TCP] RX serial=BB dst=0D code=00 reg=0x00000016 len=8 raw=55aa00bbfe0d0000000000001600000008003957
[TCP] TX bytes=28 raw=aa5500bb0dfe0000000000001600000008004d3636300d0100003058
[TCP] RX serial=FD dst=0D code=00 reg=0x14000000 len=88 raw=55aa00fdfe0d000000000000000000145800c957
[TCP] TX bytes=108 raw=aa5500fd0dfe0000000000000000001458004e5354520405060708090a0b0c0d0e0f101112131415161718191a1b1c1d1e1f20212223242526272829...
[TCP] RX serial=11 dst=0D code=00 reg=0x00000006 len=1 raw=55aa0011fe0d0000000000000600000001007856
[TCP] TX bytes=21 raw=aa5500110dfe000000000000060000000100017956
[TCP] RX serial=71 dst=0E code=00 reg=0x00000002 len=2 raw=55aa0071fe0e000000000000020000000200d656
[TCP] TX bytes=22 raw=aa5500710efe00000000000002000000020066064257
[TCP] RX serial=FE dst=0E code=00 reg=0x00000016 len=8 raw=55aa00fefe0e0000000000001600000008007d57
[TCP] TX bytes=28 raw=aa5500fe0efe0000000000001600000008004d3636300e0100007558
[TCP] RX serial=82 dst=0E code=00 reg=0x14000000 len=88 raw=55aa0082fe0e0000000000000000001458004f57
[TCP] TX bytes=108 raw=aa5500820efe0000000000000000001458004e5354520405060708090a0b0c0d0e0f101112131415161718191a1b1c1d1e1f20212223242526272829...
[TCP] RX serial=2D dst=0E code=00 reg=0x00000006 len=1 raw=55aa002dfe0e0000000000000600000001009556
[TCP] TX bytes=21 raw=aa55002d0efe000000000000060000000100019656
[TCP] RX serial=2A dst=0F code=00 reg=0x00000002 len=2 raw=55aa002afe0f0000000000000200000002009056
[TCP] TX bytes=22 raw=aa55002a0ffe0000000000000200000002006606fc56
[TCP] RX serial=F3 dst=0F code=00 reg=0x00000016 len=8 raw=55aa00f3fe0f0000000000001600000008007357
[TCP] TX bytes=28 raw=aa5500f30ffe0000000000001600000008004d3636300f0100006c58
[TCP] RX serial=AF dst=0F code=00 reg=0x14000000 len=88 raw=55aa00affe0f0000000000000000001458007d57
[TCP] TX bytes=108 raw=aa5500af0ffe0000000000000000001458004e5354520405060708090a0b0c0d0e0f101112131415161718191a1b1c1d1e1f20212223242526272829...
[TCP] RX serial=3D dst=0F code=00 reg=0x00000006 len=1 raw=55aa003dfe0f000000000000060000000100a656
[TCP] TX bytes=21 raw=aa55003d0ffe00000000000006000000010001a756
[TCP] RX serial=66 dst=10 code=00 reg=0x00000002 len=2 raw=55aa0066fe10000000000000020000000200cd56
[TCP] TX bytes=22 raw=aa55006610fe00000000000002000000020066063957
[TCP] RX serial=45 dst=10 code=00 reg=0x00000016 len=8 raw=55aa0045fe10000000000000160000000800c656
[TCP] TX bytes=28 raw=aa55004510fe0000000000001600000008004d36363010010000c057
[TCP] RX serial=4F dst=10 code=00 reg=0x14000000 len=88 raw=55aa004ffe100000000000000000001458001e57
[TCP] TX bytes=108 raw=aa55004f10fe0000000000000000001458004e5354520405060708090a0b0c0d0e0f101112131415161718191a1b1c1d1e1f20212223242526272829...
[TCP] RX serial=EB dst=10 code=00 reg=0x00000006 len=1 raw=55aa00ebfe100000000000000600000001005557
[TCP] TX bytes=21 raw=aa5500eb10fe000000000000060000000100015657
[TCP] RX serial=67 dst=11 code=00 reg=0x00000002 len=2 raw=55aa0067fe11000000000000020000000200cf56
[TCP] TX bytes=22 raw=aa55006711fe00000000000002000000020066063b57
[TCP] RX serial=23 dst=11 code=00 reg=0x00000016 len=8 raw=55aa0023fe11000000000000160000000800a556
[TCP] TX bytes=28 raw=aa55002311fe0000000000001600000008004d36363011010000a057
[TCP] RX serial=55 dst=11 code=00 reg=0x14000000 len=88 raw=55aa0055fe110000000000000000001458002557
[TCP] TX bytes=108 raw=aa55005511fe0000000000000000001458004e5354520405060708090a0b0c0d0e0f101112131415161718191a1b1c1d1e1f20212223242526272829...
[TCP] RX serial=00 dst=11 code=00 reg=0x00000006 len=1 raw=55aa0000fe110000000000000600000001006b56
[TCP] TX bytes=21 raw=aa55000011fe000000000000060000000100016c56
[TCP] RX serial=EE dst=12 code=00 reg=0x00000002 len=2 raw=55aa00eefe120000000000000200000002005757
[TCP] TX bytes=22 raw=aa5500ee12fe0000000000000200000002006606c357
[TCP] RX serial=17 dst=12 code=00 reg=0x00000016 len=8 raw=55aa0017fe120000000000001600000008009a56
[TCP] TX bytes=28 raw=aa55001712fe0000000000001600000008004d363630120100009657
[TCP] RX serial=3A dst=12 code=00 reg=0x14000000 len=88 raw=55aa003afe120000000000000000001458000b57
[TCP] TX bytes=108 raw=aa55003a12fe0000000000000000001458004e5354520405060708090a0b0c0d0e0f101112131415161718191a1b1c1d1e1f20212223242526272829...
[TCP] RX serial=CB dst=12 code=00 reg=0x00000006 len=1 raw=55aa00cbfe120000000000000600000001003757
[TCP] TX bytes=21 raw=aa5500cb12fe000000000000060000000100013857
[TCP] RX serial=B9 dst=13 code=00 reg=0x00000002 len=2 raw=55aa00b9fe130000000000000200000002002357
[TCP] TX bytes=22 raw=aa5500b913fe00000000000002000000020066068f57
[TCP] RX serial=9B dst=13 code=00 reg=0x00000016 len=8 raw=55aa009bfe130000000000001600000008001f57
[TCP] TX bytes=28 raw=aa55009b13fe0000000000001600000008004d363630130100001c58
[TCP] RX serial=3F dst=13 code=00 reg=0x14000000 len=88 raw=55aa003ffe130000000000000000001458001157
[TCP] TX bytes=108 raw=aa55003f13fe0000000000000000001458004e5354520405060708090a0b0c0d0e0f101112131415161718191a1b1c1d1e1f20212223242526272829...
[TCP] RX serial=77 dst=13 code=00 reg=0x00000006 len=1 raw=55aa0077fe13000000000000060000000100e456
[TCP] TX bytes=21 raw=aa55007713fe00000000000006000000010001e556
[TCP] RX serial=F0 dst=14 code=00 reg=0x00000002 len=2 raw=55aa00f0fe140000000000000200000002005b57
[TCP] TX bytes=22 raw=aa5500f014fe0000000000000200000002006606c757
[TCP] RX serial=36 dst=14 code=00 reg=0x00000016 len=8 raw=55aa0036fe14000000000000160000000800bb56
[TCP] TX bytes=28 raw=aa55003614fe0000000000001600000008004d36363014010000b957
[TCP] RX serial=E1 dst=14 code=00 reg=0x14000000 len=88 raw=55aa00e1fe14000000000000000000145800b457
[TCP] TX bytes=108 raw=aa5500e114fe0000000000000000001458004e5354520405060708090a0b0c0d0e0f101112131415161718191a1b1c1d1e1f20212223242526272829...
[TCP] RX serial=A7 dst=14 code=00 reg=0x00000006 len=1 raw=55aa00a7fe140000000000000600000001001557
[TCP] TX bytes=21 raw=aa5500a714fe000000000000060000000100011657
[TCP] RX serial=03 dst=15 code=00 reg=0x00000002 len=2 raw=55aa0003fe150000000000000200000002006f56
[TCP] TX bytes=22 raw=aa55000315fe0000000000000200000002006606db56
[TCP] RX serial=A1 dst=15 code=00 reg=0x00000016 len=8 raw=55aa00a1fe150000000000001600000008002757
[TCP] TX bytes=28 raw=aa5500a115fe0000000000001600000008004d363630150100002658
[TCP] RX serial=C1 dst=15 code=00 reg=0x14000000 len=88 raw=55aa00c1fe150000000000000000001458009557
[TCP] TX bytes=108 raw=aa5500c115fe0000000000000000001458004e5354520405060708090a0b0c0d0e0f101112131415161718191a1b1c1d1e1f20212223242526272829...
[TCP] RX serial=EF dst=15 code=00 reg=0x00000006 len=1 raw=55aa00effe150000000000000600000001005e57
[TCP] TX bytes=21 raw=aa5500ef15fe000000000000060000000100015f57
[TCP] RX serial=E0 dst=16 code=00 reg=0x00000002 len=2 raw=55aa00e0fe160000000000000200000002004d57
[TCP] TX bytes=22 raw=aa5500e016fe0000000000000200000002006606b957
[TCP] RX serial=5D dst=16 code=00 reg=0x00000016 len=8 raw=55aa005dfe16000000000000160000000800e456
[TCP] TX bytes=28 raw=aa55005d16fe0000000000001600000008004d36363016010000e457
[TCP] RX serial=88 dst=16 code=00 reg=0x14000000 len=88 raw=55aa0088fe160000000000000000001458005d57
[TCP] TX bytes=108 raw=aa55008816fe0000000000000000001458004e5354520405060708090a0b0c0d0e0f101112131415161718191a1b1c1d1e1f20212223242526272829...
[TCP] RX serial=AC dst=16 code=00 reg=0x00000006 len=1 raw=55aa00acfe160000000000000600000001001c57
[TCP] TX bytes=21 raw=aa5500ac16fe000000000000060000000100011d57
[TCP] RX serial=2F dst=17 code=00 reg=0x00000002 len=2 raw=55aa002ffe170000000000000200000002009d56
[TCP] TX bytes=22 raw=aa55002f17fe00000000000002000000020066060957
[TCP] RX serial=46 dst=17 code=00 reg=0x00000016 len=8 raw=55aa0046fe17000000000000160000000800ce56
[TCP] TX bytes=28 raw=aa55004617fe0000000000001600000008004d36363017010000cf57
[TCP] RX serial=DA dst=17 code=00 reg=0x14000000 len=88 raw=55aa00dafe17000000000000000000145800b057
[TCP] TX bytes=108 raw=aa5500da17fe0000000000000000001458004e5354520405060708090a0b0c0d0e0f101112131415161718191a1b1c1d1e1f20212223242526272829...
[TCP] RX serial=61 dst=17 code=00 reg=0x00000006 len=1 raw=55aa0061fe17000000000000060000000100d256
[TCP] TX bytes=21 raw=aa55006117fe00000000000006000000010001d356
[TCP] RX serial=D8 dst=18 code=00 reg=0x00000002 len=2 raw=55aa00d8fe180000000000000200000002004757
[TCP] TX bytes=22 raw=aa5500d818fe0000000000000200000002006606b357
[TCP] RX serial=93 dst=18 code=00 reg=0x00000016 len=8 raw=55aa0093fe180000000000001600000008001c57
[TCP] TX bytes=28 raw=aa55009318fe0000000000001600000008004d363630180100001e58
[TCP] RX serial=E1 dst=18 code=00 reg=0x14000000 len=88 raw=55aa00e1fe18000000000000000000145800b857
[TCP] TX bytes=108 raw=aa5500e118fe0000000000000000001458004e5354520405060708090a0b0c0d0e0f101112131415161718191a1b1c1d1e1f20212223242526272829...
[TCP] RX serial=76 dst=18 code=00 reg=0x00000006 len=1 raw=55aa0076fe18000000000000060000000100e856
[TCP] TX bytes=21 raw=aa55007618fe00000000000006000000010001e956
[TCP] RX serial=41 dst=19 code=00 reg=0x00000002 len=2 raw=55aa0041fe19000000000000020000000200b156
[TCP] TX bytes=22 raw=aa55004119fe00000000000002000000020066061d57
[TCP] RX serial=45 dst=19 code=00 reg=0x00000016 len=8 raw=55aa0045fe19000000000000160000000800cf56
[TCP] TX bytes=28 raw=aa55004519fe0000000000001600000008004d36363019010000d257
[TCP] RX serial=40 dst=19 code=00 reg=0x14000000 len=88 raw=55aa0040fe190000000000000000001458001857
[TCP] TX bytes=108 raw=aa55004019fe0000000000000000001458004e5354520405060708090a0b0c0d0e0f101112131415161718191a1b1c1d1e1f20212223242526272829...
[TCP] RX serial=8B dst=19 code=00 reg=0x00000006 len=1 raw=55aa008bfe19000000000000060000000100fe56
[TCP] TX bytes=21 raw=aa55008b19fe00000000000006000000010001ff56
[TCP] RX serial=A1 dst=1A code=00 reg=0x00000002 len=2 raw=55aa00a1fe1a0000000000000200000002001257
[TCP] TX bytes=22 raw=aa5500a11afe00000000000002000000020066067e57
[TCP] RX serial=1E dst=1A code=00 reg=0x00000016 len=8 raw=55aa001efe1a000000000000160000000800a956
[TCP] TX bytes=28 raw=aa55001e1afe0000000000001600000008004d3636301a010000ad57
[TCP] RX serial=60 dst=1A code=00 reg=0x14000000 len=88 raw=55aa0060fe1a0000000000000000001458003957
[TCP] TX bytes=108 raw=aa5500601afe0000000000000000001458004e5354520405060708090a0b0c0d0e0f101112131415161718191a1b1c1d1e1f20212223242526272829...
[TCP] RX serial=62 dst=1A code=00 reg=0x00000006 len=1 raw=55aa0062fe1a000000000000060000000100d656
[TCP] TX bytes=21 raw=aa5500621afe00000000000006000000010001d756
[TCP] RX serial=81 dst=1B code=00 reg=0x00000002 len=2 raw=55aa0081fe1b000000000000020000000200f356
[TCP] TX bytes=22 raw=aa5500811bfe00000000000002000000020066065f57
[TCP] RX serial=31 dst=1B code=00 reg=0x00000016 len=8 raw=55aa0031fe1b000000000000160000000800bd56
[TCP] TX bytes=28 raw=aa5500311bfe0000000000001600000008004d3636301b010000c257
[TCP] RX serial=56 dst=1B code=00 reg=0x14000000 len=88 raw=55aa0056fe1b0000000000000000001458003057
[TCP] TX bytes=108 raw=aa5500561bfe0000000000000000001458004e5354520405060708090a0b0c0d0e0f101112131415161718191a1b1c1d1e1f20212223242526272829...
[TCP] RX serial=D4 dst=1B code=00 reg=0x00000006 len=1 raw=55aa00d4fe1b0000000000000600000001004957
[TCP] TX bytes=21 raw=aa5500d41bfe000000000000060000000100014a57
[TCP] RX serial=BF dst=1C code=00 reg=0x00000002 len=2 raw=55aa00bffe1c0000000000000200000002003257
[TCP] TX bytes=22 raw=aa5500bf1cfe00000000000002000000020066069e57
[TCP] RX serial=0A dst=1C code=00 reg=0x00000016 len=8 raw=55aa000afe1c0000000000001600000008009756
[TCP] TX bytes=28 raw=aa55000a1cfe0000000000001600000008004d3636301c0100009d57
[TCP] RX serial=3B dst=1C code=00 reg=0x14000000 len=88 raw=55aa003bfe1c0000000000000000001458001657
[TCP] TX bytes=108 raw=aa55003b1cfe0000000000000000001458004e5354520405060708090a0b0c0d0e0f101112131415161718191a1b1c1d1e1f20212223242526272829...
[TCP] RX serial=F2 dst=1C code=00 reg=0x00000006 len=1 raw=55aa00f2fe1c0000000000000600000001006857
[TCP] TX bytes=21 raw=aa5500f21cfe000000000000060000000100016957
[TCP] RX serial=11 dst=1D code=00 reg=0x00000002 len=2 raw=55aa0011fe1d0000000000000200000002008556
[TCP] TX bytes=22 raw=aa5500111dfe0000000000000200000002006606f156
[TCP] RX serial=07 dst=1D code=00 reg=0x00000016 len=8 raw=55aa0007fe1d0000000000001600000008009556
[TCP] TX bytes=28 raw=aa5500071dfe0000000000001600000008004d3636301d0100009c57
[TCP] RX serial=3A dst=1D code=00 reg=0x14000000 len=88 raw=55aa003afe1d0000000000000000001458001657
[TCP] TX bytes=108 raw=aa55003a1dfe0000000000000000001458004e5354520405060708090a0b0c0d0e0f101112131415161718191a1b1c1d1e1f20212223242526272829...
[TCP] RX serial=C4 dst=1D code=00 reg=0x00000006 len=1 raw=55aa00c4fe1d0000000000000600000001003b57
[TCP] TX bytes=21 raw=aa5500c41dfe000000000000060000000100013c57
[TCP] RX serial=82 dst=1E code=00 reg=0x00000002 len=2 raw=55aa0082fe1e000000000000020000000200f756
[TCP] TX bytes=22 raw=aa5500821efe00000000000002000000020066066357
[TCP] RX serial=5F dst=1E code=00 reg=0x00000016 len=8 raw=55aa005ffe1e000000000000160000000800ee56
[TCP] TX bytes=28 raw=aa55005f1efe0000000000001600000008004d3636301e010000f657
[TCP] RX serial=0A dst=1E code=00 reg=0x14000000 len=88 raw=55aa000afe1e000000000000000000145800e756
[TCP] TX bytes=108 raw=aa55000a1efe0000000000000000001458004e5354520405060708090a0b0c0d0e0f101112131415161718191a1b1c1d1e1f20212223242526272829...
[TCP] RX serial=09 dst=1E code=00 reg=0x00000006 len=1 raw=55aa0009fe1e0000000000000600000001008156
[TCP] TX bytes=21 raw=aa5500091efe000000000000060000000100018256
[TCP] RX serial=9A dst=1F code=00 reg=0x00000002 len=2 raw=55aa009afe1f0000000000000200000002001057
[TCP] TX bytes=22 raw=aa55009a1ffe00000000000002000000020066067c57
[TCP] RX serial=A8 dst=1F code=00 reg=0x00000016 len=8 raw=55aa00a8fe1f0000000000001600000008003857
[TCP] TX bytes=28 raw=aa5500a81ffe0000000000001600000008004d3636301f0100004158
[TCP] RX serial=CF dst=1F code=00 reg=0x14000000 len=88 raw=55aa00cffe1f000000000000000000145800ad57
[TCP] TX bytes=108 raw=aa5500cf1ffe0000000000000000001458004e5354520405060708090a0b0c0d0e0f101112131415161718191a1b1c1d1e1f20212223242526272829...
[TCP] RX serial=A8 dst=1F code=00 reg=0x00000006 len=1 raw=55aa00a8fe1f0000000000000600000001002157
[TCP] TX bytes=21 raw=aa5500a81ffe000000000000060000000100012257
[TCP] RX serial=3B dst=20 code=00 reg=0x00000002 len=2 raw=55aa003bfe20000000000000020000000200b256
[TCP] TX bytes=22 raw=aa55003b20fe00000000000002000000020066061e57
[TCP] RX serial=D7 dst=20 code=00 reg=0x00000016 len=8 raw=55aa00d7fe200000000000001600000008006857
[TCP] TX bytes=28 raw=aa5500d720fe0000000000001600000008004d363630200100007258
[TCP] RX serial=F1 dst=20 code=00 reg=0x14000000 len=88 raw=55aa00f1fe20000000000000000000145800d057
[TCP] TX bytes=108 raw=aa5500f120fe0000000000000000001458004e5354520405060708090a0b0c0d0e0f101112131415161718191a1b1c1d1e1f20212223242526272829...
[TCP] RX serial=26 dst=20 code=00 reg=0x00000006 len=1 raw=55aa0026fe20000000000000060000000100a056
[TCP] TX bytes=21 raw=aa55002620fe00000000000006000000010001a156
[TCP] RX serial=B9 dst=21 code=00 reg=0x00000002 len=2 raw=55aa00b9fe210000000000000200000002003157
[TCP] TX bytes=22 raw=aa5500b921fe00000000000002000000020066069d57
[TCP] RX serial=C8 dst=21 code=00 reg=0x00000016 len=8 raw=55aa00c8fe210000000000001600000008005a57
[TCP] TX bytes=28 raw=aa5500c821fe0000000000001600000008004d363630210100006558
[TCP] RX serial=35 dst=21 code=00 reg=0x14000000 len=88 raw=55aa0035fe210000000000000000001458001557
[TCP] TX bytes=108 raw=aa55003521fe0000000000000000001458004e5354520405060708090a0b0c0d0e0f101112131415161718191a1b1c1d1e1f20212223242526272829...
[TCP] RX serial=AB dst=21 code=00 reg=0x00000006 len=1 raw=55aa00abfe210000000000000600000001002657
[TCP] TX bytes=21 raw=aa5500ab21fe000000000000060000000100012757
[TCP] RX serial=F5 dst=22 code=00 reg=0x00000002 len=2 raw=55aa00f5fe220000000000000200000002006e57
[TCP] TX bytes=22 raw=aa5500f522fe0000000000000200000002006606da57
[TCP] RX serial=55 dst=22 code=00 reg=0x00000016 len=8 raw=55aa0055fe22000000000000160000000800e856
[TCP] TX bytes=28 raw=aa55005522fe0000000000001600000008004d36363022010000f457
[TCP] RX serial=06 dst=22 code=00 reg=0x14000000 len=88 raw=55aa0006fe22000000000000000000145800e756
[TCP] TX bytes=108 raw=aa55000622fe0000000000000000001458004e5354520405060708090a0b0c0d0e0f101112131415161718191a1b1c1d1e1f20212223242526272829...
[TCP] RX serial=E3 dst=22 code=00 reg=0x00000006 len=1 raw=55aa00e3fe220000000000000600000001005f57
[TCP] TX bytes=21 raw=aa5500e322fe000000000000060000000100016057
[TCP] RX serial=40 dst=23 code=00 reg=0x00000002 len=2 raw=55aa0040fe23000000000000020000000200ba56
[TCP] TX bytes=22 raw=aa55004023fe00000000000002000000020066062657
[TCP] RX serial=5E dst=23 code=00 reg=0x00000016 len=8 raw=55aa005efe23000000000000160000000800f256
[TCP] TX bytes=28 raw=aa55005e23fe0000000000001600000008004d36363023010000ff57
[TCP] RX serial=6D dst=23 code=00 reg=0x14000000 len=88 raw=55aa006dfe230000000000000000001458004f57
[TCP] TX bytes=108 raw=aa55006d23fe0000000000000000001458004e5354520405060708090a0b0c0d0e0f101112131415161718191a1b1c1d1e1f20212223242526272829...
[TCP] RX serial=AE dst=23 code=00 reg=0x00000006 len=1 raw=55aa00aefe230000000000000600000001002b57
[TCP] TX bytes=21 raw=aa5500ae23fe000000000000060000000100012c57
[TCP] RX serial=07 dst=24 code=00 reg=0x00000002 len=2 raw=55aa0007fe240000000000000200000002008256
[TCP] TX bytes=22 raw=aa55000724fe0000000000000200000002006606ee56
[TCP] RX serial=B2 dst=24 code=00 reg=0x00000016 len=8 raw=55aa00b2fe240000000000001600000008004757
[TCP] TX bytes=28 raw=aa5500b224fe0000000000001600000008004d363630240100005558
[TCP] RX serial=EC dst=24 code=00 reg=0x14000000 len=88 raw=55aa00ecfe24000000000000000000145800cf57
[TCP] TX bytes=108 raw=aa5500ec24fe0000000000000000001458004e5354520405060708090a0b0c0d0e0f101112131415161718191a1b1c1d1e1f20212223242526272829...
[TCP] RX serial=25 dst=24 code=00 reg=0x00000006 len=1 raw=55aa0025fe24000000000000060000000100a356
[TCP] TX bytes=21 raw=aa55002524fe00000000000006000000010001a456
[TCP] RX serial=0A dst=25 code=00 reg=0x00000002 len=2 raw=55aa000afe250000000000000200000002008656
[TCP] TX bytes=22 raw=aa55000a25fe0000000000000200000002006606f256
[TCP] RX serial=E7 dst=25 code=00 reg=0x00000016 len=8 raw=55aa00e7fe250000000000001600000008007d57
[TCP] TX bytes=28 raw=aa5500e725fe0000000000001600000008004d363630250100008c58
[TCP] RX serial=4F dst=25 code=00 reg=0x14000000 len=88 raw=55aa004ffe250000000000000000001458003357
[TCP] TX bytes=108 raw=aa55004f25fe0000000000000000001458004e5354520405060708090a0b0c0d0e0f101112131415161718191a1b1c1d1e1f20212223242526272829...
[TCP] RX serial=D0 dst=25 code=00 reg=0x00000006 len=1 raw=55aa00d0fe250000000000000600000001004f57
[TCP] TX bytes=21 raw=aa5500d025fe000000000000060000000100015057
[TCP] RX serial=58 dst=26 code=00 reg=0x00000002 len=2 raw=55aa0058fe26000000000000020000000200d556
[TCP] TX bytes=22 raw=aa55005826fe00000000000002000000020066064157
[TCP] RX serial=1C dst=26 code=00 reg=0x00000016 len=8 raw=55aa001cfe26000000000000160000000800b356
[TCP] TX bytes=28 raw=aa55001c26fe0000000000001600000008004d36363026010000c357
[TCP] RX serial=F2 dst=26 code=00 reg=0x14000000 len=88 raw=55aa00f2fe26000000000000000000145800d757
[TCP] TX bytes=108 raw=aa5500f226fe0000000000000000001458004e5354520405060708090a0b0c0d0e0f101112131415161718191a1b1c1d1e1f20212223242526272829...
[TCP] RX serial=E1 dst=26 code=00 reg=0x00000006 len=1 raw=55aa00e1fe260000000000000600000001006157
[TCP] TX bytes=21 raw=aa5500e126fe000000000000060000000100016257
[TCP] RX serial=3A dst=27 code=00 reg=0x00000002 len=2 raw=55aa003afe27000000000000020000000200b856
[TCP] TX bytes=22 raw=aa55003a27fe00000000000002000000020066062457
[TCP] RX serial=36 dst=27 code=00 reg=0x00000016 len=8 raw=55aa0036fe27000000000000160000000800ce56
[TCP] TX bytes=28 raw=aa55003627fe0000000000001600000008004d36363027010000df57
[TCP] RX serial=F0 dst=27 code=00 reg=0x14000000 len=88 raw=55aa00f0fe27000000000000000000145800d657
[TCP] TX bytes=108 raw=aa5500f027fe0000000000000000001458004e5354520405060708090a0b0c0d0e0f101112131415161718191a1b1c1d1e1f20212223242526272829...
[TCP] RX serial=F7 dst=27 code=00 reg=0x00000006 len=1 raw=55aa00f7fe270000000000000600000001007857
[TCP] TX bytes=21 raw=aa5500f727fe000000000000060000000100017957
[TCP] RX serial=4D dst=28 code=00 reg=0x00000002 len=2 raw=55aa004dfe28000000000000020000000200cc56
[TCP] TX bytes=22 raw=aa55004d28fe00000000000002000000020066063857
[TCP] RX serial=B7 dst=28 code=00 reg=0x00000016 len=8 raw=55aa00b7fe280000000000001600000008005057
[TCP] TX bytes=28 raw=aa5500b728fe0000000000001600000008004d363630280100006258
[TCP] RX serial=27 dst=28 code=00 reg=0x14000000 len=88 raw=55aa0027fe280000000000000000001458000e57
[TCP] TX bytes=108 raw=aa55002728fe0000000000000000001458004e5354520405060708090a0b0c0d0e0f101112131415161718191a1b1c1d1e1f20212223242526272829...
[TCP] RX serial=A8 dst=28 code=00 reg=0x00000006 len=1 raw=55aa00a8fe280000000000000600000001002a57
[TCP] TX bytes=21 raw=aa5500a828fe000000000000060000000100012b57
[TCP] RX serial=3F dst=29 code=00 reg=0x00000002 len=2 raw=55aa003ffe29000000000000020000000200bf56
[TCP] TX bytes=22 raw=aa55003f29fe00000000000002000000020066062b57
[TCP] RX serial=30 dst=29 code=00 reg=0x00000016 len=8 raw=55aa0030fe29000000000000160000000800ca56
[TCP] TX bytes=28 raw=aa55003029fe0000000000001600000008004d36363029010000dd57
[TCP] RX serial=1B dst=29 code=00 reg=0x14000000 len=88 raw=55aa001bfe290000000000000000001458000357
[TCP] TX bytes=108 raw=aa55001b29fe0000000000000000001458004e5354520405060708090a0b0c0d0e0f101112131415161718191a1b1c1d1e1f20212223242526272829...
[TCP] RX serial=F5 dst=29 code=00 reg=0x00000006 len=1 raw=55aa00f5fe290000000000000600000001007857
[TCP] TX bytes=21 raw=aa5500f529fe000000000000060000000100017957
[TCP] RX serial=D3 dst=2A code=00 reg=0x00000002 len=2 raw=55aa00d3fe2a0000000000000200000002005457
[TCP] TX bytes=22 raw=aa5500d32afe0000000000000200000002006606c057
[TCP] RX serial=8F dst=2A code=00 reg=0x00000016 len=8 raw=55aa008ffe2a0000000000001600000008002a57
[TCP] TX bytes=28 raw=aa55008f2afe0000000000001600000008004d3636302a0100003e58
[TCP] RX serial=FC dst=2A code=00 reg=0x14000000 len=88 raw=55aa00fcfe2a000000000000000000145800e557
[TCP] TX bytes=108 raw=aa5500fc2afe0000000000000000001458004e5354520405060708090a0b0c0d0e0f101112131415161718191a1b1c1d1e1f20212223242526272829...
[TCP] RX serial=BB dst=2A code=00 reg=0x00000006 len=1 raw=55aa00bbfe2a0000000000000600000001003f57
[TCP] TX bytes=21 raw=aa5500bb2afe000000000000060000000100014057
[TCP] RX serial=01 dst=2B code=00 reg=0x00000002 len=2 raw=55aa0001fe2b0000000000000200000002008356
[TCP] TX bytes=22 raw=aa5500012bfe0000000000000200000002006606ef56
[TCP] RX serial=56 dst=2B code=00 reg=0x00000016 len=8 raw=55aa0056fe2b000000000000160000000800f256
[TCP] TX bytes=28 raw=aa5500562bfe0000000000001600000008004d3636302b0100000758
[TCP] RX serial=84 dst=2B code=00 reg=0x14000000 len=88 raw=55aa0084fe2b0000000000000000001458006e57
[TCP] TX bytes=108 raw=aa5500842bfe0000000000000000001458004e5354520405060708090a0b0c0d0e0f101112131415161718191a1b1c1d1e1f20212223242526272829...
[TCP] RX serial=23 dst=2B code=00 reg=0x00000006 len=1 raw=55aa0023fe2b000000000000060000000100a856
[TCP] TX bytes=21 raw=aa5500232bfe00000000000006000000010001a956
[TCP] RX serial=F0 dst=2C code=00 reg=0x00000002 len=2 raw=55aa00f0fe2c0000000000000200000002007357
[TCP] TX bytes=22 raw=aa5500f02cfe0000000000000200000002006606df57
[TCP] RX serial=5B dst=2C code=00 reg=0x00000016 len=8 raw=55aa005bfe2c000000000000160000000800f856
[TCP] TX bytes=28 raw=aa55005b2cfe0000000000001600000008004d3636302c0100000e58
[TCP] RX serial=02 dst=2C code=00 reg=0x14000000 len=88 raw=55aa0002fe2c000000000000000000145800ed56
[TCP] TX bytes=108 raw=aa5500022cfe0000000000000000001458004e5354520405060708090a0b0c0d0e0f101112131415161718191a1b1c1d1e1f20212223242526272829...
[TCP] RX serial=E6 dst=2C code=00 reg=0x00000006 len=1 raw=55aa00e6fe2c0000000000000600000001006c57
[TCP] TX bytes=21 raw=aa5500e62cfe000000000000060000000100016d57
[TCP] RX serial=BA dst=2D code=00 reg=0x00000002 len=2 raw=55aa00bafe2d0000000000000200000002003e57
[TCP] TX bytes=22 raw=aa5500ba2dfe0000000000000200000002006606aa57
[TCP] RX serial=AA dst=2D code=00 reg=0x00000016 len=8 raw=55aa00aafe2d0000000000001600000008004857
[TCP] TX bytes=28 raw=aa5500aa2dfe0000000000001600000008004d3636302d0100005f58
[TCP] RX serial=9D dst=2D code=00 reg=0x14000000 len=88 raw=55aa009dfe2d0000000000000000001458008957
[TCP] TX bytes=108 raw=aa55009d2dfe0000000000000000001458004e5354520405060708090a0b0c0d0e0f101112131415161718191a1b1c1d1e1f20212223242526272829...
[TCP] RX serial=52 dst=2D code=00 reg=0x00000006 len=1 raw=55aa0052fe2d000000000000060000000100d956
[TCP] TX bytes=21 raw=aa5500522dfe00000000000006000000010001da56
[TCP] RX serial=88 dst=2E code=00 reg=0x00000002 len=2 raw=55aa0088fe2e0000000000000200000002000d57
[TCP] TX bytes=22 raw=aa5500882efe00000000000002000000020066067957
[TCP] RX serial=21 dst=2E code=00 reg=0x00000016 len=8 raw=55aa0021fe2e000000000000160000000800c056
[TCP] TX bytes=28 raw=aa5500212efe0000000000001600000008004d3636302e010000d857
[TCP] RX serial=CD dst=2E code=00 reg=0x14000000 len=88 raw=55aa00cdfe2e000000000000000000145800ba57
[TCP] TX bytes=108 raw=aa5500cd2efe0000000000000000001458004e5354520405060708090a0b0c0d0e0f101112131415161718191a1b1c1d1e1f20212223242526272829...
[TCP] RX serial=9C dst=2E code=00 reg=0x00000006 len=1 raw=55aa009cfe2e0000000000000600000001002457
[TCP] TX bytes=21 raw=aa55009c2efe000000000000060000000100012557
[TCP] RX serial=D4 dst=2F code=00 reg=0x00000002 len=2 raw=55aa00d4fe2f0000000000000200000002005a57
[TCP] TX bytes=22 raw=aa5500d42ffe0000000000000200000002006606c657
[TCP] RX serial=53 dst=2F code=00 reg=0x00000016 len=8 raw=55aa0053fe2f000000000000160000000800f356
[TCP] TX bytes=28 raw=aa5500532ffe0000000000001600000008004d3636302f0100000c58
[TCP] RX serial=70 dst=2F code=00 reg=0x14000000 len=88 raw=55aa0070fe2f0000000000000000001458005e57
[TCP] TX bytes=108 raw=aa5500702ffe0000000000000000001458004e5354520405060708090a0b0c0d0e0f101112131415161718191a1b1c1d1e1f20212223242526272829...
[TCP] RX serial=BE dst=2F code=00 reg=0x00000006 len=1 raw=55aa00befe2f0000000000000600000001004757
[TCP] TX bytes=21 raw=aa5500be2ffe000000000000060000000100014857
[TCP] RX serial=64 dst=30 code=00 reg=0x00000002 len=2 raw=55aa0064fe30000000000000020000000200eb56
[TCP] TX bytes=22 raw=aa55006430fe00000000000002000000020066065757
[TCP] RX serial=0D dst=30 code=00 reg=0x00000016 len=8 raw=55aa000dfe30000000000000160000000800ae56
[TCP] TX bytes=28 raw=aa55000d30fe0000000000001600000008004d36363030010000c857
[TCP] RX serial=95 dst=30 code=00 reg=0x14000000 len=88 raw=55aa0095fe300000000000000000001458008457
[TCP] TX bytes=108 raw=aa55009530fe0000000000000000001458004e5354520405060708090a0b0c0d0e0f101112131415161718191a1b1c1d1e1f20212223242526272829...
[TCP] RX serial=87 dst=30 code=00 reg=0x00000006 len=1 raw=55aa0087fe300000000000000600000001001157
[TCP] TX bytes=21 raw=aa55008730fe000000000000060000000100011257
[TCP] RX serial=37 dst=31 code=00 reg=0x00000002 len=2 raw=55aa0037fe31000000000000020000000200bf56
[TCP] TX bytes=22 raw=aa55003731fe00000000000002000000020066062b57
[TCP] RX serial=C4 dst=31 code=00 reg=0x00000016 len=8 raw=55aa00c4fe310000000000001600000008006657
[TCP] TX bytes=28 raw=aa5500c431fe0000000000001600000008004d363630310100008158
[TCP] RX serial=6F dst=31 code=00 reg=0x14000000 len=88 raw=55aa006ffe310000000000000000001458005f57
[TCP] TX bytes=108 raw=aa55006f31fe0000000000000000001458004e5354520405060708090a0b0c0d0e0f101112131415161718191a1b1c1d1e1f20212223242526272829...
[TCP] RX serial=D6 dst=31 code=00 reg=0x00000006 len=1 raw=55aa00d6fe310000000000000600000001006157
[TCP] TX bytes=21 raw=aa5500d631fe000000000000060000000100016257
[TCP] RX serial=97 dst=32 code=00 reg=0x00000002 len=2 raw=55aa0097fe320000000000000200000002002057
[TCP] TX bytes=22 raw=aa55009732fe00000000000002000000020066068c57
[TCP] RX serial=F5 dst=32 code=00 reg=0x00000016 len=8 raw=55aa00f5fe320000000000001600000008009857
[TCP] TX bytes=28 raw=aa5500f532fe0000000000001600000008004d36363032010000b458
[TCP] RX serial=50 dst=32 code=00 reg=0x14000000 len=88 raw=55aa0050fe320000000000000000001458004157
[TCP] TX bytes=108 raw=aa55005032fe0000000000000000001458004e5354520405060708090a0b0c0d0e0f101112131415161718191a1b1c1d1e1f20212223242526272829...
[TCP] RX serial=7A dst=32 code=00 reg=0x00000006 len=1 raw=55aa007afe320000000000000600000001000657
[TCP] TX bytes=21 raw=aa55007a32fe000000000000060000000100010757
[TCP] RX serial=EA dst=33 code=00 reg=0x00000002 len=2 raw=55aa00eafe330000000000000200000002007457
[TCP] TX bytes=22 raw=aa5500ea33fe0000000000000200000002006606e057
[TCP] RX serial=93 dst=33 code=00 reg=0x00000016 len=8 raw=55aa0093fe330000000000001600000008003757
[TCP] TX bytes=28 raw=aa55009333fe0000000000001600000008004d363630330100005458
[TCP] RX serial=CE dst=33 code=00 reg=0x14000000 len=88 raw=55aa00cefe33000000000000000000145800c057
[TCP] TX bytes=108 raw=aa5500ce33fe0000000000000000001458004e5354520405060708090a0b0c0d0e0f101112131415161718191a1b1c1d1e1f20212223242526272829...
[TCP] RX serial=01 dst=33 code=00 reg=0x00000006 len=1 raw=55aa0001fe330000000000000600000001008e56
[TCP] TX bytes=21 raw=aa55000133fe000000000000060000000100018f56
[TCP] RX serial=97 dst=34 code=00 reg=0x00000002 len=2 raw=55aa0097fe340000000000000200000002002257
[TCP] TX bytes=22 raw=aa55009734fe00000000000002000000020066068e57
[TCP] RX serial=CE dst=34 code=00 reg=0x00000016 len=8 raw=55aa00cefe340000000000001600000008007357
[TCP] TX bytes=28 raw=aa5500ce34fe0000000000001600000008004d363630340100009158
[TCP] RX serial=F0 dst=34 code=00 reg=0x14000000 len=88 raw=55aa00f0fe34000000000000000000145800e357
[TCP] TX bytes=108 raw=aa5500f034fe0000000000000000001458004e5354520405060708090a0b0c0d0e0f101112131415161718191a1b1c1d1e1f20212223242526272829...
[TCP] RX serial=DE dst=34 code=00 reg=0x00000006 len=1 raw=55aa00defe340000000000000600000001006c57
[TCP] TX bytes=21 raw=aa5500de34fe000000000000060000000100016d57
[TCP] RX serial=34 dst=35 code=00 reg=0x00000002 len=2 raw=55aa0034fe35000000000000020000000200c056
[TCP] TX bytes=22 raw=aa55003435fe00000000000002000000020066062c57
[TCP] RX serial=09 dst=35 code=00 reg=0x00000016 len=8 raw=55aa0009fe35000000000000160000000800af56
[TCP] TX bytes=28 raw=aa55000935fe0000000000001600000008004d36363035010000ce57
[TCP] RX serial=3D dst=35 code=00 reg=0x14000000 len=88 raw=55aa003dfe350000000000000000001458003157
[TCP] TX bytes=108 raw=aa55003d35fe0000000000000000001458004e5354520405060708090a0b0c0d0e0f101112131415161718191a1b1c1d1e1f20212223242526272829...
[TCP] RX serial=A2 dst=35 code=00 reg=0x00000006 len=1 raw=55aa00a2fe350000000000000600000001003157
[TCP] TX bytes=21 raw=aa5500a235fe000000000000060000000100013257
[TCP] RX serial=19 dst=36 code=00 reg=0x00000002 len=2 raw=55aa0019fe36000000000000020000000200a656
[TCP] TX bytes=22 raw=aa55001936fe00000000000002000000020066061257
[TCP] RX serial=D3 dst=36 code=00 reg=0x00000016 len=8 raw=55aa00d3fe360000000000001600000008007a57
[TCP] TX bytes=28 raw=aa5500d336fe0000000000001600000008004d363630360100009a58
[TCP] RX serial=1F dst=36 code=00 reg=0x14000000 len=88 raw=55aa001ffe360000000000000000001458001457
[TCP] TX bytes=108 raw=aa55001f36fe0000000000000000001458004e5354520405060708090a0b0c0d0e0f101112131415161718191a1b1c1d1e1f20212223242526272829...
[TCP] RX serial=1E dst=36 code=00 reg=0x00000006 len=1 raw=55aa001efe36000000000000060000000100ae56
[TCP] TX bytes=21 raw=aa55001e36fe00000000000006000000010001af56
[TCP] RX serial=61 dst=37 code=00 reg=0x00000002 len=2 raw=55aa0061fe37000000000000020000000200ef56
[TCP] TX bytes=22 raw=aa55006137fe00000000000002000000020066065b57
[TCP] RX serial=7D dst=37 code=00 reg=0x00000016 len=8 raw=55aa007dfe370000000000001600000008002557
[TCP] TX bytes=28 raw=aa55007d37fe0000000000001600000008004d363630370100004658
[TCP] RX serial=21 dst=37 code=00 reg=0x14000000 len=88 raw=55aa0021fe370000000000000000001458001757
[TCP] TX bytes=108 raw=aa55002137fe0000000000000000001458004e5354520405060708090a0b0c0d0e0f101112131415161718191a1b1c1d1e1f20212223242526272829...
[TCP] RX serial=80 dst=37 code=00 reg=0x00000006 len=1 raw=55aa0080fe370000000000000600000001001157
[TCP] TX bytes=21 raw=aa55008037fe000000000000060000000100011257
[TCP] RX serial=1F dst=38 code=00 reg=0x00000002 len=2 raw=55aa001ffe38000000000000020000000200ae56
[TCP] TX bytes=22 raw=aa55001f38fe00000000000002000000020066061a57
[TCP] RX serial=3D dst=38 code=00 reg=0x00000016 len=8 raw=55aa003dfe38000000000000160000000800e656
[TCP] TX bytes=28 raw=aa55003d38fe0000000000001600000008004d363630380100000858
[TCP] RX serial=56 dst=38 code=00 reg=0x14000000 len=88 raw=55aa0056fe380000000000000000001458004d57
[TCP] TX bytes=108 raw=aa55005638fe0000000000000000001458004e5354520405060708090a0b0c0d0e0f101112131415161718191a1b1c1d1e1f20212223242526272829...
[TCP] RX serial=F3 dst=38 code=00 reg=0x00000006 len=1 raw=55aa00f3fe380000000000000600000001008557
[TCP] TX bytes=21 raw=aa5500f338fe000000000000060000000100018657
[TCP] RX serial=C0 dst=39 code=00 reg=0x00000002 len=2 raw=55aa00c0fe390000000000000200000002005057
[TCP] TX bytes=22 raw=aa5500c039fe0000000000000200000002006606bc57
[TCP] RX serial=FB dst=39 code=00 reg=0x00000016 len=8 raw=55aa00fbfe39000000000000160000000800a557
[TCP] TX bytes=28 raw=aa5500fb39fe0000000000001600000008004d36363039010000c858
[TCP] RX serial=EA dst=39 code=00 reg=0x14000000 len=88 raw=55aa00eafe39000000000000000000145800e257
[TCP] TX bytes=108 raw=aa5500ea39fe0000000000000000001458004e5354520405060708090a0b0c0d0e0f101112131415161718191a1b1c1d1e1f20212223242526272829...
[TCP] RX serial=2B dst=39 code=00 reg=0x00000006 len=1 raw=55aa002bfe39000000000000060000000100be56
[TCP] TX bytes=21 raw=aa55002b39fe00000000000006000000010001bf56
[TCP] RX serial=EA dst=3A code=00 reg=0x00000002 len=2 raw=55aa00eafe3a0000000000000200000002007b57
[TCP] TX bytes=22 raw=aa5500ea3afe0000000000000200000002006606e757
[TCP] RX serial=2A dst=3A code=00 reg=0x00000016 len=8 raw=55aa002afe3a000000000000160000000800d556
[TCP] TX bytes=28 raw=aa55002a3afe0000000000001600000008004d3636303a010000f957
[TCP] RX serial=4F dst=3A code=00 reg=0x14000000 len=88 raw=55aa004ffe3a0000000000000000001458004857
[TCP] TX bytes=108 raw=aa55004f3afe0000000000000000001458004e5354520405060708090a0b0c0d0e0f101112131415161718191a1b1c1d1e1f20212223242526272829...
[TCP] RX serial=C4 dst=3A code=00 reg=0x00000006 len=1 raw=55aa00c4fe3a0000000000000600000001005857
[TCP] TX bytes=21 raw=aa5500c43afe000000000000060000000100015957
[TCP] RX serial=5A dst=3B code=00 reg=0x00000002 len=2 raw=55aa005afe3b000000000000020000000200ec56
[TCP] TX bytes=22 raw=aa55005a3bfe00000000000002000000020066065857
[TCP] RX serial=23 dst=3B code=00 reg=0x00000016 len=8 raw=55aa0023fe3b000000000000160000000800cf56
[TCP] TX bytes=28 raw=aa5500233bfe0000000000001600000008004d3636303b010000f457
[TCP] RX serial=67 dst=3B code=00 reg=0x14000000 len=88 raw=55aa0067fe3b0000000000000000001458006157
[TCP] TX bytes=108 raw=aa5500673bfe0000000000000000001458004e5354520405060708090a0b0c0d0e0f101112131415161718191a1b1c1d1e1f20212223242526272829...
[TCP] RX serial=F4 dst=3B code=00 reg=0x00000006 len=1 raw=55aa00f4fe3b0000000000000600000001008957
[TCP] TX bytes=21 raw=aa5500f43bfe000000000000060000000100018a57
[TCP] RX serial=51 dst=3C code=00 reg=0x00000002 len=2 raw=55aa0051fe3c000000000000020000000200e456
[TCP] TX bytes=22 raw=aa5500513cfe00000000000002000000020066065057
[TCP] RX serial=CB dst=3C code=00 reg=0x00000016 len=8 raw=55aa00cbfe3c0000000000001600000008007857
[TCP] TX bytes=28 raw=aa5500cb3cfe0000000000001600000008004d3636303c0100009e58
[TCP] RX serial=05 dst=3C code=00 reg=0x14000000 len=88 raw=55aa0005fe3c0000000000000000001458000057
[TCP] TX bytes=108 raw=aa5500053cfe0000000000000000001458004e5354520405060708090a0b0c0d0e0f101112131415161718191a1b1c1d1e1f20212223242526272829...
[TCP] RX serial=05 dst=3C code=00 reg=0x00000006 len=1 raw=55aa0005fe3c0000000000000600000001009b56
[TCP] TX bytes=21 raw=aa5500053cfe000000000000060000000100019c56
[TCP] RX serial=62 dst=3D code=00 reg=0x00000002 len=2 raw=55aa0062fe3d000000000000020000000200f656
[TCP] TX bytes=22 raw=aa5500623dfe00000000000002000000020066066257
[TCP] RX serial=90 dst=3D code=00 reg=0x00000016 len=8 raw=55aa0090fe3d0000000000001600000008003e57
[TCP] TX bytes=28 raw=aa5500903dfe0000000000001600000008004d3636303d0100006558
[TCP] RX serial=8A dst=3D code=00 reg=0x14000000 len=88 raw=55aa008afe3d0000000000000000001458008657
[TCP] TX bytes=108 raw=aa55008a3dfe0000000000000000001458004e5354520405060708090a0b0c0d0e0f101112131415161718191a1b1c1d1e1f20212223242526272829...
[TCP] RX serial=5A dst=3D code=00 reg=0x00000006 len=1 raw=55aa005afe3d000000000000060000000100f156
[TCP] TX bytes=21 raw=aa55005a3dfe00000000000006000000010001f256
[TCP] RX serial=CF dst=3E code=00 reg=0x00000002 len=2 raw=55aa00cffe3e0000000000000200000002006457
[TCP] TX bytes=22 raw=aa5500cf3efe0000000000000200000002006606d057
[TCP] RX serial=F2 dst=3E code=00 reg=0x00000016 len=8 raw=55aa00f2fe3e000000000000160000000800a157
[TCP] TX bytes=28 raw=aa5500f23efe0000000000001600000008004d3636303e010000c958
[TCP] RX serial=6D dst=3E code=00 reg=0x14000000 len=88 raw=55aa006dfe3e0000000000000000001458006a57
[TCP] TX bytes=108 raw=aa55006d3efe0000000000000000001458004e5354520405060708090a0b0c0d0e0f101112131415161718191a1b1c1d1e1f20212223242526272829...
[TCP] RX serial=63 dst=3E code=00 reg=0x00000006 len=1 raw=55aa0063fe3e000000000000060000000100fb56
[TCP] TX bytes=21 raw=aa5500633efe00000000000006000000010001fc56
[TCP] RX serial=A4 dst=3F code=00 reg=0x00000002 len=2 raw=55aa00a4fe3f0000000000000200000002003a57
[TCP] TX bytes=22 raw=aa5500a43ffe0000000000000200000002006606a657
[TCP] RX serial=50 dst=3F code=00 reg=0x00000016 len=8 raw=55aa0050fe3f0000000000001600000008000057
[TCP] TX bytes=28 raw=aa5500503ffe0000000000001600000008004d3636303f0100002958
[TCP] RX serial=74 dst=3F code=00 reg=0x14000000 len=88 raw=55aa0074fe3f0000000000000000001458007257
[TCP] TX bytes=108 raw=aa5500743ffe0000000000000000001458004e5354520405060708090a0b0c0d0e0f101112131415161718191a1b1c1d1e1f20212223242526272829...
[TCP] RX serial=19 dst=3F code=00 reg=0x00000006 len=1 raw=55aa0019fe3f000000000000060000000100b256
[TCP] TX bytes=21 raw=aa5500193ffe00000000000006000000010001b356
[TCP] RX serial=D4 dst=40 code=00 reg=0x00000002 len=2 raw=55aa00d4fe400000000000000200000002006b57
[TCP] TX bytes=22 raw=aa5500d440fe0000000000000200000002006606d757
[TCP] RX serial=CF dst=40 code=00 reg=0x00000016 len=8 raw=55aa00cffe400000000000001600000008008057
[TCP] TX bytes=28 raw=aa5500cf40fe0000000000001600000008004d36363040010000aa58
[TCP] RX serial=5A dst=40 code=00 reg=0x14000000 len=88 raw=55aa005afe400000000000000000001458005957
[TCP] TX bytes=108 raw=aa55005a40fe0000000000000000001458004e5354520405060708090a0b0c0d0e0f101112131415161718191a1b1c1d1e1f20212223242526272829...
[TCP] RX serial=AC dst=40 code=00 reg=0x00000006 len=1 raw=55aa00acfe400000000000000600000001004657
[TCP] TX bytes=21 raw=aa5500ac40fe000000000000060000000100014757
[TCP] RX serial=3C dst=41 code=00 reg=0x00000002 len=2 raw=55aa003cfe41000000000000020000000200d456
[TCP] TX bytes=22 raw=aa55003c41fe00000000000002000000020066064057
[TCP] RX serial=DA dst=41 code=00 reg=0x00000016 len=8 raw=55aa00dafe410000000000001600000008008c57
[TCP] TX bytes=28 raw=aa5500da41fe0000000000001600000008004d36363041010000b758
[TCP] RX serial=40 dst=41 code=00 reg=0x14000000 len=88 raw=55aa0040fe410000000000000000001458004057
[TCP] TX bytes=108 raw=aa55004041fe0000000000000000001458004e5354520405060708090a0b0c0d0e0f101112131415161718191a1b1c1d1e1f20212223242526272829...
[TCP] RX serial=9A dst=41 code=00 reg=0x00000006 len=1 raw=55aa009afe410000000000000600000001003557
[TCP] TX bytes=21 raw=aa55009a41fe000000000000060000000100013657
[TCP] RX serial=E3 dst=42 code=00 reg=0x00000002 len=2 raw=55aa00e3fe420000000000000200000002007c57
[TCP] TX bytes=22 raw=aa5500e342fe0000000000000200000002006606e857
[TCP] RX serial=C4 dst=42 code=00 reg=0x00000016 len=8 raw=55aa00c4fe420000000000001600000008007757
[TCP] TX bytes=28 raw=aa5500c442fe0000000000001600000008004d36363042010000a358
[TCP] RX serial=F2 dst=42 code=00 reg=0x14000000 len=88 raw=55aa00f2fe42000000000000000000145800f357
[TCP] TX bytes=108 raw=aa5500f242fe0000000000000000001458004e5354520405060708090a0b0c0d0e0f101112131415161718191a1b1c1d1e1f20212223242526272829...
[TCP] RX serial=09 dst=42 code=00 reg=0x00000006 len=1 raw=55aa0009fe42000000000000060000000100a556
[TCP] TX bytes=21 raw=aa55000942fe00000000000006000000010001a656
[TCP] RX serial=B9 dst=43 code=00 reg=0x00000002 len=2 raw=55aa00b9fe430000000000000200000002005357
[TCP] TX bytes=22 raw=aa5500b943fe0000000000000200000002006606bf57
[TCP] RX serial=77 dst=43 code=00 reg=0x00000016 len=8 raw=55aa0077fe430000000000001600000008002b57
[TCP] TX bytes=28 raw=aa55007743fe0000000000001600000008004d363630430100005858
[TCP] RX serial=47 dst=43 code=00 reg=0x14000000 len=88 raw=55aa0047fe430000000000000000001458004957
[TCP] TX bytes=108 raw=aa55004743fe0000000000000000001458004e5354520405060708090a0b0c0d0e0f101112131415161718191a1b1c1d1e1f20212223242526272829...
[TCP] RX serial=F5 dst=43 code=00 reg=0x00000006 len=1 raw=55aa00f5fe430000000000000600000001009257
[TCP] TX bytes=21 raw=aa5500f543fe000000000000060000000100019357
[TCP] RX serial=6B dst=44 code=00 reg=0x00000002 len=2 raw=55aa006bfe440000000000000200000002000657
[TCP] TX bytes=22 raw=aa55006b44fe00000000000002000000020066067257
[TCP] RX serial=2A dst=44 code=00 reg=0x00000016 len=8 raw=55aa002afe44000000000000160000000800df56
[TCP] TX bytes=28 raw=aa55002a44fe0000000000001600000008004d363630440100000d58
[TCP] RX serial=CC dst=44 code=00 reg=0x14000000 len=88 raw=55aa00ccfe44000000000000000000145800cf57
[TCP] TX bytes=108 raw=aa5500cc44fe0000000000000000001458004e5354520405060708090a0b0c0d0e0f101112131415161718191a1b1c1d1e1f20212223242526272829...
[TCP] RX serial=95 dst=44 code=00 reg=0x00000006 len=1 raw=55aa0095fe440000000000000600000001003357
[TCP] TX bytes=21 raw=aa55009544fe000000000000060000000100013457
[TCP] RX serial=78 dst=45 code=00 reg=0x00000002 len=2 raw=55aa0078fe450000000000000200000002001457
[TCP] TX bytes=22 raw=aa55007845fe00000000000002000000020066068057
[TCP] RX serial=1B dst=45 code=00 reg=0x00000016 len=8 raw=55aa001bfe45000000000000160000000800d156
[TCP] TX bytes=28 raw=aa55001b45fe0000000000001600000008004d363630450100000058
[TCP] RX serial=1D dst=45 code=00 reg=0x14000000 len=88 raw=55aa001dfe450000000000000000001458002157
[TCP] TX bytes=108 raw=aa55001d45fe0000000000000000001458004e5354520405060708090a0b0c0d0e0f101112131415161718191a1b1c1d1e1f20212223242526272829...
[TCP] RX serial=8D dst=45 code=00 reg=0x00000006 len=1 raw=55aa008dfe450000000000000600000001002c57
[TCP] TX bytes=21 raw=aa55008d45fe000000000000060000000100012d57
[TCP] RX serial=B2 dst=46 code=00 reg=0x00000002 len=2 raw=55aa00b2fe460000000000000200000002004f57
[TCP] TX bytes=22 raw=aa5500b246fe0000000000000200000002006606bb57
[TCP] RX serial=FA dst=46 code=00 reg=0x00000016 len=8 raw=55aa00fafe46000000000000160000000800b157
[TCP] TX bytes=28 raw=aa5500fa46fe0000000000001600000008004d36363046010000e158
[TCP] RX serial=24 dst=46 code=00 reg=0x14000000 len=88 raw=55aa0024fe460000000000000000001458002957
[TCP] TX bytes=108 raw=aa55002446fe0000000000000000001458004e5354520405060708090a0b0c0d0e0f101112131415161718191a1b1c1d1e1f20212223242526272829...
[TCP] RX serial=CC dst=46 code=00 reg=0x00000006 len=1 raw=55aa00ccfe460000000000000600000001006c57
[TCP] TX bytes=21 raw=aa5500cc46fe000000000000060000000100016d57
[TCP] RX serial=8E dst=47 code=00 reg=0x00000002 len=2 raw=55aa008efe470000000000000200000002002c57
[TCP] TX bytes=22 raw=aa55008e47fe00000000000002000000020066069857
[TCP] RX serial=87 dst=47 code=00 reg=0x00000016 len=8 raw=55aa0087fe470000000000001600000008003f57
[TCP] TX bytes=28 raw=aa55008747fe0000000000001600000008004d363630470100007058
[TCP] RX serial=85 dst=47 code=00 reg=0x14000000 len=88 raw=55aa0085fe470000000000000000001458008b57
[TCP] TX bytes=108 raw=aa55008547fe0000000000000000001458004e5354520405060708090a0b0c0d0e0f101112131415161718191a1b1c1d1e1f20212223242526272829...
[TCP] RX serial=9A dst=47 code=00 reg=0x00000006 len=1 raw=55aa009afe470000000000000600000001003b57
[TCP] TX bytes=21 raw=aa55009a47fe000000000000060000000100013c57
[TCP] RX serial=B5 dst=48 code=00 reg=0x00000002 len=2 raw=55aa00b5fe480000000000000200000002005457
[TCP] TX bytes=22 raw=aa5500b548fe0000000000000200000002006606c057
[TCP] RX serial=35 dst=48 code=00 reg=0x00000016 len=8 raw=55aa0035fe48000000000000160000000800ee56
[TCP] TX bytes=28 raw=aa55003548fe0000000000001600000008004d363630480100002058
[TCP] RX serial=EF dst=48 code=00 reg=0x14000000 len=88 raw=55aa00effe48000000000000000000145800f657
[TCP] TX bytes=108 raw=aa5500ef48fe0000000000000000001458004e5354520405060708090a0b0c0d0e0f101112131415161718191a1b1c1d1e1f20212223242526272829...
[TCP] RX serial=89 dst=48 code=00 reg=0x00000006 len=1 raw=55aa0089fe480000000000000600000001002b57
[TCP] TX bytes=21 raw=aa55008948fe000000000000060000000100012c57
[TCP] RX serial=C7 dst=49 code=00 reg=0x00000002 len=2 raw=55aa00c7fe490000000000000200000002006757
[TCP] TX bytes=22 raw=aa5500c749fe0000000000000200000002006606d357
[TCP] RX serial=B9 dst=49 code=00 reg=0x00000016 len=8 raw=55aa00b9fe490000000000001600000008007357
[TCP] TX bytes=28 raw=aa5500b949fe0000000000001600000008004d36363049010000a658
[TCP] RX serial=B7 dst=49 code=00 reg=0x14000000 len=88 raw=55aa00b7fe49000000000000000000145800bf57
[TCP] TX bytes=108 raw=aa5500b749fe0000000000000000001458004e5354520405060708090a0b0c0d0e0f101112131415161718191a1b1c1d1e1f20212223242526272829...
[TCP] RX serial=76 dst=49 code=00 reg=0x00000006 len=1 raw=55aa0076fe490000000000000600000001001957
[TCP] TX bytes=21 raw=aa55007649fe000000000000060000000100011a57
[TCP] RX serial=8A dst=4A code=00 reg=0x00000002 len=2 raw=55aa008afe4a0000000000000200000002002b57
[TCP] TX bytes=22 raw=aa55008a4afe00000000000002000000020066069757
[TCP] RX serial=6A dst=4A code=00 reg=0x00000016 len=8 raw=55aa006afe4a0000000000001600000008002557
[TCP] TX bytes=28 raw=aa55006a4afe0000000000001600000008004d3636304a0100005958
[TCP] RX serial=21 dst=4A code=00 reg=0x14000000 len=88 raw=55aa0021fe4a0000000000000000001458002a57
[TCP] TX bytes=108 raw=aa5500214afe0000000000000000001458004e5354520405060708090a0b0c0d0e0f101112131415161718191a1b1c1d1e1f20212223242526272829...
[TCP] RX serial=9C dst=4A code=00 reg=0x00000006 len=1 raw=55aa009cfe4a0000000000000600000001004057
[TCP] TX bytes=21 raw=aa55009c4afe000000000000060000000100014157
[TCP] RX serial=9C dst=4B code=00 reg=0x00000002 len=2 raw=55aa009cfe4b0000000000000200000002003e57
[TCP] TX bytes=22 raw=aa55009c4bfe0000000000000200000002006606aa57
[TCP] RX serial=80 dst=4B code=00 reg=0x00000016 len=8 raw=55aa0080fe4b0000000000001600000008003c57
[TCP] TX bytes=28 raw=aa5500804bfe0000000000001600000008004d3636304b0100007158
[TCP] RX serial=A0 dst=4B code=00 reg=0x14000000 len=88 raw=55aa00a0fe4b000000000000000000145800aa57
[TCP] TX bytes=108 raw=aa5500a04bfe0000000000000000001458004e5354520405060708090a0b0c0d0e0f101112131415161718191a1b1c1d1e1f20212223242526272829...
[TCP] RX serial=57 dst=4B code=00 reg=0x00000006 len=1 raw=55aa0057fe4b000000000000060000000100fc56
[TCP] TX bytes=21 raw=aa5500574bfe00000000000006000000010001fd56
[TCP] RX serial=AA dst=4C code=00 reg=0x00000002 len=2 raw=55aa00aafe4c0000000000000200000002004d57
[TCP] TX bytes=22 raw=aa5500aa4cfe0000000000000200000002006606b957
[TCP] RX serial=77 dst=4C code=00 reg=0x00000016 len=8 raw=55aa0077fe4c0000000000001600000008003457
[TCP] TX bytes=28 raw=aa5500774cfe0000000000001600000008004d3636304c0100006a58
[TCP] RX serial=F6 dst=4C code=00 reg=0x14000000 len=88 raw=55aa00f6fe4c0000000000000000001458000158
[TCP] TX bytes=108 raw=aa5500f64cfe0000000000000000001458004e5354520405060708090a0b0c0d0e0f101112131415161718191a1b1c1d1e1f20212223242526272829...
[TCP] RX serial=7A dst=4C code=00 reg=0x00000006 len=1 raw=55aa007afe4c0000000000000600000001002057
[TCP] TX bytes=21 raw=aa55007a4cfe000000000000060000000100012157
[TCP] RX serial=83 dst=4D code=00 reg=0x00000002 len=2 raw=55aa0083fe4d0000000000000200000002002757
[TCP] TX bytes=22 raw=aa5500834dfe00000000000002000000020066069357
[TCP] RX serial=DE dst=4D code=00 reg=0x00000016 len=8 raw=55aa00defe4d0000000000001600000008009c57
[TCP] TX bytes=28 raw=aa5500de4dfe0000000000001600000008004d3636304d010000d358
[TCP] RX serial=A0 dst=4D code=00 reg=0x14000000 len=88 raw=55aa00a0fe4d000000000000000000145800ac57
[TCP] TX bytes=108 raw=aa5500a04dfe0000000000000000001458004e5354520405060708090a0b0c0d0e0f101112131415161718191a1b1c1d1e1f20212223242526272829...
[TCP] RX serial=B8 dst=4D code=00 reg=0x00000006 len=1 raw=55aa00b8fe4d0000000000000600000001005f57
[TCP] TX bytes=21 raw=aa5500b84dfe000000000000060000000100016057
[TCP] RX serial=B1 dst=4E code=00 reg=0x00000002 len=2 raw=55aa00b1fe4e0000000000000200000002005657
[TCP] TX bytes=22 raw=aa5500b14efe0000000000000200000002006606c257
[TCP] RX serial=CC dst=4E code=00 reg=0x00000016 len=8 raw=55aa00ccfe4e0000000000001600000008008b57
[TCP] TX bytes=28 raw=aa5500cc4efe0000000000001600000008004d3636304e010000c358
[TCP] RX serial=F9 dst=4E code=00 reg=0x14000000 len=88 raw=55aa00f9fe4e0000000000000000001458000658
[TCP] TX bytes=108 raw=aa5500f94efe0000000000000000001458004e5354520405060708090a0b0c0d0e0f101112131415161718191a1b1c1d1e1f20212223242526272829...
[TCP] RX serial=41 dst=4E code=00 reg=0x00000006 len=1 raw=55aa0041fe4e000000000000060000000100e956
[TCP] TX bytes=21 raw=aa5500414efe00000000000006000000010001ea56
[TCP] RX serial=B5 dst=4F code=00 reg=0x00000002 len=2 raw=55aa00b5fe4f0000000000000200000002005b57
[TCP] TX bytes=22 raw=aa5500b54ffe0000000000000200000002006606c757
[TCP] RX serial=73 dst=4F code=00 reg=0x00000016 len=8 raw=55aa0073fe4f0000000000001600000008003357
[TCP] TX bytes=28 raw=aa5500734ffe0000000000001600000008004d3636304f0100006c58
[TCP] RX serial=0B dst=4F code=00 reg=0x14000000 len=88 raw=55aa000bfe4f0000000000000000001458001957
[TCP] TX bytes=108 raw=aa55000b4ffe0000000000000000001458004e5354520405060708090a0b0c0d0e0f101112131415161718191a1b1c1d1e1f20212223242526272829...
[TCP] RX serial=5B dst=4F code=00 reg=0x00000006 len=1 raw=55aa005bfe4f0000000000000600000001000457
[TCP] TX bytes=21 raw=aa55005b4ffe000000000000060000000100010557
[TCP] RX serial=3E dst=50 code=00 reg=0x00000002 len=2 raw=55aa003efe50000000000000020000000200e556
[TCP] TX bytes=22 raw=aa55003e50fe00000000000002000000020066065157
[TCP] RX serial=58 dst=50 code=00 reg=0x00000016 len=8 raw=55aa0058fe500000000000001600000008001957
[TCP] TX bytes=28 raw=aa55005850fe0000000000001600000008004d363630500100005358
[TCP] RX serial=53 dst=50 code=00 reg=0x14000000 len=88 raw=55aa0053fe500000000000000000001458006257
[TCP] TX bytes=108 raw=aa55005350fe0000000000000000001458004e5354520405060708090a0b0c0d0e0f101112131415161718191a1b1c1d1e1f20212223242526272829...
[TCP] RX serial=83 dst=50 code=00 reg=0x00000006 len=1 raw=55aa0083fe500000000000000600000001002d57
[TCP] TX bytes=21 raw=aa55008350fe000000000000060000000100012e57
[TCP] RX serial=86 dst=51 code=00 reg=0x00000002 len=2 raw=55aa0086fe510000000000000200000002002e57
[TCP] TX bytes=22 raw=aa55008651fe00000000000002000000020066069a57
[TCP] RX serial=BD dst=51 code=00 reg=0x00000016 len=8 raw=55aa00bdfe510000000000001600000008007f57
[TCP] TX bytes=28 raw=aa5500bd51fe0000000000001600000008004d36363051010000ba58
[TCP] RX serial=2D dst=51 code=00 reg=0x14000000 len=88 raw=55aa002dfe510000000000000000001458003d57
[TCP] TX bytes=108 raw=aa55002d51fe0000000000000000001458004e5354520405060708090a0b0c0d0e0f101112131415161718191a1b1c1d1e1f20212223242526272829...
[TCP] RX serial=B1 dst=51 code=00 reg=0x00000006 len=1 raw=55aa00b1fe510000000000000600000001005c57
[TCP] TX bytes=21 raw=aa5500b151fe000000000000060000000100015d57
[TCP] RX serial=71 dst=52 code=00 reg=0x00000002 len=2 raw=55aa0071fe520000000000000200000002001a57
[TCP] TX bytes=22 raw=aa55007152fe00000000000002000000020066068657
[TCP] RX serial=55 dst=52 code=00 reg=0x00000016 len=8 raw=55aa0055fe520000000000001600000008001857
[TCP] TX bytes=28 raw=aa55005552fe0000000000001600000008004d363630520100005458
[TCP] RX serial=0A dst=52 code=00 reg=0x14000000 len=88 raw=55aa000afe520000000000000000001458001b57
[TCP] TX bytes=108 raw=aa55000a52fe0000000000000000001458004e5354520405060708090a0b0c0d0e0f101112131415161718191a1b1c1d1e1f20212223242526272829...
[TCP] RX serial=0D dst=52 code=00 reg=0x00000006 len=1 raw=55aa000dfe52000000000000060000000100b956
[TCP] TX bytes=21 raw=aa55000d52fe00000000000006000000010001ba56
[TCP] RX serial=F9 dst=53 code=00 reg=0x00000002 len=2 raw=55aa00f9fe53000000000000020000000200a357
[TCP] TX bytes=22 raw=aa5500f953fe00000000000002000000020066060f58
[TCP] RX serial=7F dst=53 code=00 reg=0x00000016 len=8 raw=55aa007ffe530000000000001600000008004357
[TCP] TX bytes=28 raw=aa55007f53fe0000000000001600000008004d363630530100008058
[TCP] RX serial=EF dst=53 code=00 reg=0x14000000 len=88 raw=55aa00effe530000000000000000001458000158
[TCP] TX bytes=108 raw=aa5500ef53fe0000000000000000001458004e5354520405060708090a0b0c0d0e0f101112131415161718191a1b1c1d1e1f20212223242526272829...
[TCP] RX serial=32 dst=53 code=00 reg=0x00000006 len=1 raw=55aa0032fe53000000000000060000000100df56
[TCP] TX bytes=21 raw=aa55003253fe00000000000006000000010001e056
[TCP] RX serial=5A dst=54 code=00 reg=0x00000002 len=2 raw=55aa005afe540000000000000200000002000557
[TCP] TX bytes=22 raw=aa55005a54fe00000000000002000000020066067157
[TCP] RX serial=CC dst=54 code=00 reg=0x00000016 len=8 raw=55aa00ccfe540000000000001600000008009157
[TCP] TX bytes=28 raw=aa5500cc54fe0000000000001600000008004d36363054010000cf58
[TCP] RX serial=22 dst=54 code=00 reg=0x14000000 len=88 raw=55aa0022fe540000000000000000001458003557
[TCP] TX bytes=108 raw=aa55002254fe0000000000000000001458004e5354520405060708090a0b0c0d0e0f101112131415161718191a1b1c1d1e1f20212223242526272829...
[TCP] RX serial=17 dst=54 code=00 reg=0x00000006 len=1 raw=55aa0017fe54000000000000060000000100c556
[TCP] TX bytes=21 raw=aa55001754fe00000000000006000000010001c656
[TCP] RX serial=90 dst=55 code=00 reg=0x00000002 len=2 raw=55aa0090fe550000000000000200000002003c57
[TCP] TX bytes=22 raw=aa55009055fe0000000000000200000002006606a857
[TCP] RX serial=0B dst=55 code=00 reg=0x00000016 len=8 raw=55aa000bfe55000000000000160000000800d156
[TCP] TX bytes=28 raw=aa55000b55fe0000000000001600000008004d363630550100001058
[TCP] RX serial=16 dst=55 code=00 reg=0x14000000 len=88 raw=55aa0016fe550000000000000000001458002a57
[TCP] TX bytes=108 raw=aa55001655fe0000000000000000001458004e5354520405060708090a0b0c0d0e0f101112131415161718191a1b1c1d1e1f20212223242526272829...
[TCP] RX serial=D6 dst=55 code=00 reg=0x00000006 len=1 raw=55aa00d6fe550000000000000600000001008557
[TCP] TX bytes=21 raw=aa5500d655fe000000000000060000000100018657
[TCP] RX serial=93 dst=56 code=00 reg=0x00000002 len=2 raw=55aa0093fe560000000000000200000002004057
[TCP] TX bytes=22 raw=aa55009356fe0000000000000200000002006606ac57
[TCP] RX serial=37 dst=56 code=00 reg=0x00000016 len=8 raw=55aa0037fe56000000000000160000000800fe56
[TCP] TX bytes=28 raw=aa55003756fe0000000000001600000008004d363630560100003e58
[TCP] RX serial=D6 dst=56 code=00 reg=0x14000000 len=88 raw=55aa00d6fe56000000000000000000145800eb57
[TCP] TX bytes=108 raw=aa5500d656fe0000000000000000001458004e5354520405060708090a0b0c0d0e0f101112131415161718191a1b1c1d1e1f20212223242526272829...
[TCP] RX serial=FA dst=56 code=00 reg=0x00000006 len=1 raw=55aa00fafe56000000000000060000000100aa57
[TCP] TX bytes=21 raw=aa5500fa56fe00000000000006000000010001ab57
[TCP] RX serial=BF dst=57 code=00 reg=0x00000002 len=2 raw=55aa00bffe570000000000000200000002006d57
[TCP] TX bytes=22 raw=aa5500bf57fe0000000000000200000002006606d957
[TCP] RX serial=76 dst=57 code=00 reg=0x00000016 len=8 raw=55aa0076fe570000000000001600000008003e57
[TCP] TX bytes=28 raw=aa55007657fe0000000000001600000008004d363630570100007f58
[TCP] RX serial=BF dst=57 code=00 reg=0x14000000 len=88 raw=55aa00bffe57000000000000000000145800d557
[TCP] TX bytes=108 raw=aa5500bf57fe0000000000000000001458004e5354520405060708090a0b0c0d0e0f101112131415161718191a1b1c1d1e1f20212223242526272829...
[TCP] RX serial=17 dst=57 code=00 reg=0x00000006 len=1 raw=55aa0017fe57000000000000060000000100c856
[TCP] TX bytes=21 raw=aa55001757fe00000000000006000000010001c956
[TCP] RX serial=5E dst=58 code=00 reg=0x00000002 len=2 raw=55aa005efe580000000000000200000002000d57
[TCP] TX bytes=22 raw=aa55005e58fe00000000000002000000020066067957
[TCP] RX serial=C5 dst=58 code=00 reg=0x00000016 len=8 raw=55aa00c5fe580000000000001600000008008e57
[TCP] TX bytes=28 raw=aa5500c558fe0000000000001600000008004d36363058010000d058
[TCP] RX serial=5E dst=58 code=00 reg=0x14000000 len=88 raw=55aa005efe580000000000000000001458007557
[TCP] TX bytes=108 raw=aa55005e58fe0000000000000000001458004e5354520405060708090a0b0c0d0e0f101112131415161718191a1b1c1d1e1f20212223242526272829...
[TCP] RX serial=43 dst=58 code=00 reg=0x00000006 len=1 raw=55aa0043fe58000000000000060000000100f556
[TCP] TX bytes=21 raw=aa55004358fe00000000000006000000010001f656
[TCP] RX serial=2C dst=59 code=00 reg=0x00000002 len=2 raw=55aa002cfe59000000000000020000000200dc56
[TCP] TX bytes=22 raw=aa55002c59fe00000000000002000000020066064857
[TCP] RX serial=1D dst=59 code=00 reg=0x00000016 len=8 raw=55aa001dfe59000000000000160000000800e756
[TCP] TX bytes=28 raw=aa55001d59fe0000000000001600000008004d363630590100002a58
[TCP] RX serial=CF dst=59 code=00 reg=0x14000000 len=88 raw=55aa00cffe59000000000000000000145800e757
[TCP] TX bytes=108 raw=aa5500cf59fe0000000000000000001458004e5354520405060708090a0b0c0d0e0f101112131415161718191a1b1c1d1e1f20212223242526272829...
[TCP] RX serial=EB dst=59 code=00 reg=0x00000006 len=1 raw=55aa00ebfe590000000000000600000001009e57
[TCP] TX bytes=21 raw=aa5500eb59fe000000000000060000000100019f57
[TCP] RX serial=49 dst=5A code=00 reg=0x00000002 len=2 raw=55aa0049fe5a000000000000020000000200fa56
[TCP] TX bytes=22 raw=aa5500495afe00000000000002000000020066066657
[TCP] RX serial=45 dst=5A code=00 reg=0x00000016 len=8 raw=55aa0045fe5a0000000000001600000008001057
[TCP] TX bytes=28 raw=aa5500455afe0000000000001600000008004d3636305a0100005458
[TCP] RX serial=09 dst=5A code=00 reg=0x14000000 len=88 raw=55aa0009fe5a0000000000000000001458002257
[TCP] TX bytes=108 raw=aa5500095afe0000000000000000001458004e5354520405060708090a0b0c0d0e0f101112131415161718191a1b1c1d1e1f20212223242526272829...
[TCP] RX serial=2D dst=5A code=00 reg=0x00000006 len=1 raw=55aa002dfe5a000000000000060000000100e156
[TCP] TX bytes=21 raw=aa55002d5afe00000000000006000000010001e256
[TCP] RX serial=D3 dst=5B code=00 reg=0x00000002 len=2 raw=55aa00d3fe5b0000000000000200000002008557
[TCP] TX bytes=22 raw=aa5500d35bfe0000000000000200000002006606f157
[TCP] RX serial=92 dst=5B code=00 reg=0x00000016 len=8 raw=55aa0092fe5b0000000000001600000008005e57
[TCP] TX bytes=28 raw=aa5500925bfe0000000000001600000008004d3636305b010000a358
[TCP] RX serial=BE dst=5B code=00 reg=0x14000000 len=88 raw=55aa00befe5b000000000000000000145800d857
[TCP] TX bytes=108 raw=aa5500be5bfe0000000000000000001458004e5354520405060708090a0b0c0d0e0f101112131415161718191a1b1c1d1e1f20212223242526272829...
[TCP] RX serial=32 dst=5B code=00 reg=0x00000006 len=1 raw=55aa0032fe5b000000000000060000000100e756
[TCP] TX bytes=21 raw=aa5500325bfe00000000000006000000010001e856
[TCP] RX serial=DB dst=5C code=00 reg=0x00000002 len=2 raw=55aa00dbfe5c0000000000000200000002008e57
[TCP] TX bytes=22 raw=aa5500db5cfe0000000000000200000002006606fa57
[TCP] RX serial=C7 dst=5C code=00 reg=0x00000016 len=8 raw=55aa00c7fe5c0000000000001600000008009457
[TCP] TX bytes=28 raw=aa5500c75cfe0000000000001600000008004d3636305c010000da58
[TCP] RX serial=E5 dst=5C code=00 reg=0x14000000 len=88 raw=55aa00e5fe5c0000000000000000001458000058
[TCP] TX bytes=108 raw=aa5500e55cfe0000000000000000001458004e5354520405060708090a0b0c0d0e0f101112131415161718191a1b1c1d1e1f20212223242526272829...
[TCP] RX serial=E8 dst=5C code=00 reg=0x00000006 len=1 raw=55aa00e8fe5c0000000000000600000001009e57
[TCP] TX bytes=21 raw=aa5500e85cfe000000000000060000000100019f57
[TCP] RX serial=50 dst=5D code=00 reg=0x00000002 len=2 raw=55aa0050fe5d0000000000000200000002000457
[TCP] TX bytes=22 raw=aa5500505dfe00000000000002000000020066067057
[TCP] RX serial=F3 dst=5D code=00 reg=0x00000016 len=8 raw=55aa00f3fe5d000000000000160000000800c157
[TCP] TX bytes=28 raw=aa5500f35dfe0000000000001600000008004d3636305d0100000859
[TCP] RX serial=CA dst=5D code=00 reg=0x14000000 len=88 raw=55aa00cafe5d000000000000000000145800e657
[TCP] TX bytes=108 raw=aa5500ca5dfe0000000000000000001458004e5354520405060708090a0b0c0d0e0f101112131415161718191a1b1c1d1e1f20212223242526272829...
[TCP] RX serial=33 dst=5D code=00 reg=0x00000006 len=1 raw=55aa0033fe5d000000000000060000000100ea56
[TCP] TX bytes=21 raw=aa5500335dfe00000000000006000000010001eb56
[TCP] RX serial=42 dst=5E code=00 reg=0x00000002 len=2 raw=55aa0042fe5e000000000000020000000200f756
[TCP] TX bytes=22 raw=aa5500425efe00000000000002000000020066066357
[TCP] RX serial=7C dst=5E code=00 reg=0x00000016 len=8 raw=55aa007cfe5e0000000000001600000008004b57
[TCP] TX bytes=28 raw=aa55007c5efe0000000000001600000008004d3636305e0100009358
[TCP] RX serial=EE dst=5E code=00 reg=0x14000000 len=88 raw=55aa00eefe5e0000000000000000001458000b58
[TCP] TX bytes=108 raw=aa5500ee5efe0000000000000000001458004e5354520405060708090a0b0c0d0e0f101112131415161718191a1b1c1d1e1f20212223242526272829...
[TCP] RX serial=4F dst=5E code=00 reg=0x00000006 len=1 raw=55aa004ffe5e0000000000000600000001000757
[TCP] TX bytes=21 raw=aa55004f5efe000000000000060000000100010857
[TCP] RX serial=E5 dst=5F code=00 reg=0x00000002 len=2 raw=55aa00e5fe5f0000000000000200000002009b57
[TCP] TX bytes=22 raw=aa5500e55ffe00000000000002000000020066060758
[TCP] RX serial=32 dst=5F code=00 reg=0x00000016 len=8 raw=55aa0032fe5f0000000000001600000008000257
[TCP] TX bytes=28 raw=aa5500325ffe0000000000001600000008004d3636305f0100004b58
[TCP] RX serial=F1 dst=5F code=00 reg=0x14000000 len=88 raw=55aa00f1fe5f0000000000000000001458000f58
[TCP] TX bytes=108 raw=aa5500f15ffe0000000000000000001458004e5354520405060708090a0b0c0d0e0f101112131415161718191a1b1c1d1e1f20212223242526272829...
[TCP] RX serial=F9 dst=5F code=00 reg=0x00000006 len=1 raw=55aa00f9fe5f000000000000060000000100b257
[TCP] TX bytes=21 raw=aa5500f95ffe00000000000006000000010001b357
[TCP] RX serial=95 dst=60 code=00 reg=0x00000002 len=2 raw=55aa0095fe600000000000000200000002004c57
[TCP] TX bytes=22 raw=aa55009560fe0000000000000200000002006606b857
[TCP] RX serial=F2 dst=60 code=00 reg=0x00000016 len=8 raw=55aa00f2fe60000000000000160000000800c357
[TCP] TX bytes=28 raw=aa5500f260fe0000000000001600000008004d363630600100000d59
[TCP] RX serial=AE dst=60 code=00 reg=0x14000000 len=88 raw=55aa00aefe60000000000000000000145800cd57
[TCP] TX bytes=108 raw=aa5500ae60fe0000000000000000001458004e5354520405060708090a0b0c0d0e0f101112131415161718191a1b1c1d1e1f20212223242526272829...
[TCP] RX serial=33 dst=60 code=00 reg=0x00000006 len=1 raw=55aa0033fe60000000000000060000000100ed56
[TCP] TX bytes=21 raw=aa55003360fe00000000000006000000010001ee56
[TCP] RX serial=21 dst=61 code=00 reg=0x00000002 len=2 raw=55aa0021fe61000000000000020000000200d956
[TCP] TX bytes=22 raw=aa55002161fe00000000000002000000020066064557
[TCP] RX serial=AB dst=61 code=00 reg=0x00000016 len=8 raw=55aa00abfe610000000000001600000008007d57
[TCP] TX bytes=28 raw=aa5500ab61fe0000000000001600000008004d36363061010000c858
[TCP] RX serial=05 dst=61 code=00 reg=0x14000000 len=88 raw=55aa0005fe610000000000000000001458002557
[TCP] TX bytes=108 raw=aa55000561fe0000000000000000001458004e5354520405060708090a0b0c0d0e0f101112131415161718191a1b1c1d1e1f20212223242526272829...
[TCP] RX serial=3C dst=61 code=00 reg=0x00000006 len=1 raw=55aa003cfe61000000000000060000000100f756
[TCP] TX bytes=21 raw=aa55003c61fe00000000000006000000010001f856
[TCP] RX serial=FB dst=62 code=00 reg=0x00000002 len=2 raw=55aa00fbfe62000000000000020000000200b457
[TCP] TX bytes=22 raw=aa5500fb62fe00000000000002000000020066062058
[TCP] RX serial=35 dst=62 code=00 reg=0x00000016 len=8 raw=55aa0035fe620000000000001600000008000857
[TCP] TX bytes=28 raw=aa55003562fe0000000000001600000008004d363630620100005458
[TCP] RX serial=CC dst=62 code=00 reg=0x14000000 len=88 raw=55aa00ccfe62000000000000000000145800ed57
[TCP] TX bytes=108 raw=aa5500cc62fe0000000000000000001458004e5354520405060708090a0b0c0d0e0f101112131415161718191a1b1c1d1e1f20212223242526272829...
[TCP] RX serial=4A dst=62 code=00 reg=0x00000006 len=1 raw=55aa004afe620000000000000600000001000657
[TCP] TX bytes=21 raw=aa55004a62fe000000000000060000000100010757
[TCP] RX serial=02 dst=63 code=00 reg=0x00000002 len=2 raw=55aa0002fe63000000000000020000000200bc56
[TCP] TX bytes=22 raw=aa55000263fe00000000000002000000020066062857
[TCP] RX serial=E7 dst=63 code=00 reg=0x00000016 len=8 raw=55aa00e7fe63000000000000160000000800bb57
[TCP] TX bytes=28 raw=aa5500e763fe0000000000001600000008004d363630630100000859
[TCP] RX serial=02 dst=63 code=00 reg=0x14000000 len=88 raw=55aa0002fe630000000000000000001458002457
[TCP] TX bytes=108 raw=aa55000263fe0000000000000000001458004e5354520405060708090a0b0c0d0e0f101112131415161718191a1b1c1d1e1f20212223242526272829...
[TCP] RX serial=01 dst=63 code=00 reg=0x00000006 len=1 raw=55aa0001fe63000000000000060000000100be56
[TCP] TX bytes=21 raw=aa55000163fe00000000000006000000010001bf56
[TCP] RX serial=78 dst=64 code=00 reg=0x00000002 len=2 raw=55aa0078fe640000000000000200000002003357
[TCP] TX bytes=22 raw=aa55007864fe00000000000002000000020066069f57
[TCP] RX serial=A4 dst=64 code=00 reg=0x00000016 len=8 raw=55aa00a4fe640000000000001600000008007957
[TCP] TX bytes=28 raw=aa5500a464fe0000000000001600000008004d36363064010000c758
[TCP] RX serial=1E dst=64 code=00 reg=0x14000000 len=88 raw=55aa001efe640000000000000000001458004157
[TCP] TX bytes=108 raw=aa55001e64fe0000000000000000001458004e5354520405060708090a0b0c0d0e0f101112131415161718191a1b1c1d1e1f20212223242526272829...
[TCP] RX serial=F6 dst=64 code=00 reg=0x00000006 len=1 raw=55aa00f6fe64000000000000060000000100b457
[TCP] TX bytes=21 raw=aa5500f664fe00000000000006000000010001b557
[TCP] RX serial=8F dst=65 code=00 reg=0x00000002 len=2 raw=55aa008ffe650000000000000200000002004b57
[TCP] TX bytes=22 raw=aa55008f65fe0000000000000200000002006606b757
[TCP] RX serial=D6 dst=65 code=00 reg=0x00000016 len=8 raw=55aa00d6fe65000000000000160000000800ac57
[TCP] TX bytes=28 raw=aa5500d665fe0000000000001600000008004d36363065010000fb58
[TCP] RX serial=C6 dst=65 code=00 reg=0x14000000 len=88 raw=55aa00c6fe65000000000000000000145800ea57
[TCP] TX bytes=108 raw=aa5500c665fe0000000000000000001458004e5354520405060708090a0b0c0d0e0f101112131415161718191a1b1c1d1e1f20212223242526272829...
[TCP] RX serial=69 dst=65 code=00 reg=0x00000006 len=1 raw=55aa0069fe650000000000000600000001002857
[TCP] TX bytes=21 raw=aa55006965fe000000000000060000000100012957
[TCP] RX serial=FA dst=66 code=00 reg=0x00000002 len=2 raw=55aa00fafe66000000000000020000000200b757
[TCP] TX bytes=22 raw=aa5500fa66fe00000000000002000000020066062358
[TCP] RX serial=2B dst=66 code=00 reg=0x00000016 len=8 raw=55aa002bfe660000000000001600000008000257
[TCP] TX bytes=28 raw=aa55002b66fe0000000000001600000008004d363630660100005258
[TCP] RX serial=01 dst=66 code=00 reg=0x14000000 len=88 raw=55aa0001fe660000000000000000001458002657
[TCP] TX bytes=108 raw=aa55000166fe0000000000000000001458004e5354520405060708090a0b0c0d0e0f101112131415161718191a1b1c1d1e1f20212223242526272829...
[TCP] RX serial=AF dst=66 code=00 reg=0x00000006 len=1 raw=55aa00affe660000000000000600000001006f57
[TCP] TX bytes=21 raw=aa5500af66fe000000000000060000000100017057
[TCP] RX serial=2D dst=67 code=00 reg=0x00000002 len=2 raw=55aa002dfe67000000000000020000000200eb56
[TCP] TX bytes=22 raw=aa55002d67fe00000000000002000000020066065757
[TCP] RX serial=80 dst=67 code=00 reg=0x00000016 len=8 raw=55aa0080fe670000000000001600000008005857
[TCP] TX bytes=28 raw=aa55008067fe0000000000001600000008004d36363067010000a958
[TCP] RX serial=06 dst=67 code=00 reg=0x14000000 len=88 raw=55aa0006fe670000000000000000001458002c57
[TCP] TX bytes=108 raw=aa55000667fe0000000000000000001458004e5354520405060708090a0b0c0d0e0f101112131415161718191a1b1c1d1e1f20212223242526272829...
[TCP] RX serial=17 dst=67 code=00 reg=0x00000006 len=1 raw=55aa0017fe67000000000000060000000100d856
[TCP] TX bytes=21 raw=aa55001767fe00000000000006000000010001d956
[TCP] RX serial=53 dst=68 code=00 reg=0x00000002 len=2 raw=55aa0053fe680000000000000200000002001257
[TCP] TX bytes=22 raw=aa55005368fe00000000000002000000020066067e57
[TCP] RX serial=0E dst=68 code=00 reg=0x00000016 len=8 raw=55aa000efe68000000000000160000000800e756
[TCP] TX bytes=28 raw=aa55000e68fe0000000000001600000008004d363630680100003958
[TCP] RX serial=97 dst=68 code=00 reg=0x14000000 len=88 raw=55aa0097fe68000000000000000000145800be57
[TCP] TX bytes=108 raw=aa55009768fe0000000000000000001458004e5354520405060708090a0b0c0d0e0f101112131415161718191a1b1c1d1e1f20212223242526272829...
[TCP] RX serial=DF dst=68 code=00 reg=0x00000006 len=1 raw=55aa00dffe68000000000000060000000100a157
[TCP] TX bytes=21 raw=aa5500df68fe00000000000006000000010001a257
[TCP] RX serial=E3 dst=69 code=00 reg=0x00000002 len=2 raw=55aa00e3fe69000000000000020000000200a357
[TCP] TX bytes=22 raw=aa5500e369fe00000000000002000000020066060f58
[TCP] RX serial=8A dst=69 code=00 reg=0x00000016 len=8 raw=55aa008afe690000000000001600000008006457
[TCP] TX bytes=28 raw=aa55008a69fe0000000000001600000008004d36363069010000b758
[TCP] RX serial=10 dst=69 code=00 reg=0x14000000 len=88 raw=55aa0010fe690000000000000000001458003857
[TCP] TX bytes=108 raw=aa55001069fe0000000000000000001458004e5354520405060708090a0b0c0d0e0f101112131415161718191a1b1c1d1e1f20212223242526272829...
[TCP] RX serial=30 dst=69 code=00 reg=0x00000006 len=1 raw=55aa0030fe69000000000000060000000100f356
[TCP] TX bytes=21 raw=aa55003069fe00000000000006000000010001f456
[TCP] RX serial=C1 dst=6A code=00 reg=0x00000002 len=2 raw=55aa00c1fe6a0000000000000200000002008257
[TCP] TX bytes=22 raw=aa5500c16afe0000000000000200000002006606ee57
[TCP] RX serial=A9 dst=6A code=00 reg=0x00000016 len=8 raw=55aa00a9fe6a0000000000001600000008008457
[TCP] TX bytes=28 raw=aa5500a96afe0000000000001600000008004d3636306a010000d858
[TCP] RX serial=EB dst=6A code=00 reg=0x14000000 len=88 raw=55aa00ebfe6a0000000000000000001458001458
[TCP] TX bytes=108 raw=aa5500eb6afe0000000000000000001458004e5354520405060708090a0b0c0d0e0f101112131415161718191a1b1c1d1e1f20212223242526272829...
[TCP] RX serial=1A dst=6A code=00 reg=0x00000006 len=1 raw=55aa001afe6a000000000000060000000100de56
[TCP] TX bytes=21 raw=aa55001a6afe00000000000006000000010001df56
[TCP] RX serial=27 dst=6B code=00 reg=0x00000002 len=2 raw=55aa0027fe6b000000000000020000000200e956
[TCP] TX bytes=22 raw=aa5500276bfe00000000000002000000020066065557
[TCP] RX serial=7F dst=6B code=00 reg=0x00000016 len=8 raw=55aa007ffe6b0000000000001600000008005b57
[TCP] TX bytes=28 raw=aa55007f6bfe0000000000001600000008004d3636306b010000b058
[TCP] RX serial=30 dst=6B code=00 reg=0x14000000 len=88 raw=55aa0030fe6b0000000000000000001458005a57
[TCP] TX bytes=108 raw=aa5500306bfe0000000000000000001458004e5354520405060708090a0b0c0d0e0f101112131415161718191a1b1c1d1e1f20212223242526272829...
[TCP] RX serial=59 dst=6B code=00 reg=0x00000006 len=1 raw=55aa0059fe6b0000000000000600000001001e57
[TCP] TX bytes=21 raw=aa5500596bfe000000000000060000000100011f57
[TCP] RX serial=79 dst=6C code=00 reg=0x00000002 len=2 raw=55aa0079fe6c0000000000000200000002003c57
[TCP] TX bytes=22 raw=aa5500796cfe0000000000000200000002006606a857
[TCP] RX serial=ED dst=6C code=00 reg=0x00000016 len=8 raw=55aa00edfe6c000000000000160000000800ca57
[TCP] TX bytes=28 raw=aa5500ed6cfe0000000000001600000008004d3636306c0100002059
[TCP] RX serial=D6 dst=6C code=00 reg=0x14000000 len=88 raw=55aa00d6fe6c0000000000000000001458000158
[TCP] TX bytes=108 raw=aa5500d66cfe0000000000000000001458004e5354520405060708090a0b0c0d0e0f101112131415161718191a1b1c1d1e1f20212223242526272829...
[TCP] RX serial=41 dst=6C code=00 reg=0x00000006 len=1 raw=55aa0041fe6c0000000000000600000001000757
[TCP] TX bytes=21 raw=aa5500416cfe000000000000060000000100010857
[TCP] RX serial=14 dst=6D code=00 reg=0x00000002 len=2 raw=55aa0014fe6d000000000000020000000200d856
[TCP] TX bytes=22 raw=aa5500146dfe00000000000002000000020066064457
[TCP] RX serial=F9 dst=6D code=00 reg=0x00000016 len=8 raw=55aa00f9fe6d000000000000160000000800d757
[TCP] TX bytes=28 raw=aa5500f96dfe0000000000001600000008004d3636306d0100002e59
[TCP] RX serial=6A dst=6D code=00 reg=0x14000000 len=88 raw=55aa006afe6d0000000000000000001458009657
[TCP] TX bytes=108 raw=aa55006a6dfe0000000000000000001458004e5354520405060708090a0b0c0d0e0f101112131415161718191a1b1c1d1e1f20212223242526272829...
[TCP] RX serial=BD dst=6D code=00 reg=0x00000006 len=1 raw=55aa00bdfe6d0000000000000600000001008457
[TCP] TX bytes=21 raw=aa5500bd6dfe000000000000060000000100018557
[TCP] RX serial=2C dst=6E code=00 reg=0x00000002 len=2 raw=55aa002cfe6e000000000000020000000200f156
[TCP] TX bytes=22 raw=aa55002c6efe00000000000002000000020066065d57
[TCP] RX serial=45 dst=6E code=00 reg=0x00000016 len=8 raw=55aa0045fe6e0000000000001600000008002457
[TCP] TX bytes=28 raw=aa5500456efe0000000000001600000008004d3636306e0100007c58
[TCP] RX serial=38 dst=6E code=00 reg=0x14000000 len=88 raw=55aa0038fe6e0000000000000000001458006557
[TCP] TX bytes=108 raw=aa5500386efe0000000000000000001458004e5354520405060708090a0b0c0d0e0f101112131415161718191a1b1c1d1e1f20212223242526272829...
[TCP] RX serial=F5 dst=6E code=00 reg=0x00000006 len=1 raw=55aa00f5fe6e000000000000060000000100bd57
[TCP] TX bytes=21 raw=aa5500f56efe00000000000006000000010001be57
[TCP] RX serial=AA dst=6F code=00 reg=0x00000002 len=2 raw=55aa00aafe6f0000000000000200000002007057
[TCP] TX bytes=22 raw=aa5500aa6ffe0000000000000200000002006606dc57
[TCP] RX serial=55 dst=6F code=00 reg=0x00000016 len=8 raw=55aa0055fe6f0000000000001600000008003557
[TCP] TX bytes=28 raw=aa5500556ffe0000000000001600000008004d3636306f0100008e58
[TCP] RX serial=0F dst=6F code=00 reg=0x14000000 len=88 raw=55aa000ffe6f0000000000000000001458003d57
[TCP] TX bytes=108 raw=aa55000f6ffe0000000000000000001458004e5354520405060708090a0b0c0d0e0f101112131415161718191a1b1c1d1e1f20212223242526272829...
[TCP] RX serial=7B dst=6F code=00 reg=0x00000006 len=1 raw=55aa007bfe6f0000000000000600000001004457
[TCP] TX bytes=21 raw=aa55007b6ffe000000000000060000000100014557
[TCP] RX serial=2F dst=70 code=00 reg=0x00000002 len=2 raw=55aa002ffe70000000000000020000000200f656
[TCP] TX bytes=22 raw=aa55002f70fe00000000000002000000020066066257
[TCP] RX serial=B5 dst=70 code=00 reg=0x00000016 len=8 raw=55aa00b5fe700000000000001600000008009657
[TCP] TX bytes=28 raw=aa5500b570fe0000000000001600000008004d36363070010000f058
[TCP] RX serial=F6 dst=70 code=00 reg=0x14000000 len=88 raw=55aa00f6fe700000000000000000001458002558
[TCP] TX bytes=108 raw=aa5500f670fe0000000000000000001458004e5354520405060708090a0b0c0d0e0f101112131415161718191a1b1c1d1e1f20212223242526272829...
[TCP] RX serial=F3 dst=70 code=00 reg=0x00000006 len=1 raw=55aa00f3fe70000000000000060000000100bd57
[TCP] TX bytes=21 raw=aa5500f370fe00000000000006000000010001be57
[TCP] RX serial=4F dst=71 code=00 reg=0x00000002 len=2 raw=55aa004ffe710000000000000200000002001757
[TCP] TX bytes=22 raw=aa55004f71fe00000000000002000000020066068357
[TCP] RX serial=22 dst=71 code=00 reg=0x00000016 len=8 raw=55aa0022fe710000000000001600000008000457
[TCP] TX bytes=28 raw=aa55002271fe0000000000001600000008004d363630710100005f58
[TCP] RX serial=1C dst=71 code=00 reg=0x14000000 len=88 raw=55aa001cfe710000000000000000001458004c57
[TCP] TX bytes=108 raw=aa55001c71fe0000000000000000001458004e5354520405060708090a0b0c0d0e0f101112131415161718191a1b1c1d1e1f20212223242526272829...
[TCP] RX serial=EC dst=71 code=00 reg=0x00000006 len=1 raw=55aa00ecfe71000000000000060000000100b757
[TCP] TX bytes=21 raw=aa5500ec71fe00000000000006000000010001b857
[TCP] RX serial=93 dst=72 code=00 reg=0x00000002 len=2 raw=55aa0093fe720000000000000200000002005c57
[TCP] TX bytes=22 raw=aa55009372fe0000000000000200000002006606c857
[TCP] RX serial=ED dst=72 code=00 reg=0x00000016 len=8 raw=55aa00edfe72000000000000160000000800d057
[TCP] TX bytes=28 raw=aa5500ed72fe0000000000001600000008004d363630720100002c59
[TCP] RX serial=34 dst=72 code=00 reg=0x14000000 len=88 raw=55aa0034fe720000000000000000001458006557
[TCP] TX bytes=108 raw=aa55003472fe0000000000000000001458004e5354520405060708090a0b0c0d0e0f101112131415161718191a1b1c1d1e1f20212223242526272829...
[TCP] RX serial=E5 dst=72 code=00 reg=0x00000006 len=1 raw=55aa00e5fe72000000000000060000000100b157
[TCP] TX bytes=21 raw=aa5500e572fe00000000000006000000010001b257
[TCP] RX serial=EA dst=73 code=00 reg=0x00000002 len=2 raw=55aa00eafe73000000000000020000000200b457
[TCP] TX bytes=22 raw=aa5500ea73fe00000000000002000000020066062058
[TCP] RX serial=AB dst=73 code=00 reg=0x00000016 len=8 raw=55aa00abfe730000000000001600000008008f57
[TCP] TX bytes=28 raw=aa5500ab73fe0000000000001600000008004d36363073010000ec58
[TCP] RX serial=42 dst=73 code=00 reg=0x14000000 len=88 raw=55aa0042fe730000000000000000001458007457
[TCP] TX bytes=108 raw=aa55004273fe0000000000000000001458004e5354520405060708090a0b0c0d0e0f101112131415161718191a1b1c1d1e1f20212223242526272829...
[TCP] RX serial=7A dst=73 code=00 reg=0x00000006 len=1 raw=55aa007afe730000000000000600000001004757
[TCP] TX bytes=21 raw=aa55007a73fe000000000000060000000100014857
[TCP] RX serial=F9 dst=74 code=00 reg=0x00000002 len=2 raw=55aa00f9fe74000000000000020000000200c457
[TCP] TX bytes=22 raw=aa5500f974fe00000000000002000000020066063058
[TCP] RX serial=A6 dst=74 code=00 reg=0x00000016 len=8 raw=55aa00a6fe740000000000001600000008008b57
[TCP] TX bytes=28 raw=aa5500a674fe0000000000001600000008004d36363074010000e958
[TCP] RX serial=35 dst=74 code=00 reg=0x14000000 len=88 raw=55aa0035fe740000000000000000001458006857
[TCP] TX bytes=108 raw=aa55003574fe0000000000000000001458004e5354520405060708090a0b0c0d0e0f101112131415161718191a1b1c1d1e1f20212223242526272829...
[TCP] RX serial=3E dst=74 code=00 reg=0x00000006 len=1 raw=55aa003efe740000000000000600000001000c57
[TCP] TX bytes=21 raw=aa55003e74fe000000000000060000000100010d57
[TCP] RX serial=A8 dst=75 code=00 reg=0x00000002 len=2 raw=55aa00a8fe750000000000000200000002007457
[TCP] TX bytes=22 raw=aa5500a875fe0000000000000200000002006606e057
[TCP] RX serial=C3 dst=75 code=00 reg=0x00000016 len=8 raw=55aa00c3fe75000000000000160000000800a957
[TCP] TX bytes=28 raw=aa5500c375fe0000000000001600000008004d363630750100000859
[TCP] RX serial=03 dst=75 code=00 reg=0x14000000 len=88 raw=55aa0003fe750000000000000000001458003757
[TCP] TX bytes=108 raw=aa55000375fe0000000000000000001458004e5354520405060708090a0b0c0d0e0f101112131415161718191a1b1c1d1e1f20212223242526272829...
[TCP] RX serial=58 dst=75 code=00 reg=0x00000006 len=1 raw=55aa0058fe750000000000000600000001002757
[TCP] TX bytes=21 raw=aa55005875fe000000000000060000000100012857
[TCP] RX serial=A3 dst=76 code=00 reg=0x00000002 len=2 raw=55aa00a3fe760000000000000200000002007057
[TCP] TX bytes=22 raw=aa5500a376fe0000000000000200000002006606dc57
[TCP] RX serial=D9 dst=76 code=00 reg=0x00000016 len=8 raw=55aa00d9fe76000000000000160000000800c057
[TCP] TX bytes=28 raw=aa5500d976fe0000000000001600000008004d363630760100002059
[TCP] RX serial=B3 dst=76 code=00 reg=0x14000000 len=88 raw=55aa00b3fe76000000000000000000145800e857
[TCP] TX bytes=108 raw=aa5500b376fe0000000000000000001458004e5354520405060708090a0b0c0d0e0f101112131415161718191a1b1c1d1e1f20212223242526272829...
[TCP] RX serial=9D dst=76 code=00 reg=0x00000006 len=1 raw=55aa009dfe760000000000000600000001006d57
[TCP] TX bytes=21 raw=aa55009d76fe000000000000060000000100016e57
[TCP] RX serial=51 dst=77 code=00 reg=0x00000002 len=2 raw=55aa0051fe770000000000000200000002001f57
[TCP] TX bytes=22 raw=aa55005177fe00000000000002000000020066068b57
[TCP] RX serial=1A dst=77 code=00 reg=0x00000016 len=8 raw=55aa001afe770000000000001600000008000257
[TCP] TX bytes=28 raw=aa55001a77fe0000000000001600000008004d363630770100006358
[TCP] RX serial=84 dst=77 code=00 reg=0x14000000 len=88 raw=55aa0084fe77000000000000000000145800ba57
[TCP] TX bytes=108 raw=aa55008477fe0000000000000000001458004e5354520405060708090a0b0c0d0e0f101112131415161718191a1b1c1d1e1f20212223242526272829...
[TCP] RX serial=6C dst=77 code=00 reg=0x00000006 len=1 raw=55aa006cfe770000000000000600000001003d57
[TCP] TX bytes=21 raw=aa55006c77fe000000000000060000000100013e57
[TCP] RX serial=99 dst=78 code=00 reg=0x00000002 len=2 raw=55aa0099fe780000000000000200000002006857
[TCP] TX bytes=22 raw=aa55009978fe0000000000000200000002006606d457
[TCP] RX serial=70 dst=78 code=00 reg=0x00000016 len=8 raw=55aa0070fe780000000000001600000008005957
[TCP] TX bytes=28 raw=aa55007078fe0000000000001600000008004d36363078010000bb58
[TCP] RX serial=EA dst=78 code=00 reg=0x14000000 len=88 raw=55aa00eafe780000000000000000001458002158
[TCP] TX bytes=108 raw=aa5500ea78fe0000000000000000001458004e5354520405060708090a0b0c0d0e0f101112131415161718191a1b1c1d1e1f20212223242526272829...
[TCP] RX serial=70 dst=78 code=00 reg=0x00000006 len=1 raw=55aa0070fe780000000000000600000001004257
[TCP] TX bytes=21 raw=aa55007078fe000000000000060000000100014357
[TCP] RX serial=87 dst=79 code=00 reg=0x00000002 len=2 raw=55aa0087fe790000000000000200000002005757
[TCP] TX bytes=22 raw=aa55008779fe0000000000000200000002006606c357
[TCP] RX serial=3C dst=79 code=00 reg=0x00000016 len=8 raw=55aa003cfe790000000000001600000008002657
[TCP] TX bytes=28 raw=aa55003c79fe0000000000001600000008004d363630790100008958
[TCP] RX serial=09 dst=79 code=00 reg=0x14000000 len=88 raw=55aa0009fe790000000000000000001458004157
[TCP] TX bytes=108 raw=aa55000979fe0000000000000000001458004e5354520405060708090a0b0c0d0e0f101112131415161718191a1b1c1d1e1f20212223242526272829...
[TCP] RX serial=57 dst=79 code=00 reg=0x00000006 len=1 raw=55aa0057fe790000000000000600000001002a57
[TCP] TX bytes=21 raw=aa55005779fe000000000000060000000100012b57
[TCP] RX serial=D0 dst=7A code=00 reg=0x00000002 len=2 raw=55aa00d0fe7a000000000000020000000200a157
[TCP] TX bytes=22 raw=aa5500d07afe00000000000002000000020066060d58
[TCP] RX serial=E8 dst=7A code=00 reg=0x00000016 len=8 raw=55aa00e8fe7a000000000000160000000800d357
[TCP] TX bytes=28 raw=aa5500e87afe0000000000001600000008004d3636307a0100003759
[TCP] RX serial=AC dst=7A code=00 reg=0x14000000 len=88 raw=55aa00acfe7a000000000000000000145800e557
[TCP] TX bytes=108 raw=aa5500ac7afe0000000000000000001458004e5354520405060708090a0b0c0d0e0f101112131415161718191a1b1c1d1e1f20212223242526272829...
[TCP] RX serial=25 dst=7A code=00 reg=0x00000006 len=1 raw=55aa0025fe7a000000000000060000000100f956
[TCP] TX bytes=21 raw=aa5500257afe00000000000006000000010001fa56
[TCP] RX serial=C4 dst=7B code=00 reg=0x00000002 len=2 raw=55aa00c4fe7b0000000000000200000002009657
[TCP] TX bytes=22 raw=aa5500c47bfe00000000000002000000020066060258
[TCP] RX serial=83 dst=7B code=00 reg=0x00000016 len=8 raw=55aa0083fe7b0000000000001600000008006f57
[TCP] TX bytes=28 raw=aa5500837bfe0000000000001600000008004d3636307b010000d458
[TCP] RX serial=D2 dst=7B code=00 reg=0x14000000 len=88 raw=55aa00d2fe7b0000000000000000001458000c58
[TCP] TX bytes=108 raw=aa5500d27bfe0000000000000000001458004e5354520405060708090a0b0c0d0e0f101112131415161718191a1b1c1d1e1f20212223242526272829...
[TCP] RX serial=80 dst=7B code=00 reg=0x00000006 len=1 raw=55aa0080fe7b0000000000000600000001005557
[TCP] TX bytes=21 raw=aa5500807bfe000000000000060000000100015657
[TCP] RX serial=03 dst=7C code=00 reg=0x00000002 len=2 raw=55aa0003fe7c000000000000020000000200d656
[TCP] TX bytes=22 raw=aa5500037cfe00000000000002000000020066064257
[TCP] RX serial=BD dst=7C code=00 reg=0x00000016 len=8 raw=55aa00bdfe7c000000000000160000000800aa57
[TCP] TX bytes=28 raw=aa5500bd7cfe0000000000001600000008004d3636307c0100001059
[TCP] RX serial=FA dst=7C code=00 reg=0x14000000 len=88 raw=55aa00fafe7c0000000000000000001458003558
[TCP] TX bytes=108 raw=aa5500fa7cfe0000000000000000001458004e5354520405060708090a0b0c0d0e0f101112131415161718191a1b1c1d1e1f20212223242526272829...
[TCP] RX serial=03 dst=7C code=00 reg=0x00000006 len=1 raw=55aa0003fe7c000000000000060000000100d956
[TCP] TX bytes=21 raw=aa5500037cfe00000000000006000000010001da56
[TCP] RX serial=1F dst=7D code=00 reg=0x00000002 len=2 raw=55aa001ffe7d000000000000020000000200f356
[TCP] TX bytes=22 raw=aa55001f7dfe00000000000002000000020066065f57
[TCP] RX serial=CF dst=7D code=00 reg=0x00000016 len=8 raw=55aa00cffe7d000000000000160000000800bd57
[TCP] TX bytes=28 raw=aa5500cf7dfe0000000000001600000008004d3636307d0100002459
[TCP] RX serial=D1 dst=7D code=00 reg=0x14000000 len=88 raw=55aa00d1fe7d0000000000000000001458000d58
[TCP] TX bytes=108 raw=aa5500d17dfe0000000000000000001458004e5354520405060708090a0b0c0d0e0f101112131415161718191a1b1c1d1e1f20212223242526272829...
[TCP] RX serial=6A dst=7D code=00 reg=0x00000006 len=1 raw=55aa006afe7d0000000000000600000001004157
[TCP] TX bytes=21 raw=aa55006a7dfe000000000000060000000100014257
[TCP] RX serial=B2 dst=7E code=00 reg=0x00000002 len=2 raw=55aa00b2fe7e0000000000000200000002008757
[TCP] TX bytes=22 raw=aa5500b27efe0000000000000200000002006606f357
[TCP] RX serial=9D dst=7E code=00 reg=0x00000016 len=8 raw=55aa009dfe7e0000000000001600000008008c57
[TCP] TX bytes=28 raw=aa55009d7efe0000000000001600000008004d3636307e010000f458
[TCP] RX serial=50 dst=7E code=00 reg=0x14000000 len=88 raw=55aa0050fe7e0000000000000000001458008d57
[TCP] TX bytes=108 raw=aa5500507efe0000000000000000001458004e5354520405060708090a0b0c0d0e0f101112131415161718191a1b1c1d1e1f20212223242526272829...
[TCP] RX serial=75 dst=7E code=00 reg=0x00000006 len=1 raw=55aa0075fe7e0000000000000600000001004d57
[TCP] TX bytes=21 raw=aa5500757efe000000000000060000000100014e57
[TCP] RX serial=6D dst=7F code=00 reg=0x00000002 len=2 raw=55aa006dfe7f0000000000000200000002004357
[TCP] TX bytes=22 raw=aa55006d7ffe0000000000000200000002006606af57
[TCP] RX serial=7D dst=7F code=00 reg=0x00000016 len=8 raw=55aa007dfe7f0000000000001600000008006d57
[TCP] TX bytes=28 raw=aa55007d7ffe0000000000001600000008004d3636307f010000d658
[TCP] RX serial=9B dst=7F code=00 reg=0x14000000 len=88 raw=55aa009bfe7f000000000000000000145800d957
[TCP] TX bytes=108 raw=aa55009b7ffe0000000000000000001458004e5354520405060708090a0b0c0d0e0f101112131415161718191a1b1c1d1e1f20212223242526272829...
[TCP] RX serial=79 dst=7F code=00 reg=0x00000006 len=1 raw=55aa0079fe7f0000000000000600000001005257
[TCP] TX bytes=21 raw=aa5500797ffe000000000000060000000100015357
[TCP] RX serial=68 dst=80 code=00 reg=0x00000002 len=2 raw=55aa0068fe800000000000000200000002003f57
[TCP] TX bytes=22 raw=aa55006880fe0000000000000200000002006606ab57
[TCP] RX serial=C7 dst=80 code=00 reg=0x00000016 len=8 raw=55aa00c7fe80000000000000160000000800b857
[TCP] TX bytes=28 raw=aa5500c780fe0000000000001600000008004d363630800100002259
[TCP] RX serial=4B dst=80 code=00 reg=0x14000000 len=88 raw=55aa004bfe800000000000000000001458008a57
[TCP] TX bytes=108 raw=aa55004b80fe0000000000000000001458004e5354520405060708090a0b0c0d0e0f101112131415161718191a1b1c1d1e1f20212223242526272829...
[TCP] RX serial=79 dst=80 code=00 reg=0x00000006 len=1 raw=55aa0079fe800000000000000600000001005357
[TCP] TX bytes=21 raw=aa55007980fe000000000000060000000100015457
[TCP] RX serial=BF dst=81 code=00 reg=0x00000002 len=2 raw=55aa00bffe810000000000000200000002009757
[TCP] TX bytes=22 raw=aa5500bf81fe00000000000002000000020066060358
[TCP] RX serial=D0 dst=81 code=00 reg=0x00000016 len=8 raw=55aa00d0fe81000000000000160000000800c257
[TCP] TX bytes=28 raw=aa5500d081fe0000000000001600000008004d363630810100002d59
[TCP] RX serial=F2 dst=81 code=00 reg=0x14000000 len=88 raw=55aa00f2fe810000000000000000001458003258
[TCP] TX bytes=108 raw=aa5500f281fe0000000000000000001458004e5354520405060708090a0b0c0d0e0f101112131415161718191a1b1c1d1e1f20212223242526272829...
[TCP] RX serial=BC dst=81 code=00 reg=0x00000006 len=1 raw=55aa00bcfe810000000000000600000001009757
[TCP] TX bytes=21 raw=aa5500bc81fe000000000000060000000100019857
[TCP] RX serial=9C dst=82 code=00 reg=0x00000002 len=2 raw=55aa009cfe820000000000000200000002007557
[TCP] TX bytes=22 raw=aa55009c82fe0000000000000200000002006606e157
[TCP] RX serial=DD dst=82 code=00 reg=0x00000016 len=8 raw=55aa00ddfe82000000000000160000000800d057
[TCP] TX bytes=28 raw=aa5500dd82fe0000000000001600000008004d363630820100003c59
[TCP] RX serial=6D dst=82 code=00 reg=0x14000000 len=88 raw=55aa006dfe82000000000000000000145800ae57
[TCP] TX bytes=108 raw=aa55006d82fe0000000000000000001458004e5354520405060708090a0b0c0d0e0f101112131415161718191a1b1c1d1e1f20212223242526272829...
[TCP] RX serial=BF dst=82 code=00 reg=0x00000006 len=1 raw=55aa00bffe820000000000000600000001009b57
[TCP] TX bytes=21 raw=aa5500bf82fe000000000000060000000100019c57
[TCP] RX serial=17 dst=83 code=00 reg=0x00000002 len=2 raw=55aa0017fe83000000000000020000000200f156
[TCP] TX bytes=22 raw=aa55001783fe00000000000002000000020066065d57
[TCP] RX serial=DC dst=83 code=00 reg=0x00000016 len=8 raw=55aa00dcfe83000000000000160000000800d057
[TCP] TX bytes=28 raw=aa5500dc83fe0000000000001600000008004d363630830100003d59
[TCP] RX serial=93 dst=83 code=00 reg=0x14000000 len=88 raw=55aa0093fe83000000000000000000145800d557
[TCP] TX bytes=108 raw=aa55009383fe0000000000000000001458004e5354520405060708090a0b0c0d0e0f101112131415161718191a1b1c1d1e1f20212223242526272829...
[TCP] RX serial=1F dst=83 code=00 reg=0x00000006 len=1 raw=55aa001ffe83000000000000060000000100fc56
[TCP] TX bytes=21 raw=aa55001f83fe00000000000006000000010001fd56
[TCP] RX serial=06 dst=84 code=00 reg=0x00000002 len=2 raw=55aa0006fe84000000000000020000000200e156
[TCP] TX bytes=22 raw=aa55000684fe00000000000002000000020066064d57
[TCP] RX serial=33 dst=84 code=00 reg=0x00000016 len=8 raw=55aa0033fe840000000000001600000008002857
[TCP] TX bytes=28 raw=aa55003384fe0000000000001600000008004d363630840100009658
[TCP] RX serial=9A dst=84 code=00 reg=0x14000000 len=88 raw=55aa009afe84000000000000000000145800dd57
[TCP] TX bytes=108 raw=aa55009a84fe0000000000000000001458004e5354520405060708090a0b0c0d0e0f101112131415161718191a1b1c1d1e1f20212223242526272829...
[TCP] RX serial=93 dst=84 code=00 reg=0x00000006 len=1 raw=55aa0093fe840000000000000600000001007157
[TCP] TX bytes=21 raw=aa55009384fe000000000000060000000100017257
[TCP] RX serial=1E dst=85 code=00 reg=0x00000002 len=2 raw=55aa001efe85000000000000020000000200fa56
[TCP] TX bytes=22 raw=aa55001e85fe00000000000002000000020066066657
[TCP] RX serial=81 dst=85 code=00 reg=0x00000016 len=8 raw=55aa0081fe850000000000001600000008007757
[TCP] TX bytes=28 raw=aa55008185fe0000000000001600000008004d36363085010000e658
[TCP] RX serial=4C dst=85 code=00 reg=0x14000000 len=88 raw=55aa004cfe850000000000000000001458009057
[TCP] TX bytes=108 raw=aa55004c85fe0000000000000000001458004e5354520405060708090a0b0c0d0e0f101112131415161718191a1b1c1d1e1f20212223242526272829...
[TCP] RX serial=C9 dst=85 code=00 reg=0x00000006 len=1 raw=55aa00c9fe85000000000000060000000100a857
[TCP] TX bytes=21 raw=aa5500c985fe00000000000006000000010001a957
[TCP] RX serial=9E dst=86 code=00 reg=0x00000002 len=2 raw=55aa009efe860000000000000200000002007b57
[TCP] TX bytes=22 raw=aa55009e86fe0000000000000200000002006606e757
[TCP] RX serial=7F dst=86 code=00 reg=0x00000016 len=8 raw=55aa007ffe860000000000001600000008007657
[TCP] TX bytes=28 raw=aa55007f86fe0000000000001600000008004d36363086010000e658
[TCP] RX serial=BD dst=86 code=00 reg=0x14000000 len=88 raw=55aa00bdfe860000000000000000001458000258
[TCP] TX bytes=108 raw=aa5500bd86fe0000000000000000001458004e5354520405060708090a0b0c0d0e0f101112131415161718191a1b1c1d1e1f20212223242526272829...
[TCP] RX serial=E8 dst=86 code=00 reg=0x00000006 len=1 raw=55aa00e8fe86000000000000060000000100c857
[TCP] TX bytes=21 raw=aa5500e886fe00000000000006000000010001c957
[TCP] RX serial=EB dst=87 code=00 reg=0x00000002 len=2 raw=55aa00ebfe87000000000000020000000200c957
[TCP] TX bytes=22 raw=aa5500eb87fe00000000000002000000020066063558
[TCP] RX serial=93 dst=87 code=00 reg=0x00000016 len=8 raw=55aa0093fe870000000000001600000008008b57
[TCP] TX bytes=28 raw=aa55009387fe0000000000001600000008004d36363087010000fc58
[TCP] RX serial=E8 dst=87 code=00 reg=0x14000000 len=88 raw=55aa00e8fe870000000000000000001458002e58
[TCP] TX bytes=108 raw=aa5500e887fe0000000000000000001458004e5354520405060708090a0b0c0d0e0f101112131415161718191a1b1c1d1e1f20212223242526272829...
[TCP] RX serial=52 dst=87 code=00 reg=0x00000006 len=1 raw=55aa0052fe870000000000000600000001003357
[TCP] TX bytes=21 raw=aa55005287fe000000000000060000000100013457
[TCP] RX serial=4D dst=88 code=00 reg=0x00000002 len=2 raw=55aa004dfe880000000000000200000002002c57
[TCP] TX bytes=22 raw=aa55004d88fe00000000000002000000020066069857
[TCP] RX serial=33 dst=88 code=00 reg=0x00000016 len=8 raw=55aa0033fe880000000000001600000008002c57
[TCP] TX bytes=28 raw=aa55003388fe0000000000001600000008004d363630880100009e58
[TCP] RX serial=BC dst=88 code=00 reg=0x14000000 len=88 raw=55aa00bcfe880000000000000000001458000358
[TCP] TX bytes=108 raw=aa5500bc88fe0000000000000000001458004e5354520405060708090a0b0c0d0e0f101112131415161718191a1b1c1d1e1f20212223242526272829...
[TCP] RX serial=FB dst=88 code=00 reg=0x00000006 len=1 raw=55aa00fbfe88000000000000060000000100dd57
[TCP] TX bytes=21 raw=aa5500fb88fe00000000000006000000010001de57
[TCP] RX serial=37 dst=89 code=00 reg=0x00000002 len=2 raw=55aa0037fe890000000000000200000002001757
[TCP] TX bytes=22 raw=aa55003789fe00000000000002000000020066068357
[TCP] RX serial=58 dst=89 code=00 reg=0x00000016 len=8 raw=55aa0058fe890000000000001600000008005257
[TCP] TX bytes=28 raw=aa55005889fe0000000000001600000008004d36363089010000c558
[TCP] RX serial=BF dst=89 code=00 reg=0x14000000 len=88 raw=55aa00bffe890000000000000000001458000758
[TCP] TX bytes=108 raw=aa5500bf89fe0000000000000000001458004e5354520405060708090a0b0c0d0e0f101112131415161718191a1b1c1d1e1f20212223242526272829...
[TCP] RX serial=32 dst=89 code=00 reg=0x00000006 len=1 raw=55aa0032fe890000000000000600000001001557
[TCP] TX bytes=21 raw=aa55003289fe000000000000060000000100011657
[TCP] RX serial=C9 dst=8A code=00 reg=0x00000002 len=2 raw=55aa00c9fe8a000000000000020000000200aa57
[TCP] TX bytes=22 raw=aa5500c98afe00000000000002000000020066061658
[TCP] RX serial=3E dst=8A code=00 reg=0x00000016 len=8 raw=55aa003efe8a0000000000001600000008003957
[TCP] TX bytes=28 raw=aa55003e8afe0000000000001600000008004d3636308a010000ad58
[TCP] RX serial=65 dst=8A code=00 reg=0x14000000 len=88 raw=55aa0065fe8a000000000000000000145800ae57
[TCP] TX bytes=108 raw=aa5500658afe0000000000000000001458004e5354520405060708090a0b0c0d0e0f101112131415161718191a1b1c1d1e1f20212223242526272829...
[TCP] RX serial=41 dst=8A code=00 reg=0x00000006 len=1 raw=55aa0041fe8a0000000000000600000001002557
[TCP] TX bytes=21 raw=aa5500418afe000000000000060000000100012657
[TCP] RX serial=62 dst=8B code=00 reg=0x00000002 len=2 raw=55aa0062fe8b0000000000000200000002004457
[TCP] TX bytes=22 raw=aa5500628bfe0000000000000200000002006606b057
[TCP] RX serial=12 dst=8B code=00 reg=0x00000016 len=8 raw=55aa0012fe8b0000000000001600000008000e57
[TCP] TX bytes=28 raw=aa5500128bfe0000000000001600000008004d3636308b0100008358
[TCP] RX serial=53 dst=8B code=00 reg=0x14000000 len=88 raw=55aa0053fe8b0000000000000000001458009d57
[TCP] TX bytes=108 raw=aa5500538bfe0000000000000000001458004e5354520405060708090a0b0c0d0e0f101112131415161718191a1b1c1d1e1f20212223242526272829...
[TCP] RX serial=D4 dst=8B code=00 reg=0x00000006 len=1 raw=55aa00d4fe8b000000000000060000000100b957
[TCP] TX bytes=21 raw=aa5500d48bfe00000000000006000000010001ba57
[TCP] RX serial=0A dst=8C code=00 reg=0x00000002 len=2 raw=55aa000afe8c000000000000020000000200ed56
[TCP] TX bytes=22 raw=aa55000a8cfe00000000000002000000020066065957
[TCP] RX serial=30 dst=8C code=00 reg=0x00000016 len=8 raw=55aa0030fe8c0000000000001600000008002d57
[TCP] TX bytes=28 raw=aa5500308cfe0000000000001600000008004d3636308c010000a358
[TCP] RX serial=6E dst=8C code=00 reg=0x14000000 len=88 raw=55aa006efe8c000000000000000000145800b957
[TCP] TX bytes=108 raw=aa55006e8cfe0000000000000000001458004e5354520405060708090a0b0c0d0e0f101112131415161718191a1b1c1d1e1f20212223242526272829...
[TCP] RX serial=3A dst=8C code=00 reg=0x00000006 len=1 raw=55aa003afe8c0000000000000600000001002057
[TCP] TX bytes=21 raw=aa55003a8cfe000000000000060000000100012157
[TCP] RX serial=E2 dst=8D code=00 reg=0x00000002 len=2 raw=55aa00e2fe8d000000000000020000000200c657
[TCP] TX bytes=22 raw=aa5500e28dfe00000000000002000000020066063258
[TCP] RX serial=08 dst=8D code=00 reg=0x00000016 len=8 raw=55aa0008fe8d0000000000001600000008000657
[TCP] TX bytes=28 raw=aa5500088dfe0000000000001600000008004d3636308d0100007d58
[TCP] RX serial=5A dst=8D code=00 reg=0x14000000 len=88 raw=55aa005afe8d000000000000000000145800a657
[TCP] TX bytes=108 raw=aa55005a8dfe0000000000000000001458004e5354520405060708090a0b0c0d0e0f101112131415161718191a1b1c1d1e1f20212223242526272829...
[TCP] RX serial=E6 dst=8D code=00 reg=0x00000006 len=1 raw=55aa00e6fe8d000000000000060000000100cd57
[TCP] TX bytes=21 raw=aa5500e68dfe00000000000006000000010001ce57
[TCP] RX serial=7B dst=8E code=00 reg=0x00000002 len=2 raw=55aa007bfe8e0000000000000200000002006057
[TCP] TX bytes=22 raw=aa55007b8efe0000000000000200000002006606cc57
[TCP] RX serial=81 dst=8E code=00 reg=0x00000016 len=8 raw=55aa0081fe8e0000000000001600000008008057
[TCP] TX bytes=28 raw=aa5500818efe0000000000001600000008004d3636308e010000f858
[TCP] RX serial=DA dst=8E code=00 reg=0x14000000 len=88 raw=55aa00dafe8e0000000000000000001458002758
[TCP] TX bytes=108 raw=aa5500da8efe0000000000000000001458004e5354520405060708090a0b0c0d0e0f101112131415161718191a1b1c1d1e1f20212223242526272829...
[TCP] RX serial=3F dst=8E code=00 reg=0x00000006 len=1 raw=55aa003ffe8e0000000000000600000001002757
[TCP] TX bytes=21 raw=aa55003f8efe000000000000060000000100012857
[TCP] RX serial=12 dst=8F code=00 reg=0x00000002 len=2 raw=55aa0012fe8f000000000000020000000200f856
[TCP] TX bytes=22 raw=aa5500128ffe00000000000002000000020066066457
[TCP] RX serial=09 dst=8F code=00 reg=0x00000016 len=8 raw=55aa0009fe8f0000000000001600000008000957
[TCP] TX bytes=28 raw=aa5500098ffe0000000000001600000008004d3636308f0100008258
[TCP] RX serial=CF dst=8F code=00 reg=0x14000000 len=88 raw=55aa00cffe8f0000000000000000001458001d58
[TCP] TX bytes=108 raw=aa5500cf8ffe0000000000000000001458004e5354520405060708090a0b0c0d0e0f101112131415161718191a1b1c1d1e1f20212223242526272829...
[TCP] RX serial=09 dst=8F code=00 reg=0x00000006 len=1 raw=55aa0009fe8f000000000000060000000100f256
[TCP] TX bytes=21 raw=aa5500098ffe00000000000006000000010001f356
[TCP] RX serial=F4 dst=90 code=00 reg=0x00000002 len=2 raw=55aa00f4fe90000000000000020000000200db57
[TCP] TX bytes=22 raw=aa5500f490fe00000000000002000000020066064758
[TCP] RX serial=1A dst=90 code=00 reg=0x00000016 len=8 raw=55aa001afe900000000000001600000008001b57
[TCP] TX bytes=28 raw=aa55001a90fe0000000000001600000008004d363630900100009558
[TCP] RX serial=72 dst=90 code=00 reg=0x14000000 len=88 raw=55aa0072fe90000000000000000000145800c157
[TCP] TX bytes=108 raw=aa55007290fe0000000000000000001458004e5354520405060708090a0b0c0d0e0f101112131415161718191a1b1c1d1e1f20212223242526272829...
[TCP] RX serial=E2 dst=90 code=00 reg=0x00000006 len=1 raw=55aa00e2fe90000000000000060000000100cc57
[TCP] TX bytes=21 raw=aa5500e290fe00000000000006000000010001cd57
[TCP] RX serial=20 dst=91 code=00 reg=0x00000002 len=2 raw=55aa0020fe910000000000000200000002000857
[TCP] TX bytes=22 raw=aa55002091fe00000000000002000000020066067457
[TCP] RX serial=97 dst=91 code=00 reg=0x00000016 len=8 raw=55aa0097fe910000000000001600000008009957
[TCP] TX bytes=28 raw=aa55009791fe0000000000001600000008004d363630910100001459
[TCP] RX serial=E7 dst=91 code=00 reg=0x14000000 len=88 raw=55aa00e7fe910000000000000000001458003758
[TCP] TX bytes=108 raw=aa5500e791fe0000000000000000001458004e5354520405060708090a0b0c0d0e0f101112131415161718191a1b1c1d1e1f20212223242526272829...
[TCP] RX serial=AD dst=91 code=00 reg=0x00000006 len=1 raw=55aa00adfe910000000000000600000001009857
[TCP] TX bytes=21 raw=aa5500ad91fe000000000000060000000100019957
[TCP] RX serial=72 dst=92 code=00 reg=0x00000002 len=2 raw=55aa0072fe920000000000000200000002005b57
[TCP] TX bytes=22 raw=aa55007292fe0000000000000200000002006606c757
[TCP] RX serial=68 dst=92 code=00 reg=0x00000016 len=8 raw=55aa0068fe920000000000001600000008006b57
[TCP] TX bytes=28 raw=aa55006892fe0000000000001600000008004d36363092010000e758
[TCP] RX serial=C8 dst=92 code=00 reg=0x14000000 len=88 raw=55aa00c8fe920000000000000000001458001958
[TCP] TX bytes=108 raw=aa5500c892fe0000000000000000001458004e5354520405060708090a0b0c0d0e0f101112131415161718191a1b1c1d1e1f20212223242526272829...
[TCP] RX serial=DF dst=92 code=00 reg=0x00000006 len=1 raw=55aa00dffe92000000000000060000000100cb57
[TCP] TX bytes=21 raw=aa5500df92fe00000000000006000000010001cc57
[TCP] RX serial=1C dst=93 code=00 reg=0x00000002 len=2 raw=55aa001cfe930000000000000200000002000657
[TCP] TX bytes=22 raw=aa55001c93fe00000000000002000000020066067257
[TCP] RX serial=0B dst=93 code=00 reg=0x00000016 len=8 raw=55aa000bfe930000000000001600000008000f57
[TCP] TX bytes=28 raw=aa55000b93fe0000000000001600000008004d363630930100008c58
[TCP] RX serial=66 dst=93 code=00 reg=0x14000000 len=88 raw=55aa0066fe93000000000000000000145800b857
[TCP] TX bytes=108 raw=aa55006693fe0000000000000000001458004e5354520405060708090a0b0c0d0e0f101112131415161718191a1b1c1d1e1f20212223242526272829...
[TCP] RX serial=8B dst=93 code=00 reg=0x00000006 len=1 raw=55aa008bfe930000000000000600000001007857
[TCP] TX bytes=21 raw=aa55008b93fe000000000000060000000100017957
[TCP] RX serial=2C dst=94 code=00 reg=0x00000002 len=2 raw=55aa002cfe940000000000000200000002001757
[TCP] TX bytes=22 raw=aa55002c94fe00000000000002000000020066068357
[TCP] RX serial=E7 dst=94 code=00 reg=0x00000016 len=8 raw=55aa00e7fe94000000000000160000000800ec57
[TCP] TX bytes=28 raw=aa5500e794fe0000000000001600000008004d363630940100006a59
[TCP] RX serial=DE dst=94 code=00 reg=0x14000000 len=88 raw=55aa00defe940000000000000000001458003158
[TCP] TX bytes=108 raw=aa5500de94fe0000000000000000001458004e5354520405060708090a0b0c0d0e0f101112131415161718191a1b1c1d1e1f20212223242526272829...
[TCP] RX serial=BB dst=94 code=00 reg=0x00000006 len=1 raw=55aa00bbfe94000000000000060000000100a957
[TCP] TX bytes=21 raw=aa5500bb94fe00000000000006000000010001aa57
[TCP] RX serial=24 dst=95 code=00 reg=0x00000002 len=2 raw=55aa0024fe950000000000000200000002001057
[TCP] TX bytes=22 raw=aa55002495fe00000000000002000000020066067c57
[TCP] RX serial=AD dst=95 code=00 reg=0x00000016 len=8 raw=55aa00adfe95000000000000160000000800b357
[TCP] TX bytes=28 raw=aa5500ad95fe0000000000001600000008004d363630950100003259
[TCP] RX serial=6F dst=95 code=00 reg=0x14000000 len=88 raw=55aa006ffe95000000000000000000145800c357
[TCP] TX bytes=108 raw=aa55006f95fe0000000000000000001458004e5354520405060708090a0b0c0d0e0f101112131415161718191a1b1c1d1e1f20212223242526272829...
[TCP] RX serial=44 dst=95 code=00 reg=0x00000006 len=1 raw=55aa0044fe950000000000000600000001003357
[TCP] TX bytes=21 raw=aa55004495fe000000000000060000000100013457
[TCP] RX serial=D8 dst=96 code=00 reg=0x00000002 len=2 raw=55aa00d8fe96000000000000020000000200c557
[TCP] TX bytes=22 raw=aa5500d896fe00000000000002000000020066063158
[TCP] RX serial=D5 dst=96 code=00 reg=0x00000016 len=8 raw=55aa00d5fe96000000000000160000000800dc57
[TCP] TX bytes=28 raw=aa5500d596fe0000000000001600000008004d363630960100005c59
[TCP] RX serial=80 dst=96 code=00 reg=0x14000000 len=88 raw=55aa0080fe96000000000000000000145800d557
[TCP] TX bytes=108 raw=aa55008096fe0000000000000000001458004e5354520405060708090a0b0c0d0e0f101112131415161718191a1b1c1d1e1f20212223242526272829...
[TCP] RX serial=B4 dst=96 code=00 reg=0x00000006 len=1 raw=55aa00b4fe96000000000000060000000100a457
[TCP] TX bytes=21 raw=aa5500b496fe00000000000006000000010001a557
[TCP] RX serial=7D dst=97 code=00 reg=0x00000002 len=2 raw=55aa007dfe970000000000000200000002006b57
[TCP] TX bytes=22 raw=aa55007d97fe0000000000000200000002006606d757
[TCP] RX serial=7F dst=97 code=00 reg=0x00000016 len=8 raw=55aa007ffe970000000000001600000008008757
[TCP] TX bytes=28 raw=aa55007f97fe0000000000001600000008004d363630970100000859
[TCP] RX serial=1F dst=97 code=00 reg=0x14000000 len=88 raw=55aa001ffe970000000000000000001458007557
[TCP] TX bytes=108 raw=aa55001f97fe0000000000000000001458004e5354520405060708090a0b0c0d0e0f101112131415161718191a1b1c1d1e1f20212223242526272829...
[TCP] RX serial=BF dst=97 code=00 reg=0x00000006 len=1 raw=55aa00bffe97000000000000060000000100b057
[TCP] TX bytes=21 raw=aa5500bf97fe00000000000006000000010001b157
[TCP] RX serial=6E dst=98 code=00 reg=0x00000002 len=2 raw=55aa006efe980000000000000200000002005d57
[TCP] TX bytes=22 raw=aa55006e98fe0000000000000200000002006606c957
[TCP] RX serial=5B dst=98 code=00 reg=0x00000016 len=8 raw=55aa005bfe980000000000001600000008006457
[TCP] TX bytes=28 raw=aa55005b98fe0000000000001600000008004d36363098010000e658
[TCP] RX serial=4C dst=98 code=00 reg=0x14000000 len=88 raw=55aa004cfe98000000000000000000145800a357
[TCP] TX bytes=108 raw=aa55004c98fe0000000000000000001458004e5354520405060708090a0b0c0d0e0f101112131415161718191a1b1c1d1e1f20212223242526272829...
[TCP] RX serial=47 dst=98 code=00 reg=0x00000006 len=1 raw=55aa0047fe980000000000000600000001003957
[TCP] TX bytes=21 raw=aa55004798fe000000000000060000000100013a57
[TCP] RX serial=9F dst=99 code=00 reg=0x00000002 len=2 raw=55aa009ffe990000000000000200000002008f57
[TCP] TX bytes=22 raw=aa55009f99fe0000000000000200000002006606fb57
[TCP] RX serial=6F dst=99 code=00 reg=0x00000016 len=8 raw=55aa006ffe990000000000001600000008007957
[TCP] TX bytes=28 raw=aa55006f99fe0000000000001600000008004d36363099010000fc58
[TCP] RX serial=B4 dst=99 code=00 reg=0x14000000 len=88 raw=55aa00b4fe990000000000000000001458000c58
[TCP] TX bytes=108 raw=aa5500b499fe0000000000000000001458004e5354520405060708090a0b0c0d0e0f101112131415161718191a1b1c1d1e1f20212223242526272829...
[TCP] RX serial=72 dst=99 code=00 reg=0x00000006 len=1 raw=55aa0072fe990000000000000600000001006557
[TCP] TX bytes=21 raw=aa55007299fe000000000000060000000100016657
[TCP] RX serial=48 dst=9A code=00 reg=0x00000002 len=2 raw=55aa0048fe9a0000000000000200000002003957
[TCP] TX bytes=22 raw=aa5500489afe0000000000000200000002006606a557
[TCP] RX serial=C0 dst=9A code=00 reg=0x00000016 len=8 raw=55aa00c0fe9a000000000000160000000800cb57
[TCP] TX bytes=28 raw=aa5500c09afe0000000000001600000008004d3636309a0100004f59
[TCP] RX serial=C6 dst=9A code=00 reg=0x14000000 len=88 raw=55aa00c6fe9a0000000000000000001458001f58
[TCP] TX bytes=108 raw=aa5500c69afe0000000000000000001458004e5354520405060708090a0b0c0d0e0f101112131415161718191a1b1c1d1e1f20212223242526272829...
[TCP] RX serial=79 dst=9A code=00 reg=0x00000006 len=1 raw=55aa0079fe9a0000000000000600000001006d57
[TCP] TX bytes=21 raw=aa5500799afe000000000000060000000100016e57
[TCP] RX serial=3E dst=9B code=00 reg=0x00000002 len=2 raw=55aa003efe9b0000000000000200000002003057
[TCP] TX bytes=22 raw=aa55003e9bfe00000000000002000000020066069c57
[TCP] RX serial=79 dst=9B code=00 reg=0x00000016 len=8 raw=55aa0079fe9b0000000000001600000008008557
[TCP] TX bytes=28 raw=aa5500799bfe0000000000001600000008004d3636309b0100000a59
[TCP] RX serial=C9 dst=9B code=00 reg=0x14000000 len=88 raw=55aa00c9fe9b0000000000000000001458002358
[TCP] TX bytes=108 raw=aa5500c99bfe0000000000000000001458004e5354520405060708090a0b0c0d0e0f101112131415161718191a1b1c1d1e1f20212223242526272829...
[TCP] RX serial=70 dst=9B code=00 reg=0x00000006 len=1 raw=55aa0070fe9b0000000000000600000001006557
[TCP] TX bytes=21 raw=aa5500709bfe000000000000060000000100016657
[TCP] RX serial=1A dst=9C code=00 reg=0x00000002 len=2 raw=55aa001afe9c0000000000000200000002000d57
[TCP] TX bytes=22 raw=aa55001a9cfe00000000000002000000020066067957
[TCP] RX serial=4E dst=9C code=00 reg=0x00000016 len=8 raw=55aa004efe9c0000000000001600000008005b57
[TCP] TX bytes=28 raw=aa55004e9cfe0000000000001600000008004d3636309c010000e158
[TCP] RX serial=13 dst=9C code=00 reg=0x14000000 len=88 raw=55aa0013fe9c0000000000000000001458006e57
[TCP] TX bytes=108 raw=aa5500139cfe0000000000000000001458004e5354520405060708090a0b0c0d0e0f101112131415161718191a1b1c1d1e1f20212223242526272829...
[TCP] RX serial=2A dst=9C code=00 reg=0x00000006 len=1 raw=55aa002afe9c0000000000000600000001002057
[TCP] TX bytes=21 raw=aa55002a9cfe000000000000060000000100012157
[TCP] RX serial=2A dst=9D code=00 reg=0x00000002 len=2 raw=55aa002afe9d0000000000000200000002001e57
[TCP] TX bytes=22 raw=aa55002a9dfe00000000000002000000020066068a57
[TCP] RX serial=14 dst=9D code=00 reg=0x00000016 len=8 raw=55aa0014fe9d0000000000001600000008002257
[TCP] TX bytes=28 raw=aa5500149dfe0000000000001600000008004d3636309d010000a958
[TCP] RX serial=E4 dst=9D code=00 reg=0x14000000 len=88 raw=55aa00e4fe9d0000000000000000001458004058
[TCP] TX bytes=108 raw=aa5500e49dfe0000000000000000001458004e5354520405060708090a0b0c0d0e0f101112131415161718191a1b1c1d1e1f20212223242526272829...
[TCP] RX serial=46 dst=9D code=00 reg=0x00000006 len=1 raw=55aa0046fe9d0000000000000600000001003d57
[TCP] TX bytes=21 raw=aa5500469dfe000000000000060000000100013e57
[TCP] RX serial=AA dst=9E code=00 reg=0x00000002 len=2 raw=55aa00aafe9e0000000000000200000002009f57
[TCP] TX bytes=22 raw=aa5500aa9efe00000000000002000000020066060b58
[TCP] RX serial=2D dst=9E code=00 reg=0x00000016 len=8 raw=55aa002dfe9e0000000000001600000008003c57
[TCP] TX bytes=28 raw=aa55002d9efe0000000000001600000008004d3636309e010000c458
[TCP] RX serial=0A dst=9E code=00 reg=0x14000000 len=88 raw=55aa000afe9e0000000000000000001458006757
[TCP] TX bytes=108 raw=aa55000a9efe0000000000000000001458004e5354520405060708090a0b0c0d0e0f101112131415161718191a1b1c1d1e1f20212223242526272829...
[TCP] RX serial=4A dst=9E code=00 reg=0x00000006 len=1 raw=55aa004afe9e0000000000000600000001004257
[TCP] TX bytes=21 raw=aa55004a9efe000000000000060000000100014357
[TCP] RX serial=16 dst=9F code=00 reg=0x00000002 len=2 raw=55aa0016fe9f0000000000000200000002000c57
[TCP] TX bytes=22 raw=aa5500169ffe00000000000002000000020066067857
[TCP] RX serial=32 dst=9F code=00 reg=0x00000016 len=8 raw=55aa0032fe9f0000000000001600000008004257
[TCP] TX bytes=28 raw=aa5500329ffe0000000000001600000008004d3636309f010000cb58
[TCP] RX serial=2F dst=9F code=00 reg=0x14000000 len=88 raw=55aa002ffe9f0000000000000000001458008d57
[TCP] TX bytes=108 raw=aa55002f9ffe0000000000000000001458004e5354520405060708090a0b0c0d0e0f101112131415161718191a1b1c1d1e1f20212223242526272829...
[TCP] RX serial=F2 dst=9F code=00 reg=0x00000006 len=1 raw=55aa00f2fe9f000000000000060000000100eb57
[TCP] TX bytes=21 raw=aa5500f29ffe00000000000006000000010001ec57
[TCP] RX serial=49 dst=A0 code=00 reg=0x00000002 len=2 raw=55aa0049fea00000000000000200000002004057
[TCP] TX bytes=22 raw=aa550049a0fe0000000000000200000002006606ac57
[TCP] RX serial=09 dst=A0 code=00 reg=0x00000016 len=8 raw=55aa0009fea00000000000001600000008001a57
[TCP] TX bytes=28 raw=aa550009a0fe0000000000001600000008004d363630a0010000a458
[TCP] RX serial=71 dst=A0 code=00 reg=0x14000000 len=88 raw=55aa0071fea0000000000000000000145800d057
[TCP] TX bytes=108 raw=aa550071a0fe0000000000000000001458004e5354520405060708090a0b0c0d0e0f101112131415161718191a1b1c1d1e1f20212223242526272829...
[TCP] RX serial=BF dst=A0 code=00 reg=0x00000006 len=1 raw=55aa00bffea0000000000000060000000100b957
[TCP] TX bytes=21 raw=aa5500bfa0fe00000000000006000000010001ba57
[TCP] RX serial=BD dst=A1 code=00 reg=0x00000002 len=2 raw=55aa00bdfea1000000000000020000000200b557
[TCP] TX bytes=22 raw=aa5500bda1fe00000000000002000000020066062158
[TCP] RX serial=1F dst=A1 code=00 reg=0x00000016 len=8 raw=55aa001ffea10000000000001600000008003157
[TCP] TX bytes=28 raw=aa55001fa1fe0000000000001600000008004d363630a1010000bc58
[TCP] RX serial=EB dst=A1 code=00 reg=0x14000000 len=88 raw=55aa00ebfea10000000000000000001458004b58
[TCP] TX bytes=108 raw=aa5500eba1fe0000000000000000001458004e5354520405060708090a0b0c0d0e0f101112131415161718191a1b1c1d1e1f20212223242526272829...
[TCP] RX serial=BC dst=A1 code=00 reg=0x00000006 len=1 raw=55aa00bcfea1000000000000060000000100b757
[TCP] TX bytes=21 raw=aa5500bca1fe00000000000006000000010001b857
[TCP] RX serial=32 dst=A2 code=00 reg=0x00000002 len=2 raw=55aa0032fea20000000000000200000002002b57
[TCP] TX bytes=22 raw=aa550032a2fe00000000000002000000020066069757
[TCP] RX serial=6C dst=A2 code=00 reg=0x00000016 len=8 raw=55aa006cfea20000000000001600000008007f57
[TCP] TX bytes=28 raw=aa55006ca2fe0000000000001600000008004d363630a20100000b59
[TCP] RX serial=72 dst=A2 code=00 reg=0x14000000 len=88 raw=55aa0072fea2000000000000000000145800d357
[TCP] TX bytes=108 raw=aa550072a2fe0000000000000000001458004e5354520405060708090a0b0c0d0e0f101112131415161718191a1b1c1d1e1f20212223242526272829...
[TCP] RX serial=62 dst=A2 code=00 reg=0x00000006 len=1 raw=55aa0062fea20000000000000600000001005e57
[TCP] TX bytes=21 raw=aa550062a2fe000000000000060000000100015f57
[TCP] RX serial=E5 dst=A3 code=00 reg=0x00000002 len=2 raw=55aa00e5fea3000000000000020000000200df57
[TCP] TX bytes=22 raw=aa5500e5a3fe00000000000002000000020066064b58
[TCP] RX serial=F4 dst=A3 code=00 reg=0x00000016 len=8 raw=55aa00f4fea30000000000001600000008000858
[TCP] TX bytes=28 raw=aa5500f4a3fe0000000000001600000008004d363630a30100009559
[TCP] RX serial=06 dst=A3 code=00 reg=0x14000000 len=88 raw=55aa0006fea30000000000000000001458006857
[TCP] TX bytes=108 raw=aa550006a3fe0000000000000000001458004e5354520405060708090a0b0c0d0e0f101112131415161718191a1b1c1d1e1f20212223242526272829...
[TCP] RX serial=5E dst=A3 code=00 reg=0x00000006 len=1 raw=55aa005efea30000000000000600000001005b57
[TCP] TX bytes=21 raw=aa55005ea3fe000000000000060000000100015c57
[TCP] RX serial=0B dst=A4 code=00 reg=0x00000002 len=2 raw=55aa000bfea40000000000000200000002000657
[TCP] TX bytes=22 raw=aa55000ba4fe00000000000002000000020066067257
[TCP] RX serial=10 dst=A4 code=00 reg=0x00000016 len=8 raw=55aa0010fea40000000000001600000008002557
[TCP] TX bytes=28 raw=aa550010a4fe0000000000001600000008004d363630a4010000b358
[TCP] RX serial=99 dst=A4 code=00 reg=0x14000000 len=88 raw=55aa0099fea4000000000000000000145800fc57
[TCP] TX bytes=108 raw=aa550099a4fe0000000000000000001458004e5354520405060708090a0b0c0d0e0f101112131415161718191a1b1c1d1e1f20212223242526272829...
[TCP] RX serial=2E dst=A4 code=00 reg=0x00000006 len=1 raw=55aa002efea40000000000000600000001002c57
[TCP] TX bytes=21 raw=aa55002ea4fe000000000000060000000100012d57
[TCP] RX serial=6C dst=A5 code=00 reg=0x00000002 len=2 raw=55aa006cfea50000000000000200000002006857
[TCP] TX bytes=22 raw=aa55006ca5fe0000000000000200000002006606d457
[TCP] RX serial=F3 dst=A5 code=00 reg=0x00000016 len=8 raw=55aa00f3fea50000000000001600000008000958
[TCP] TX bytes=28 raw=aa5500f3a5fe0000000000001600000008004d363630a50100009859
[TCP] RX serial=94 dst=A5 code=00 reg=0x14000000 len=88 raw=55aa0094fea5000000000000000000145800f857
[TCP] TX bytes=108 raw=aa550094a5fe0000000000000000001458004e5354520405060708090a0b0c0d0e0f101112131415161718191a1b1c1d1e1f20212223242526272829...
[TCP] RX serial=59 dst=A5 code=00 reg=0x00000006 len=1 raw=55aa0059fea50000000000000600000001005857
[TCP] TX bytes=21 raw=aa550059a5fe000000000000060000000100015957
[TCP] RX serial=76 dst=A6 code=00 reg=0x00000002 len=2 raw=55aa0076fea60000000000000200000002007357
[TCP] TX bytes=22 raw=aa550076a6fe0000000000000200000002006606df57
[TCP] RX serial=06 dst=A6 code=00 reg=0x00000016 len=8 raw=55aa0006fea60000000000001600000008001d57
[TCP] TX bytes=28 raw=aa550006a6fe0000000000001600000008004d363630a6010000ad58
[TCP] RX serial=9C dst=A6 code=00 reg=0x14000000 len=88 raw=55aa009cfea60000000000000000001458000158
[TCP] TX bytes=108 raw=aa55009ca6fe0000000000000000001458004e5354520405060708090a0b0c0d0e0f101112131415161718191a1b1c1d1e1f20212223242526272829...
[TCP] RX serial=71 dst=A6 code=00 reg=0x00000006 len=1 raw=55aa0071fea60000000000000600000001007157
[TCP] TX bytes=21 raw=aa550071a6fe000000000000060000000100017257
[TCP] RX serial=64 dst=A7 code=00 reg=0x00000002 len=2 raw=55aa0064fea70000000000000200000002006257
[TCP] TX bytes=22 raw=aa550064a7fe0000000000000200000002006606ce57
[TCP] RX serial=6A dst=A7 code=00 reg=0x00000016 len=8 raw=55aa006afea70000000000001600000008008257
[TCP] TX bytes=28 raw=aa55006aa7fe0000000000001600000008004d363630a70100001359
[TCP] RX serial=5B dst=A7 code=00 reg=0x14000000 len=88 raw=55aa005bfea7000000000000000000145800c157
[TCP] TX bytes=108 raw=aa55005ba7fe0000000000000000001458004e5354520405060708090a0b0c0d0e0f101112131415161718191a1b1c1d1e1f20212223242526272829...
[TCP] RX serial=16 dst=A7 code=00 reg=0x00000006 len=1 raw=55aa0016fea70000000000000600000001001757
[TCP] TX bytes=21 raw=aa550016a7fe000000000000060000000100011857
[TCP] RX serial=90 dst=A8 code=00 reg=0x00000002 len=2 raw=55aa0090fea80000000000000200000002008f57
[TCP] TX bytes=22 raw=aa550090a8fe0000000000000200000002006606fb57
[TCP] RX serial=D3 dst=A8 code=00 reg=0x00000016 len=8 raw=55aa00d3fea8000000000000160000000800ec57
[TCP] TX bytes=28 raw=aa5500d3a8fe0000000000001600000008004d363630a80100007e59
[TCP] RX serial=30 dst=A8 code=00 reg=0x14000000 len=88 raw=55aa0030fea80000000000000000001458009757
[TCP] TX bytes=108 raw=aa550030a8fe0000000000000000001458004e5354520405060708090a0b0c0d0e0f101112131415161718191a1b1c1d1e1f20212223242526272829...
[TCP] RX serial=35 dst=A8 code=00 reg=0x00000006 len=1 raw=55aa0035fea80000000000000600000001003757
[TCP] TX bytes=21 raw=aa550035a8fe000000000000060000000100013857
[TCP] RX serial=08 dst=A9 code=00 reg=0x00000002 len=2 raw=55aa0008fea90000000000000200000002000857
[TCP] TX bytes=22 raw=aa550008a9fe00000000000002000000020066067457
[TCP] RX serial=0A dst=A9 code=00 reg=0x00000016 len=8 raw=55aa000afea90000000000001600000008002457
[TCP] TX bytes=28 raw=aa55000aa9fe0000000000001600000008004d363630a9010000b758
[TCP] RX serial=B1 dst=A9 code=00 reg=0x14000000 len=88 raw=55aa00b1fea90000000000000000001458001958
[TCP] TX bytes=108 raw=aa5500b1a9fe0000000000000000001458004e5354520405060708090a0b0c0d0e0f101112131415161718191a1b1c1d1e1f20212223242526272829...
[TCP] RX serial=FA dst=A9 code=00 reg=0x00000006 len=1 raw=55aa00fafea9000000000000060000000100fd57
[TCP] TX bytes=21 raw=aa5500faa9fe00000000000006000000010001fe57
[TCP] RX serial=62 dst=AA code=00 reg=0x00000002 len=2 raw=55aa0062feaa0000000000000200000002006357
[TCP] TX bytes=22 raw=aa550062aafe0000000000000200000002006606cf57
[TCP] RX serial=55 dst=AA code=00 reg=0x00000016 len=8 raw=55aa0055feaa0000000000001600000008007057
[TCP] TX bytes=28 raw=aa550055aafe0000000000001600000008004d363630aa0100000459
[TCP] RX serial=F6 dst=AA code=00 reg=0x14000000 len=88 raw=55aa00f6feaa0000000000000000001458005f58
[TCP] TX bytes=108 raw=aa5500f6aafe0000000000000000001458004e5354520405060708090a0b0c0d0e0f101112131415161718191a1b1c1d1e1f20212223242526272829...
[TCP] RX serial=BD dst=AA code=00 reg=0x00000006 len=1 raw=55aa00bdfeaa000000000000060000000100c157
[TCP] TX bytes=21 raw=aa5500bdaafe00000000000006000000010001c257
[TCP] RX serial=A0 dst=AB code=00 reg=0x00000002 len=2 raw=55aa00a0feab000000000000020000000200a257
[TCP] TX bytes=22 raw=aa5500a0abfe00000000000002000000020066060e58
[TCP] RX serial=81 dst=AB code=00 reg=0x00000016 len=8 raw=55aa0081feab0000000000001600000008009d57
[TCP] TX bytes=28 raw=aa550081abfe0000000000001600000008004d363630ab0100003259
[TCP] RX serial=5F dst=AB code=00 reg=0x14000000 len=88 raw=55aa005ffeab000000000000000000145800c957
[TCP] TX bytes=108 raw=aa55005fabfe0000000000000000001458004e5354520405060708090a0b0c0d0e0f101112131415161718191a1b1c1d1e1f20212223242526272829...
[TCP] RX serial=B4 dst=AB code=00 reg=0x00000006 len=1 raw=55aa00b4feab000000000000060000000100b957
[TCP] TX bytes=21 raw=aa5500b4abfe00000000000006000000010001ba57
[TCP] RX serial=27 dst=AC code=00 reg=0x00000002 len=2 raw=55aa0027feac0000000000000200000002002a57
[TCP] TX bytes=22 raw=aa550027acfe00000000000002000000020066069657
[TCP] RX serial=AB dst=AC code=00 reg=0x00000016 len=8 raw=55aa00abfeac000000000000160000000800c857
[TCP] TX bytes=28 raw=aa5500abacfe0000000000001600000008004d363630ac0100005e59
[TCP] RX serial=3F dst=AC code=00 reg=0x14000000 len=88 raw=55aa003ffeac000000000000000000145800aa57
[TCP] TX bytes=108 raw=aa55003facfe0000000000000000001458004e5354520405060708090a0b0c0d0e0f101112131415161718191a1b1c1d1e1f20212223242526272829...
[TCP] RX serial=06 dst=AC code=00 reg=0x00000006 len=1 raw=55aa0006feac0000000000000600000001000c57
[TCP] TX bytes=21 raw=aa550006acfe000000000000060000000100010d57
[TCP] RX serial=97 dst=AD code=00 reg=0x00000002 len=2 raw=55aa0097fead0000000000000200000002009b57
[TCP] TX bytes=22 raw=aa550097adfe00000000000002000000020066060758
[TCP] RX serial=00 dst=AD code=00 reg=0x00000016 len=8 raw=55aa0000fead0000000000001600000008001e57
[TCP] TX bytes=28 raw=aa550000adfe0000000000001600000008004d363630ad010000b558
[TCP] RX serial=86 dst=AD code=00 reg=0x14000000 len=88 raw=55aa0086fead000000000000000000145800f257
[TCP] TX bytes=108 raw=aa550086adfe0000000000000000001458004e5354520405060708090a0b0c0d0e0f101112131415161718191a1b1c1d1e1f20212223242526272829...
[TCP] RX serial=54 dst=AD code=00 reg=0x00000006 len=1 raw=55aa0054fead0000000000000600000001005b57
[TCP] TX bytes=21 raw=aa550054adfe000000000000060000000100015c57
[TCP] RX serial=73 dst=AE code=00 reg=0x00000002 len=2 raw=55aa0073feae0000000000000200000002007857
[TCP] TX bytes=22 raw=aa550073aefe0000000000000200000002006606e457
[TCP] RX serial=17 dst=AE code=00 reg=0x00000016 len=8 raw=55aa0017feae0000000000001600000008003657
[TCP] TX bytes=28 raw=aa550017aefe0000000000001600000008004d363630ae010000ce58
[TCP] RX serial=49 dst=AE code=00 reg=0x14000000 len=88 raw=55aa0049feae000000000000000000145800b657
[TCP] TX bytes=108 raw=aa550049aefe0000000000000000001458004e5354520405060708090a0b0c0d0e0f101112131415161718191a1b1c1d1e1f20212223242526272829...
[TCP] RX serial=B7 dst=AE code=00 reg=0x00000006 len=1 raw=55aa00b7feae000000000000060000000100bf57
[TCP] TX bytes=21 raw=aa5500b7aefe00000000000006000000010001c057
[TCP] RX serial=81 dst=AF code=00 reg=0x00000002 len=2 raw=55aa0081feaf0000000000000200000002008757
[TCP] TX bytes=22 raw=aa550081affe0000000000000200000002006606f357
[TCP] RX serial=79 dst=AF code=00 reg=0x00000016 len=8 raw=55aa0079feaf0000000000001600000008009957
[TCP] TX bytes=28 raw=aa550079affe0000000000001600000008004d363630af0100003259
[TCP] RX serial=58 dst=AF code=00 reg=0x14000000 len=88 raw=55aa0058feaf000000000000000000145800c657
[TCP] TX bytes=108 raw=aa550058affe0000000000000000001458004e5354520405060708090a0b0c0d0e0f101112131415161718191a1b1c1d1e1f20212223242526272829...
[TCP] RX serial=C7 dst=AF code=00 reg=0x00000006 len=1 raw=55aa00c7feaf000000000000060000000100d057
[TCP] TX bytes=21 raw=aa5500c7affe00000000000006000000010001d157
[TCP] RX serial=10 dst=B0 code=00 reg=0x00000002 len=2 raw=55aa0010feb00000000000000200000002001757
[TCP] TX bytes=22 raw=aa550010b0fe00000000000002000000020066068357
[TCP] RX serial=5C dst=B0 code=00 reg=0x00000016 len=8 raw=55aa005cfeb00000000000001600000008007d57
[TCP] TX bytes=28 raw=aa55005cb0fe0000000000001600000008004d363630b00100001759
[TCP] RX serial=D1 dst=B0 code=00 reg=0x14000000 len=88 raw=55aa00d1feb00000000000000000001458004058
[TCP] TX bytes=108 raw=aa5500d1b0fe0000000000000000001458004e5354520405060708090a0b0c0d0e0f101112131415161718191a1b1c1d1e1f20212223242526272829...
[TCP] RX serial=12 dst=B0 code=00 reg=0x00000006 len=1 raw=55aa0012feb00000000000000600000001001c57
[TCP] TX bytes=21 raw=aa550012b0fe000000000000060000000100011d57
[TCP] RX serial=C3 dst=B1 code=00 reg=0x00000002 len=2 raw=55aa00c3feb1000000000000020000000200cb57
[TCP] TX bytes=22 raw=aa5500c3b1fe00000000000002000000020066063758
[TCP] RX serial=D0 dst=B1 code=00 reg=0x00000016 len=8 raw=55aa00d0feb1000000000000160000000800f257
[TCP] TX bytes=28 raw=aa5500d0b1fe0000000000001600000008004d363630b10100008d59
[TCP] RX serial=55 dst=B1 code=00 reg=0x14000000 len=88 raw=55aa0055feb1000000000000000000145800c557
[TCP] TX bytes=108 raw=aa550055b1fe0000000000000000001458004e5354520405060708090a0b0c0d0e0f101112131415161718191a1b1c1d1e1f20212223242526272829...
[TCP] RX serial=00 dst=B1 code=00 reg=0x00000006 len=1 raw=55aa0000feb10000000000000600000001000b57
[TCP] TX bytes=21 raw=aa550000b1fe000000000000060000000100010c57
[TCP] RX serial=5D dst=B2 code=00 reg=0x00000002 len=2 raw=55aa005dfeb20000000000000200000002006657
[TCP] TX bytes=22 raw=aa55005db2fe0000000000000200000002006606d257
[TCP] RX serial=9E dst=B2 code=00 reg=0x00000016 len=8 raw=55aa009efeb2000000000000160000000800c157
[TCP] TX bytes=28 raw=aa55009eb2fe0000000000001600000008004d363630b20100005d59
[TCP] RX serial=CB dst=B2 code=00 reg=0x14000000 len=88 raw=55aa00cbfeb20000000000000000001458003c58
[TCP] TX bytes=108 raw=aa5500cbb2fe0000000000000000001458004e5354520405060708090a0b0c0d0e0f101112131415161718191a1b1c1d1e1f20212223242526272829...
[TCP] RX serial=16 dst=B2 code=00 reg=0x00000006 len=1 raw=55aa0016feb20000000000000600000001002257
[TCP] TX bytes=21 raw=aa550016b2fe000000000000060000000100012357
[TCP] RX serial=FC dst=B3 code=00 reg=0x00000002 len=2 raw=55aa00fcfeb30000000000000200000002000658
[TCP] TX bytes=22 raw=aa5500fcb3fe00000000000002000000020066067258
[TCP] RX serial=D6 dst=B3 code=00 reg=0x00000016 len=8 raw=55aa00d6feb3000000000000160000000800fa57
[TCP] TX bytes=28 raw=aa5500d6b3fe0000000000001600000008004d363630b30100009759
[TCP] RX serial=B7 dst=B3 code=00 reg=0x14000000 len=88 raw=55aa00b7feb30000000000000000001458002958
[TCP] TX bytes=108 raw=aa5500b7b3fe0000000000000000001458004e5354520405060708090a0b0c0d0e0f101112131415161718191a1b1c1d1e1f20212223242526272829...
[TCP] RX serial=F3 dst=B3 code=00 reg=0x00000006 len=1 raw=55aa00f3feb30000000000000600000001000058
[TCP] TX bytes=21 raw=aa5500f3b3fe000000000000060000000100010158
[TCP] RX serial=A5 dst=B4 code=00 reg=0x00000002 len=2 raw=55aa00a5feb4000000000000020000000200b057
[TCP] TX bytes=22 raw=aa5500a5b4fe00000000000002000000020066061c58
[TCP] RX serial=E7 dst=B4 code=00 reg=0x00000016 len=8 raw=55aa00e7feb40000000000001600000008000c58
[TCP] TX bytes=28 raw=aa5500e7b4fe0000000000001600000008004d363630b4010000aa59
[TCP] RX serial=4A dst=B4 code=00 reg=0x14000000 len=88 raw=55aa004afeb4000000000000000000145800bd57
[TCP] TX bytes=108 raw=aa55004ab4fe0000000000000000001458004e5354520405060708090a0b0c0d0e0f101112131415161718191a1b1c1d1e1f20212223242526272829...
[TCP] RX serial=B7 dst=B4 code=00 reg=0x00000006 len=1 raw=55aa00b7feb4000000000000060000000100c557
[TCP] TX bytes=21 raw=aa5500b7b4fe00000000000006000000010001c657
[TCP] RX serial=2A dst=B5 code=00 reg=0x00000002 len=2 raw=55aa002afeb50000000000000200000002003657
[TCP] TX bytes=22 raw=aa55002ab5fe0000000000000200000002006606a257
[TCP] RX serial=54 dst=B5 code=00 reg=0x00000016 len=8 raw=55aa0054feb50000000000001600000008007a57
[TCP] TX bytes=28 raw=aa550054b5fe0000000000001600000008004d363630b50100001959
[TCP] RX serial=7D dst=B5 code=00 reg=0x14000000 len=88 raw=55aa007dfeb5000000000000000000145800f157
[TCP] TX bytes=108 raw=aa55007db5fe0000000000000000001458004e5354520405060708090a0b0c0d0e0f101112131415161718191a1b1c1d1e1f20212223242526272829...
[TCP] RX serial=8F dst=B5 code=00 reg=0x00000006 len=1 raw=55aa008ffeb50000000000000600000001009e57
[TCP] TX bytes=21 raw=aa55008fb5fe000000000000060000000100019f57
[TCP] RX serial=4D dst=B6 code=00 reg=0x00000002 len=2 raw=55aa004dfeb60000000000000200000002005a57
[TCP] TX bytes=22 raw=aa55004db6fe0000000000000200000002006606c657
[TCP] RX serial=DB dst=B6 code=00 reg=0x00000016 len=8 raw=55aa00dbfeb60000000000001600000008000258
[TCP] TX bytes=28 raw=aa5500dbb6fe0000000000001600000008004d363630b6010000a259
[TCP] RX serial=C0 dst=B6 code=00 reg=0x14000000 len=88 raw=55aa00c0feb60000000000000000001458003558
[TCP] TX bytes=108 raw=aa5500c0b6fe0000000000000000001458004e5354520405060708090a0b0c0d0e0f101112131415161718191a1b1c1d1e1f20212223242526272829...
[TCP] RX serial=F0 dst=B6 code=00 reg=0x00000006 len=1 raw=55aa00f0feb60000000000000600000001000058
[TCP] TX bytes=21 raw=aa5500f0b6fe000000000000060000000100010158
[TCP] RX serial=C0 dst=B7 code=00 reg=0x00000002 len=2 raw=55aa00c0feb7000000000000020000000200ce57
[TCP] TX bytes=22 raw=aa5500c0b7fe00000000000002000000020066063a58
[TCP] RX serial=F8 dst=B7 code=00 reg=0x00000016 len=8 raw=55aa00f8feb70000000000001600000008002058
[TCP] TX bytes=28 raw=aa5500f8b7fe0000000000001600000008004d363630b7010000c159
[TCP] RX serial=79 dst=B7 code=00 reg=0x14000000 len=88 raw=55aa0079feb7000000000000000000145800ef57
[TCP] TX bytes=108 raw=aa550079b7fe0000000000000000001458004e5354520405060708090a0b0c0d0e0f101112131415161718191a1b1c1d1e1f20212223242526272829...
[TCP] RX serial=E7 dst=B7 code=00 reg=0x00000006 len=1 raw=55aa00e7feb7000000000000060000000100f857
[TCP] TX bytes=21 raw=aa5500e7b7fe00000000000006000000010001f957
[TCP] RX serial=FC dst=B8 code=00 reg=0x00000002 len=2 raw=55aa00fcfeb80000000000000200000002000b58
[TCP] TX bytes=22 raw=aa5500fcb8fe00000000000002000000020066067758
[TCP] RX serial=2E dst=B8 code=00 reg=0x00000016 len=8 raw=55aa002efeb80000000000001600000008005757
[TCP] TX bytes=28 raw=aa55002eb8fe0000000000001600000008004d363630b8010000f958
[TCP] RX serial=AC dst=B8 code=00 reg=0x14000000 len=88 raw=55aa00acfeb80000000000000000001458002358
[TCP] TX bytes=108 raw=aa5500acb8fe0000000000000000001458004e5354520405060708090a0b0c0d0e0f101112131415161718191a1b1c1d1e1f20212223242526272829...
[TCP] RX serial=44 dst=B8 code=00 reg=0x00000006 len=1 raw=55aa0044feb80000000000000600000001005657
[TCP] TX bytes=21 raw=aa550044b8fe000000000000060000000100015757
[TCP] RX serial=AF dst=B9 code=00 reg=0x00000002 len=2 raw=55aa00affeb9000000000000020000000200bf57
[TCP] TX bytes=22 raw=aa5500afb9fe00000000000002000000020066062b58
[TCP] RX serial=4D dst=B9 code=00 reg=0x00000016 len=8 raw=55aa004dfeb90000000000001600000008007757
[TCP] TX bytes=28 raw=aa55004db9fe0000000000001600000008004d363630b90100001a59
[TCP] RX serial=EF dst=B9 code=00 reg=0x14000000 len=88 raw=55aa00effeb90000000000000000001458006758
[TCP] TX bytes=108 raw=aa5500efb9fe0000000000000000001458004e5354520405060708090a0b0c0d0e0f101112131415161718191a1b1c1d1e1f20212223242526272829...
[TCP] RX serial=56 dst=B9 code=00 reg=0x00000006 len=1 raw=55aa0056feb90000000000000600000001006957
[TCP] TX bytes=21 raw=aa550056b9fe000000000000060000000100016a57
[TCP] RX serial=55 dst=BA code=00 reg=0x00000002 len=2 raw=55aa0055feba0000000000000200000002006657
[TCP] TX bytes=22 raw=aa550055bafe0000000000000200000002006606d257
[TCP] RX serial=3E dst=BA code=00 reg=0x00000016 len=8 raw=55aa003efeba0000000000001600000008006957
[TCP] TX bytes=28 raw=aa55003ebafe0000000000001600000008004d363630ba0100000d59
[TCP] RX serial=A7 dst=BA code=00 reg=0x14000000 len=88 raw=55aa00a7feba0000000000000000001458002058
[TCP] TX bytes=108 raw=aa5500a7bafe0000000000000000001458004e5354520405060708090a0b0c0d0e0f101112131415161718191a1b1c1d1e1f20212223242526272829...
[TCP] RX serial=F8 dst=BA code=00 reg=0x00000006 len=1 raw=55aa00f8feba0000000000000600000001000c58
[TCP] TX bytes=21 raw=aa5500f8bafe000000000000060000000100010d58
[TCP] RX serial=34 dst=BB code=00 reg=0x00000002 len=2 raw=55aa0034febb0000000000000200000002004657
[TCP] TX bytes=22 raw=aa550034bbfe0000000000000200000002006606b257
[TCP] RX serial=6F dst=BB code=00 reg=0x00000016 len=8 raw=55aa006ffebb0000000000001600000008009b57
[TCP] TX bytes=28 raw=aa55006fbbfe0000000000001600000008004d363630bb0100004059
[TCP] RX serial=56 dst=BB code=00 reg=0x14000000 len=88 raw=55aa0056febb000000000000000000145800d057
[TCP] TX bytes=108 raw=aa550056bbfe0000000000000000001458004e5354520405060708090a0b0c0d0e0f101112131415161718191a1b1c1d1e1f20212223242526272829...
[TCP] RX serial=9C dst=BB code=00 reg=0x00000006 len=1 raw=55aa009cfebb000000000000060000000100b157
[TCP] TX bytes=21 raw=aa55009cbbfe00000000000006000000010001b257
[TCP] RX serial=5E dst=BC code=00 reg=0x00000002 len=2 raw=55aa005efebc0000000000000200000002007157
[TCP] TX bytes=22 raw=aa55005ebcfe0000000000000200000002006606dd57
[TCP] RX serial=54 dst=BC code=00 reg=0x00000016 len=8 raw=55aa0054febc0000000000001600000008008157
[TCP] TX bytes=28 raw=aa550054bcfe0000000000001600000008004d363630bc0100002759
[TCP] RX serial=12 dst=BC code=00 reg=0x14000000 len=88 raw=55aa0012febc0000000000000000001458008d57
[TCP] TX bytes=108 raw=aa550012bcfe0000000000000000001458004e5354520405060708090a0b0c0d0e0f101112131415161718191a1b1c1d1e1f20212223242526272829...
[TCP] RX serial=99 dst=BC code=00 reg=0x00000006 len=1 raw=55aa0099febc000000000000060000000100af57
[TCP] TX bytes=21 raw=aa550099bcfe00000000000006000000010001b057
[TCP] RX serial=2E dst=BD code=00 reg=0x00000002 len=2 raw=55aa002efebd0000000000000200000002004257
[TCP] TX bytes=22 raw=aa55002ebdfe0000000000000200000002006606ae57
[TCP] RX serial=9F dst=BD code=00 reg=0x00000016 len=8 raw=55aa009ffebd000000000000160000000800cd57
[TCP] TX bytes=28 raw=aa55009fbdfe0000000000001600000008004d363630bd0100007459
[TCP] RX serial=9C dst=BD code=00 reg=0x14000000 len=88 raw=55aa009cfebd0000000000000000001458001858
[TCP] TX bytes=108 raw=aa55009cbdfe0000000000000000001458004e5354520405060708090a0b0c0d0e0f101112131415161718191a1b1c1d1e1f20212223242526272829...
[TCP] RX serial=BA dst=BD code=00 reg=0x00000006 len=1 raw=55aa00bafebd000000000000060000000100d157
[TCP] TX bytes=21 raw=aa5500babdfe00000000000006000000010001d257
[TCP] RX serial=DD dst=BE code=00 reg=0x00000002 len=2 raw=55aa00ddfebe000000000000020000000200f257
[TCP] TX bytes=22 raw=aa5500ddbefe00000000000002000000020066065e58
[TCP] RX serial=41 dst=BE code=00 reg=0x00000016 len=8 raw=55aa0041febe0000000000001600000008007057
[TCP] TX bytes=28 raw=aa550041befe0000000000001600000008004d363630be0100001859
[TCP] RX serial=C3 dst=BE code=00 reg=0x14000000 len=88 raw=55aa00c3febe0000000000000000001458004058
[TCP] TX bytes=108 raw=aa5500c3befe0000000000000000001458004e5354520405060708090a0b0c0d0e0f101112131415161718191a1b1c1d1e1f20212223242526272829...
[TCP] RX serial=E7 dst=BE code=00 reg=0x00000006 len=1 raw=55aa00e7febe000000000000060000000100ff57
[TCP] TX bytes=21 raw=aa5500e7befe000000000000060000000100010058
[TCP] RX serial=0F dst=BF code=00 reg=0x00000002 len=2 raw=55aa000ffebf0000000000000200000002002557
[TCP] TX bytes=22 raw=aa55000fbffe00000000000002000000020066069157
[TCP] RX serial=64 dst=BF code=00 reg=0x00000016 len=8 raw=55aa0064febf0000000000001600000008009457
[TCP] TX bytes=28 raw=aa550064bffe0000000000001600000008004d363630bf0100003d59
[TCP] RX serial=3F dst=BF code=00 reg=0x14000000 len=88 raw=55aa003ffebf000000000000000000145800bd57
[TCP] TX bytes=108 raw=aa55003fbffe0000000000000000001458004e5354520405060708090a0b0c0d0e0f101112131415161718191a1b1c1d1e1f20212223242526272829...
[TCP] RX serial=64 dst=BF code=00 reg=0x00000006 len=1 raw=55aa0064febf0000000000000600000001007d57
[TCP] TX bytes=21 raw=aa550064bffe000000000000060000000100017e57
[TCP] RX serial=24 dst=C0 code=00 reg=0x00000002 len=2 raw=55aa0024fec00000000000000200000002003b57
[TCP] TX bytes=22 raw=aa550024c0fe0000000000000200000002006606a757
[TCP] RX serial=E3 dst=C0 code=00 reg=0x00000016 len=8 raw=55aa00e3fec00000000000001600000008001458
[TCP] TX bytes=28 raw=aa5500e3c0fe0000000000001600000008004d363630c0010000be59
[TCP] RX serial=19 dst=C0 code=00 reg=0x14000000 len=88 raw=55aa0019fec00000000000000000001458009857
[TCP] TX bytes=108 raw=aa550019c0fe0000000000000000001458004e5354520405060708090a0b0c0d0e0f101112131415161718191a1b1c1d1e1f20212223242526272829...
[TCP] RX serial=CD dst=C0 code=00 reg=0x00000006 len=1 raw=55aa00cdfec0000000000000060000000100e757
[TCP] TX bytes=21 raw=aa5500cdc0fe00000000000006000000010001e857
[TCP] RX serial=29 dst=C1 code=00 reg=0x00000002 len=2 raw=55aa0029fec10000000000000200000002004157
[TCP] TX bytes=22 raw=aa550029c1fe0000000000000200000002006606ad57
[TCP] RX serial=73 dst=C1 code=00 reg=0x00000016 len=8 raw=55aa0073fec1000000000000160000000800a557
[TCP] TX bytes=28 raw=aa550073c1fe0000000000001600000008004d363630c10100005059
[TCP] RX serial=44 dst=C1 code=00 reg=0x14000000 len=88 raw=55aa0044fec1000000000000000000145800c457
[TCP] TX bytes=108 raw=aa550044c1fe0000000000000000001458004e5354520405060708090a0b0c0d0e0f101112131415161718191a1b1c1d1e1f20212223242526272829...
[TCP] RX serial=58 dst=C1 code=00 reg=0x00000006 len=1 raw=55aa0058fec10000000000000600000001007357
[TCP] TX bytes=21 raw=aa550058c1fe000000000000060000000100017457
[TCP] RX serial=F6 dst=C2 code=00 reg=0x00000002 len=2 raw=55aa00f6fec20000000000000200000002000f58
[TCP] TX bytes=22 raw=aa5500f6c2fe00000000000002000000020066067b58
[TCP] RX serial=F3 dst=C2 code=00 reg=0x00000016 len=8 raw=55aa00f3fec20000000000001600000008002658
[TCP] TX bytes=28 raw=aa5500f3c2fe0000000000001600000008004d363630c2010000d259
[TCP] RX serial=61 dst=C2 code=00 reg=0x14000000 len=88 raw=55aa0061fec2000000000000000000145800e257
[TCP] TX bytes=108 raw=aa550061c2fe0000000000000000001458004e5354520405060708090a0b0c0d0e0f101112131415161718191a1b1c1d1e1f20212223242526272829...
[TCP] RX serial=EB dst=C2 code=00 reg=0x00000006 len=1 raw=55aa00ebfec20000000000000600000001000758
[TCP] TX bytes=21 raw=aa5500ebc2fe000000000000060000000100010858
[TCP] RX serial=AC dst=C3 code=00 reg=0x00000002 len=2 raw=55aa00acfec3000000000000020000000200c657
[TCP] TX bytes=22 raw=aa5500acc3fe00000000000002000000020066063258
[TCP] RX serial=84 dst=C3 code=00 reg=0x00000016 len=8 raw=55aa0084fec3000000000000160000000800b857
[TCP] TX bytes=28 raw=aa550084c3fe0000000000001600000008004d363630c30100006559
[TCP] RX serial=5B dst=C3 code=00 reg=0x14000000 len=88 raw=55aa005bfec3000000000000000000145800dd57
[TCP] TX bytes=108 raw=aa55005bc3fe0000000000000000001458004e5354520405060708090a0b0c0d0e0f101112131415161718191a1b1c1d1e1f20212223242526272829...
[TCP] RX serial=DD dst=C3 code=00 reg=0x00000006 len=1 raw=55aa00ddfec3000000000000060000000100fa57
[TCP] TX bytes=21 raw=aa5500ddc3fe00000000000006000000010001fb57
[TCP] RX serial=84 dst=C4 code=00 reg=0x00000002 len=2 raw=55aa0084fec40000000000000200000002009f57
[TCP] TX bytes=22 raw=aa550084c4fe00000000000002000000020066060b58
[TCP] RX serial=24 dst=C4 code=00 reg=0x00000016 len=8 raw=55aa0024fec40000000000001600000008005957
[TCP] TX bytes=28 raw=aa550024c4fe0000000000001600000008004d363630c40100000759
[TCP] RX serial=91 dst=C4 code=00 reg=0x14000000 len=88 raw=55aa0091fec40000000000000000001458001458
[TCP] TX bytes=108 raw=aa550091c4fe0000000000000000001458004e5354520405060708090a0b0c0d0e0f101112131415161718191a1b1c1d1e1f20212223242526272829...
[TCP] RX serial=6C dst=C4 code=00 reg=0x00000006 len=1 raw=55aa006cfec40000000000000600000001008a57
[TCP] TX bytes=21 raw=aa55006cc4fe000000000000060000000100018b57
[TCP] RX serial=E6 dst=C5 code=00 reg=0x00000002 len=2 raw=55aa00e6fec50000000000000200000002000258
[TCP] TX bytes=22 raw=aa5500e6c5fe00000000000002000000020066066e58
[TCP] RX serial=DF dst=C5 code=00 reg=0x00000016 len=8 raw=55aa00dffec50000000000001600000008001558
[TCP] TX bytes=28 raw=aa5500dfc5fe0000000000001600000008004d363630c5010000c459
[TCP] RX serial=B8 dst=C5 code=00 reg=0x14000000 len=88 raw=55aa00b8fec50000000000000000001458003c58
[TCP] TX bytes=108 raw=aa5500b8c5fe0000000000000000001458004e5354520405060708090a0b0c0d0e0f101112131415161718191a1b1c1d1e1f20212223242526272829...
[TCP] RX serial=5D dst=C5 code=00 reg=0x00000006 len=1 raw=55aa005dfec50000000000000600000001007c57
[TCP] TX bytes=21 raw=aa55005dc5fe000000000000060000000100017d57
[TCP] RX serial=91 dst=C6 code=00 reg=0x00000002 len=2 raw=55aa0091fec6000000000000020000000200ae57
[TCP] TX bytes=22 raw=aa550091c6fe00000000000002000000020066061a58
[TCP] RX serial=F0 dst=C6 code=00 reg=0x00000016 len=8 raw=55aa00f0fec60000000000001600000008002758
[TCP] TX bytes=28 raw=aa5500f0c6fe0000000000001600000008004d363630c6010000d759
[TCP] RX serial=65 dst=C6 code=00 reg=0x14000000 len=88 raw=55aa0065fec6000000000000000000145800ea57
[TCP] TX bytes=108 raw=aa550065c6fe0000000000000000001458004e5354520405060708090a0b0c0d0e0f101112131415161718191a1b1c1d1e1f20212223242526272829...
[TCP] RX serial=6E dst=C6 code=00 reg=0x00000006 len=1 raw=55aa006efec60000000000000600000001008e57
[TCP] TX bytes=21 raw=aa55006ec6fe000000000000060000000100018f57
[TCP] RX serial=88 dst=C7 code=00 reg=0x00000002 len=2 raw=55aa0088fec7000000000000020000000200a657
[TCP] TX bytes=22 raw=aa550088c7fe00000000000002000000020066061258
[TCP] RX serial=08 dst=C7 code=00 reg=0x00000016 len=8 raw=55aa0008fec70000000000001600000008004057
[TCP] TX bytes=28 raw=aa550008c7fe0000000000001600000008004d363630c7010000f158
[TCP] RX serial=46 dst=C7 code=00 reg=0x14000000 len=88 raw=55aa0046fec7000000000000000000145800cc57
[TCP] TX bytes=108 raw=aa550046c7fe0000000000000000001458004e5354520405060708090a0b0c0d0e0f101112131415161718191a1b1c1d1e1f20212223242526272829...
[TCP] RX serial=F0 dst=C7 code=00 reg=0x00000006 len=1 raw=55aa00f0fec70000000000000600000001001158
[TCP] TX bytes=21 raw=aa5500f0c7fe000000000000060000000100011258
[TCP] RX serial=FE dst=C8 code=00 reg=0x00000002 len=2 raw=55aa00fefec80000000000000200000002001d58
[TCP] TX bytes=22 raw=aa5500fec8fe00000000000002000000020066068958
[TCP] RX serial=43 dst=C8 code=00 reg=0x00000016 len=8 raw=55aa0043fec80000000000001600000008007c57
[TCP] TX bytes=28 raw=aa550043c8fe0000000000001600000008004d363630c80100002e59
[TCP] RX serial=D4 dst=C8 code=00 reg=0x14000000 len=88 raw=55aa00d4fec80000000000000000001458005b58
[TCP] TX bytes=108 raw=aa5500d4c8fe0000000000000000001458004e5354520405060708090a0b0c0d0e0f101112131415161718191a1b1c1d1e1f20212223242526272829...
[TCP] RX serial=50 dst=C8 code=00 reg=0x00000006 len=1 raw=55aa0050fec80000000000000600000001007257
[TCP] TX bytes=21 raw=aa550050c8fe000000000000060000000100017357
[TCP] RX serial=56 dst=C9 code=00 reg=0x00000002 len=2 raw=55aa0056fec90000000000000200000002007657
[TCP] TX bytes=22 raw=aa550056c9fe0000000000000200000002006606e257
[TCP] RX serial=88 dst=C9 code=00 reg=0x00000016 len=8 raw=55aa0088fec9000000000000160000000800c257
[TCP] TX bytes=28 raw=aa550088c9fe0000000000001600000008004d363630c90100007559
[TCP] RX serial=72 dst=C9 code=00 reg=0x14000000 len=88 raw=55aa0072fec9000000000000000000145800fa57
[TCP] TX bytes=108 raw=aa550072c9fe0000000000000000001458004e5354520405060708090a0b0c0d0e0f101112131415161718191a1b1c1d1e1f20212223242526272829...
[TCP] RX serial=EA dst=C9 code=00 reg=0x00000006 len=1 raw=55aa00eafec90000000000000600000001000d58
[TCP] TX bytes=21 raw=aa5500eac9fe000000000000060000000100010e58
[TCP] RX serial=0F dst=CA code=00 reg=0x00000002 len=2 raw=55aa000ffeca0000000000000200000002003057
[TCP] TX bytes=22 raw=aa55000fcafe00000000000002000000020066069c57
[TCP] RX serial=B8 dst=CA code=00 reg=0x00000016 len=8 raw=55aa00b8feca000000000000160000000800f357
[TCP] TX bytes=28 raw=aa5500b8cafe0000000000001600000008004d363630ca010000a759
[TCP] RX serial=A1 dst=CA code=00 reg=0x14000000 len=88 raw=55aa00a1feca0000000000000000001458002a58
[TCP] TX bytes=108 raw=aa5500a1cafe0000000000000000001458004e5354520405060708090a0b0c0d0e0f101112131415161718191a1b1c1d1e1f20212223242526272829...
[TCP] RX serial=3A dst=CA code=00 reg=0x00000006 len=1 raw=55aa003afeca0000000000000600000001005e57
[TCP] TX bytes=21 raw=aa55003acafe000000000000060000000100015f57
[TCP] RX serial=3D dst=CB code=00 reg=0x00000002 len=2 raw=55aa003dfecb0000000000000200000002005f57
[TCP] TX bytes=22 raw=aa55003dcbfe0000000000000200000002006606cb57
[TCP] RX serial=B0 dst=CB code=00 reg=0x00000016 len=8 raw=55aa00b0fecb000000000000160000000800ec57
[TCP] TX bytes=28 raw=aa5500b0cbfe0000000000001600000008004d363630cb010000a159
[TCP] RX serial=0E dst=CB code=00 reg=0x14000000 len=88 raw=55aa000efecb0000000000000000001458009857
[TCP] TX bytes=108 raw=aa55000ecbfe0000000000000000001458004e5354520405060708090a0b0c0d0e0f101112131415161718191a1b1c1d1e1f20212223242526272829...
[TCP] RX serial=59 dst=CB code=00 reg=0x00000006 len=1 raw=55aa0059fecb0000000000000600000001007e57
[TCP] TX bytes=21 raw=aa550059cbfe000000000000060000000100017f57
[TCP] RX serial=E4 dst=CC code=00 reg=0x00000002 len=2 raw=55aa00e4fecc0000000000000200000002000758
[TCP] TX bytes=22 raw=aa5500e4ccfe00000000000002000000020066067358
[TCP] RX serial=E5 dst=CC code=00 reg=0x00000016 len=8 raw=55aa00e5fecc0000000000001600000008002258
[TCP] TX bytes=28 raw=aa5500e5ccfe0000000000001600000008004d363630cc010000d859
[TCP] RX serial=62 dst=CC code=00 reg=0x14000000 len=88 raw=55aa0062fecc000000000000000000145800ed57
[TCP] TX bytes=108 raw=aa550062ccfe0000000000000000001458004e5354520405060708090a0b0c0d0e0f101112131415161718191a1b1c1d1e1f20212223242526272829...
[TCP] RX serial=E9 dst=CC code=00 reg=0x00000006 len=1 raw=55aa00e9fecc0000000000000600000001000f58
[TCP] TX bytes=21 raw=aa5500e9ccfe000000000000060000000100011058
[TCP] RX serial=D1 dst=CD code=00 reg=0x00000002 len=2 raw=55aa00d1fecd000000000000020000000200f557
[TCP] TX bytes=22 raw=aa5500d1cdfe00000000000002000000020066066158
[TCP] RX serial=D1 dst=CD code=00 reg=0x00000016 len=8 raw=55aa00d1fecd0000000000001600000008000f58
[TCP] TX bytes=28 raw=aa5500d1cdfe0000000000001600000008004d363630cd010000c659
[TCP] RX serial=7C dst=CD code=00 reg=0x14000000 len=88 raw=55aa007cfecd0000000000000000001458000858
[TCP] TX bytes=108 raw=aa55007ccdfe0000000000000000001458004e5354520405060708090a0b0c0d0e0f101112131415161718191a1b1c1d1e1f20212223242526272829...
[TCP] RX serial=43 dst=CD code=00 reg=0x00000006 len=1 raw=55aa0043fecd0000000000000600000001006a57
[TCP] TX bytes=21 raw=aa550043cdfe000000000000060000000100016b57
[TCP] RX serial=2A dst=CE code=00 reg=0x00000002 len=2 raw=55aa002afece0000000000000200000002004f57
[TCP] TX bytes=22 raw=aa55002acefe0000000000000200000002006606bb57
[TCP] RX serial=BA dst=CE code=00 reg=0x00000016 len=8 raw=55aa00bafece000000000000160000000800f957
[TCP] TX bytes=28 raw=aa5500bacefe0000000000001600000008004d363630ce010000b159
[TCP] RX serial=3C dst=CE code=00 reg=0x14000000 len=88 raw=55aa003cfece000000000000000000145800c957
[TCP] TX bytes=108 raw=aa55003ccefe0000000000000000001458004e5354520405060708090a0b0c0d0e0f101112131415161718191a1b1c1d1e1f20212223242526272829...
[TCP] RX serial=37 dst=CE code=00 reg=0x00000006 len=1 raw=55aa0037fece0000000000000600000001005f57
[TCP] TX bytes=21 raw=aa550037cefe000000000000060000000100016057
[TCP] RX serial=0D dst=CF code=00 reg=0x00000002 len=2 raw=55aa000dfecf0000000000000200000002003357
[TCP] TX bytes=22 raw=aa55000dcffe00000000000002000000020066069f57
[TCP] RX serial=D5 dst=CF code=00 reg=0x00000016 len=8 raw=55aa00d5fecf0000000000001600000008001558
[TCP] TX bytes=28 raw=aa5500d5cffe0000000000001600000008004d363630cf010000ce59
[TCP] RX serial=CE dst=CF code=00 reg=0x14000000 len=88 raw=55aa00cefecf0000000000000000001458005c58
[TCP] TX bytes=108 raw=aa5500cecffe0000000000000000001458004e5354520405060708090a0b0c0d0e0f101112131415161718191a1b1c1d1e1f20212223242526272829...
[TCP] RX serial=ED dst=CF code=00 reg=0x00000006 len=1 raw=55aa00edfecf0000000000000600000001001658
[TCP] TX bytes=21 raw=aa5500edcffe000000000000060000000100011758
[TCP] RX serial=AC dst=D0 code=00 reg=0x00000002 len=2 raw=55aa00acfed0000000000000020000000200d357
[TCP] TX bytes=22 raw=aa5500acd0fe00000000000002000000020066063f58
[TCP] RX serial=70 dst=D0 code=00 reg=0x00000016 len=8 raw=55aa0070fed0000000000000160000000800b157
[TCP] TX bytes=28 raw=aa550070d0fe0000000000001600000008004d363630d00100006b59
[TCP] RX serial=EB dst=D0 code=00 reg=0x14000000 len=88 raw=55aa00ebfed00000000000000000001458007a58
[TCP] TX bytes=108 raw=aa5500ebd0fe0000000000000000001458004e5354520405060708090a0b0c0d0e0f101112131415161718191a1b1c1d1e1f20212223242526272829...
[TCP] RX serial=68 dst=D0 code=00 reg=0x00000006 len=1 raw=55aa0068fed00000000000000600000001009257
[TCP] TX bytes=21 raw=aa550068d0fe000000000000060000000100019357
[TCP] RX serial=AF dst=D1 code=00 reg=0x00000002 len=2 raw=55aa00affed1000000000000020000000200d757
[TCP] TX bytes=22 raw=aa5500afd1fe00000000000002000000020066064358
[TCP] RX serial=0B dst=D1 code=00 reg=0x00000016 len=8 raw=55aa000bfed10000000000001600000008004d57
[TCP] TX bytes=28 raw=aa55000bd1fe0000000000001600000008004d363630d10100000859
[TCP] RX serial=86 dst=D1 code=00 reg=0x14000000 len=88 raw=55aa0086fed10000000000000000001458001658
[TCP] TX bytes=108 raw=aa550086d1fe0000000000000000001458004e5354520405060708090a0b0c0d0e0f101112131415161718191a1b1c1d1e1f20212223242526272829...
[TCP] RX serial=FB dst=D1 code=00 reg=0x00000006 len=1 raw=55aa00fbfed10000000000000600000001002658
[TCP] TX bytes=21 raw=aa5500fbd1fe000000000000060000000100012758
[TCP] RX serial=B0 dst=D2 code=00 reg=0x00000002 len=2 raw=55aa00b0fed2000000000000020000000200d957
[TCP] TX bytes=22 raw=aa5500b0d2fe00000000000002000000020066064558
[TCP] RX serial=A6 dst=D2 code=00 reg=0x00000016 len=8 raw=55aa00a6fed2000000000000160000000800e957
[TCP] TX bytes=28 raw=aa5500a6d2fe0000000000001600000008004d363630d2010000a559
[TCP] RX serial=5C dst=D2 code=00 reg=0x14000000 len=88 raw=55aa005cfed2000000000000000000145800ed57
[TCP] TX bytes=108 raw=aa55005cd2fe0000000000000000001458004e5354520405060708090a0b0c0d0e0f101112131415161718191a1b1c1d1e1f20212223242526272829...
[TCP] RX serial=2E dst=D2 code=00 reg=0x00000006 len=1 raw=55aa002efed20000000000000600000001005a57
[TCP] TX bytes=21 raw=aa55002ed2fe000000000000060000000100015b57
[TCP] RX serial=3D dst=D3 code=00 reg=0x00000002 len=2 raw=55aa003dfed30000000000000200000002006757
[TCP] TX bytes=22 raw=aa55003dd3fe0000000000000200000002006606d357
[TCP] RX serial=7E dst=D3 code=00 reg=0x00000016 len=8 raw=55aa007efed3000000000000160000000800c257
[TCP] TX bytes=28 raw=aa55007ed3fe0000000000001600000008004d363630d30100007f59
[TCP] RX serial=1F dst=D3 code=00 reg=0x14000000 len=88 raw=55aa001ffed3000000000000000000145800b157
[TCP] TX bytes=108 raw=aa55001fd3fe0000000000000000001458004e5354520405060708090a0b0c0d0e0f101112131415161718191a1b1c1d1e1f20212223242526272829...
[TCP] RX serial=DF dst=D3 code=00 reg=0x00000006 len=1 raw=55aa00dffed30000000000000600000001000c58
[TCP] TX bytes=21 raw=aa5500dfd3fe000000000000060000000100010d58
[TCP] RX serial=E2 dst=D4 code=00 reg=0x00000002 len=2 raw=55aa00e2fed40000000000000200000002000d58
[TCP] TX bytes=22 raw=aa5500e2d4fe00000000000002000000020066067958
[TCP] RX serial=0C dst=D4 code=00 reg=0x00000016 len=8 raw=55aa000cfed40000000000001600000008005157
[TCP] TX bytes=28 raw=aa55000cd4fe0000000000001600000008004d363630d40100000f59
[TCP] RX serial=88 dst=D4 code=00 reg=0x14000000 len=88 raw=55aa0088fed40000000000000000001458001b58
[TCP] TX bytes=108 raw=aa550088d4fe0000000000000000001458004e5354520405060708090a0b0c0d0e0f101112131415161718191a1b1c1d1e1f20212223242526272829...
[TCP] RX serial=A2 dst=D4 code=00 reg=0x00000006 len=1 raw=55aa00a2fed4000000000000060000000100d057
[TCP] TX bytes=21 raw=aa5500a2d4fe00000000000006000000010001d157
[TCP] RX serial=A5 dst=D5 code=00 reg=0x00000002 len=2 raw=55aa00a5fed5000000000000020000000200d157
[TCP] TX bytes=22 raw=aa5500a5d5fe00000000000002000000020066063d58
[TCP] RX serial=5C dst=D5 code=00 reg=0x00000016 len=8 raw=55aa005cfed5000000000000160000000800a257
[TCP] TX bytes=28 raw=aa55005cd5fe0000000000001600000008004d363630d50100006159
[TCP] RX serial=1F dst=D5 code=00 reg=0x14000000 len=88 raw=55aa001ffed5000000000000000000145800b357
[TCP] TX bytes=108 raw=aa55001fd5fe0000000000000000001458004e5354520405060708090a0b0c0d0e0f101112131415161718191a1b1c1d1e1f20212223242526272829...
[TCP] RX serial=2C dst=D5 code=00 reg=0x00000006 len=1 raw=55aa002cfed50000000000000600000001005b57
[TCP] TX bytes=21 raw=aa55002cd5fe000000000000060000000100015c57
[TCP] RX serial=C6 dst=D6 code=00 reg=0x00000002 len=2 raw=55aa00c6fed6000000000000020000000200f357
[TCP] TX bytes=22 raw=aa5500c6d6fe00000000000002000000020066065f58
[TCP] RX serial=90 dst=D6 code=00 reg=0x00000016 len=8 raw=55aa0090fed6000000000000160000000800d757
[TCP] TX bytes=28 raw=aa550090d6fe0000000000001600000008004d363630d60100009759
[TCP] RX serial=25 dst=D6 code=00 reg=0x14000000 len=88 raw=55aa0025fed6000000000000000000145800ba57
[TCP] TX bytes=108 raw=aa550025d6fe0000000000000000001458004e5354520405060708090a0b0c0d0e0f101112131415161718191a1b1c1d1e1f20212223242526272829...
[TCP] RX serial=9A dst=D6 code=00 reg=0x00000006 len=1 raw=55aa009afed6000000000000060000000100ca57
[TCP] TX bytes=21 raw=aa55009ad6fe00000000000006000000010001cb57
[TCP] RX serial=4B dst=D7 code=00 reg=0x00000002 len=2 raw=55aa004bfed70000000000000200000002007957
[TCP] TX bytes=22 raw=aa55004bd7fe0000000000000200000002006606e557
[TCP] RX serial=3B dst=D7 code=00 reg=0x00000016 len=8 raw=55aa003bfed70000000000001600000008008357
[TCP] TX bytes=28 raw=aa55003bd7fe0000000000001600000008004d363630d70100004459
[TCP] RX serial=DC dst=D7 code=00 reg=0x14000000 len=88 raw=55aa00dcfed70000000000000000001458007258
[TCP] TX bytes=108 raw=aa5500dcd7fe0000000000000000001458004e5354520405060708090a0b0c0d0e0f101112131415161718191a1b1c1d1e1f20212223242526272829...
[TCP] RX serial=39 dst=D7 code=00 reg=0x00000006 len=1 raw=55aa0039fed70000000000000600000001006a57
[TCP] TX bytes=21 raw=aa550039d7fe000000000000060000000100016b57
[TCP] RX serial=E8 dst=D8 code=00 reg=0x00000002 len=2 raw=55aa00e8fed80000000000000200000002001758
[TCP] TX bytes=22 raw=aa5500e8d8fe00000000000002000000020066068358
[TCP] RX serial=B3 dst=D8 code=00 reg=0x00000016 len=8 raw=55aa00b3fed8000000000000160000000800fc57
[TCP] TX bytes=28 raw=aa5500b3d8fe0000000000001600000008004d363630d8010000be59
[TCP] RX serial=8C dst=D8 code=00 reg=0x14000000 len=88 raw=55aa008cfed80000000000000000001458002358
[TCP] TX bytes=108 raw=aa55008cd8fe0000000000000000001458004e5354520405060708090a0b0c0d0e0f101112131415161718191a1b1c1d1e1f20212223242526272829...
[TCP] RX serial=CC dst=D8 code=00 reg=0x00000006 len=1 raw=55aa00ccfed8000000000000060000000100fe57
[TCP] TX bytes=21 raw=aa5500ccd8fe00000000000006000000010001ff57
[TCP] RX serial=C3 dst=D9 code=00 reg=0x00000002 len=2 raw=55aa00c3fed9000000000000020000000200f357
[TCP] TX bytes=22 raw=aa5500c3d9fe00000000000002000000020066065f58
[TCP] RX serial=A5 dst=D9 code=00 reg=0x00000016 len=8 raw=55aa00a5fed9000000000000160000000800ef57
[TCP] TX bytes=28 raw=aa5500a5d9fe0000000000001600000008004d363630d9010000b259
[TCP] RX serial=A8 dst=D9 code=00 reg=0x14000000 len=88 raw=55aa00a8fed90000000000000000001458004058
[TCP] TX bytes=108 raw=aa5500a8d9fe0000000000000000001458004e5354520405060708090a0b0c0d0e0f101112131415161718191a1b1c1d1e1f20212223242526272829...
[TCP] RX serial=D8 dst=D9 code=00 reg=0x00000006 len=1 raw=55aa00d8fed90000000000000600000001000b58
[TCP] TX bytes=21 raw=aa5500d8d9fe000000000000060000000100010c58
[TCP] RX serial=5E dst=DA code=00 reg=0x00000002 len=2 raw=55aa005efeda0000000000000200000002008f57
[TCP] TX bytes=22 raw=aa55005edafe0000000000000200000002006606fb57
[TCP] RX serial=65 dst=DA code=00 reg=0x00000016 len=8 raw=55aa0065feda000000000000160000000800b057
[TCP] TX bytes=28 raw=aa550065dafe0000000000001600000008004d363630da0100007459
[TCP] RX serial=38 dst=DA code=00 reg=0x14000000 len=88 raw=55aa0038feda000000000000000000145800d157
[TCP] TX bytes=108 raw=aa550038dafe0000000000000000001458004e5354520405060708090a0b0c0d0e0f101112131415161718191a1b1c1d1e1f20212223242526272829...
[TCP] RX serial=2A dst=DA code=00 reg=0x00000006 len=1 raw=55aa002afeda0000000000000600000001005e57
[TCP] TX bytes=21 raw=aa55002adafe000000000000060000000100015f57
[TCP] RX serial=75 dst=DB code=00 reg=0x00000002 len=2 raw=55aa0075fedb000000000000020000000200a757
[TCP] TX bytes=22 raw=aa550075dbfe00000000000002000000020066061358
[TCP] RX serial=4E dst=DB code=00 reg=0x00000016 len=8 raw=55aa004efedb0000000000001600000008009a57
[TCP] TX bytes=28 raw=aa55004edbfe0000000000001600000008004d363630db0100005f59
[TCP] RX serial=06 dst=DB code=00 reg=0x14000000 len=88 raw=55aa0006fedb000000000000000000145800a057
[TCP] TX bytes=108 raw=aa550006dbfe0000000000000000001458004e5354520405060708090a0b0c0d0e0f101112131415161718191a1b1c1d1e1f20212223242526272829...
[TCP] RX serial=AB dst=DB code=00 reg=0x00000006 len=1 raw=55aa00abfedb000000000000060000000100e057
[TCP] TX bytes=21 raw=aa5500abdbfe00000000000006000000010001e157
[TCP] RX serial=9B dst=DC code=00 reg=0x00000002 len=2 raw=55aa009bfedc000000000000020000000200ce57
[TCP] TX bytes=22 raw=aa55009bdcfe00000000000002000000020066063a58
[TCP] RX serial=5C dst=DC code=00 reg=0x00000016 len=8 raw=55aa005cfedc000000000000160000000800a957
[TCP] TX bytes=28 raw=aa55005cdcfe0000000000001600000008004d363630dc0100006f59
[TCP] RX serial=54 dst=DC code=00 reg=0x14000000 len=88 raw=55aa0054fedc000000000000000000145800ef57
[TCP] TX bytes=108 raw=aa550054dcfe0000000000000000001458004e5354520405060708090a0b0c0d0e0f101112131415161718191a1b1c1d1e1f20212223242526272829...
[TCP] RX serial=00 dst=DC code=00 reg=0x00000006 len=1 raw=55aa0000fedc0000000000000600000001003657
[TCP] TX bytes=21 raw=aa550000dcfe000000000000060000000100013757
[TCP] RX serial=4C dst=DD code=00 reg=0x00000002 len=2 raw=55aa004cfedd0000000000000200000002008057
[TCP] TX bytes=22 raw=aa55004cddfe0000000000000200000002006606ec57
[TCP] RX serial=2C dst=DD code=00 reg=0x00000016 len=8 raw=55aa002cfedd0000000000001600000008007a57
[TCP] TX bytes=28 raw=aa55002cddfe0000000000001600000008004d363630dd0100004159
[TCP] RX serial=47 dst=DD code=00 reg=0x14000000 len=88 raw=55aa0047fedd000000000000000000145800e357
[TCP] TX bytes=108 raw=aa550047ddfe0000000000000000001458004e5354520405060708090a0b0c0d0e0f101112131415161718191a1b1c1d1e1f20212223242526272829...
[TCP] RX serial=50 dst=DD code=00 reg=0x00000006 len=1 raw=55aa0050fedd0000000000000600000001008757
[TCP] TX bytes=21 raw=aa550050ddfe000000000000060000000100018857
[TCP] RX serial=50 dst=DE code=00 reg=0x00000002 len=2 raw=55aa0050fede0000000000000200000002008557
[TCP] TX bytes=22 raw=aa550050defe0000000000000200000002006606f157
[TCP] RX serial=BF dst=DE code=00 reg=0x00000016 len=8 raw=55aa00bffede0000000000001600000008000e58
[TCP] TX bytes=28 raw=aa5500bfdefe0000000000001600000008004d363630de010000d659
[TCP] RX serial=A1 dst=DE code=00 reg=0x14000000 len=88 raw=55aa00a1fede0000000000000000001458003e58
[TCP] TX bytes=108 raw=aa5500a1defe0000000000000000001458004e5354520405060708090a0b0c0d0e0f101112131415161718191a1b1c1d1e1f20212223242526272829...
[TCP] RX serial=1F dst=DE code=00 reg=0x00000006 len=1 raw=55aa001ffede0000000000000600000001005757
[TCP] TX bytes=21 raw=aa55001fdefe000000000000060000000100015857
[TCP] RX serial=E4 dst=DF code=00 reg=0x00000002 len=2 raw=55aa00e4fedf0000000000000200000002001a58
[TCP] TX bytes=22 raw=aa5500e4dffe00000000000002000000020066068658
[TCP] RX serial=EB dst=DF code=00 reg=0x00000016 len=8 raw=55aa00ebfedf0000000000001600000008003b58
[TCP] TX bytes=28 raw=aa5500ebdffe0000000000001600000008004d363630df010000045a
[TCP] RX serial=AF dst=DF code=00 reg=0x14000000 len=88 raw=55aa00affedf0000000000000000001458004d58
[TCP] TX bytes=108 raw=aa5500afdffe0000000000000000001458004e5354520405060708090a0b0c0d0e0f101112131415161718191a1b1c1d1e1f20212223242526272829...
[TCP] RX serial=75 dst=DF code=00 reg=0x00000006 len=1 raw=55aa0075fedf000000000000060000000100ae57
[TCP] TX bytes=21 raw=aa550075dffe00000000000006000000010001af57
[TCP] RX serial=C8 dst=E0 code=00 reg=0x00000002 len=2 raw=55aa00c8fee0000000000000020000000200ff57
[TCP] TX bytes=22 raw=aa5500c8e0fe00000000000002000000020066066b58
[TCP] RX serial=23 dst=E0 code=00 reg=0x00000016 len=8 raw=55aa0023fee00000000000001600000008007457
[TCP] TX bytes=28 raw=aa550023e0fe0000000000001600000008004d363630e00100003e59
[TCP] RX serial=44 dst=E0 code=00 reg=0x14000000 len=88 raw=55aa0044fee0000000000000000000145800e357
[TCP] TX bytes=108 raw=aa550044e0fe0000000000000000001458004e5354520405060708090a0b0c0d0e0f101112131415161718191a1b1c1d1e1f20212223242526272829...
[TCP] RX serial=89 dst=E0 code=00 reg=0x00000006 len=1 raw=55aa0089fee0000000000000060000000100c357
[TCP] TX bytes=21 raw=aa550089e0fe00000000000006000000010001c457
[TCP] RX serial=F0 dst=E1 code=00 reg=0x00000002 len=2 raw=55aa00f0fee10000000000000200000002002858
[TCP] TX bytes=22 raw=aa5500f0e1fe00000000000002000000020066069458
[TCP] RX serial=52 dst=E1 code=00 reg=0x00000016 len=8 raw=55aa0052fee1000000000000160000000800a457
[TCP] TX bytes=28 raw=aa550052e1fe0000000000001600000008004d363630e10100006f59
[TCP] RX serial=1B dst=E1 code=00 reg=0x14000000 len=88 raw=55aa001bfee1000000000000000000145800bb57
[TCP] TX bytes=108 raw=aa55001be1fe0000000000000000001458004e5354520405060708090a0b0c0d0e0f101112131415161718191a1b1c1d1e1f20212223242526272829...
[TCP] RX serial=3C dst=E1 code=00 reg=0x00000006 len=1 raw=55aa003cfee10000000000000600000001007757
[TCP] TX bytes=21 raw=aa55003ce1fe000000000000060000000100017857
[TCP] RX serial=62 dst=E2 code=00 reg=0x00000002 len=2 raw=55aa0062fee20000000000000200000002009b57
[TCP] TX bytes=22 raw=aa550062e2fe00000000000002000000020066060758
[TCP] RX serial=AF dst=E2 code=00 reg=0x00000016 len=8 raw=55aa00affee20000000000001600000008000258
[TCP] TX bytes=28 raw=aa5500afe2fe0000000000001600000008004d363630e2010000ce59
[TCP] RX serial=43 dst=E2 code=00 reg=0x14000000 len=88 raw=55aa0043fee2000000000000000000145800e457
[TCP] TX bytes=108 raw=aa550043e2fe0000000000000000001458004e5354520405060708090a0b0c0d0e0f101112131415161718191a1b1c1d1e1f20212223242526272829...
[TCP] RX serial=3F dst=E2 code=00 reg=0x00000006 len=1 raw=55aa003ffee20000000000000600000001007b57
[TCP] TX bytes=21 raw=aa55003fe2fe000000000000060000000100017c57
[TCP] RX serial=23 dst=E3 code=00 reg=0x00000002 len=2 raw=55aa0023fee30000000000000200000002005d57
[TCP] TX bytes=22 raw=aa550023e3fe0000000000000200000002006606c957
[TCP] RX serial=F3 dst=E3 code=00 reg=0x00000016 len=8 raw=55aa00f3fee30000000000001600000008004758
[TCP] TX bytes=28 raw=aa5500f3e3fe0000000000001600000008004d363630e3010000145a
[TCP] RX serial=B6 dst=E3 code=00 reg=0x14000000 len=88 raw=55aa00b6fee30000000000000000001458005858
[TCP] TX bytes=108 raw=aa5500b6e3fe0000000000000000001458004e5354520405060708090a0b0c0d0e0f101112131415161718191a1b1c1d1e1f20212223242526272829...
[TCP] RX serial=77 dst=E3 code=00 reg=0x00000006 len=1 raw=55aa0077fee3000000000000060000000100b457
[TCP] TX bytes=21 raw=aa550077e3fe00000000000006000000010001b557
[TCP] RX serial=89 dst=E4 code=00 reg=0x00000002 len=2 raw=55aa0089fee4000000000000020000000200c457
[TCP] TX bytes=22 raw=aa550089e4fe00000000000002000000020066063058
[TCP] RX serial=79 dst=E4 code=00 reg=0x00000016 len=8 raw=55aa0079fee4000000000000160000000800ce57
[TCP] TX bytes=28 raw=aa550079e4fe0000000000001600000008004d363630e40100009c59
[TCP] RX serial=FE dst=E4 code=00 reg=0x14000000 len=88 raw=55aa00fefee4000000000000000000145800a158
[TCP] TX bytes=108 raw=aa5500fee4fe0000000000000000001458004e5354520405060708090a0b0c0d0e0f101112131415161718191a1b1c1d1e1f20212223242526272829...
[TCP] RX serial=EE dst=E4 code=00 reg=0x00000006 len=1 raw=55aa00eefee40000000000000600000001002c58
[TCP] TX bytes=21 raw=aa5500eee4fe000000000000060000000100012d58
[TCP] RX serial=E5 dst=E5 code=00 reg=0x00000002 len=2 raw=55aa00e5fee50000000000000200000002002158
[TCP] TX bytes=22 raw=aa5500e5e5fe00000000000002000000020066068d58
[TCP] RX serial=DB dst=E5 code=00 reg=0x00000016 len=8 raw=55aa00dbfee50000000000001600000008003158
[TCP] TX bytes=28 raw=aa5500dbe5fe0000000000001600000008004d363630e5010000005a
[TCP] RX serial=EC dst=E5 code=00 reg=0x14000000 len=88 raw=55aa00ecfee50000000000000000001458009058
[TCP] TX bytes=108 raw=aa5500ece5fe0000000000000000001458004e5354520405060708090a0b0c0d0e0f101112131415161718191a1b1c1d1e1f20212223242526272829...
[TCP] RX serial=BC dst=E5 code=00 reg=0x00000006 len=1 raw=55aa00bcfee5000000000000060000000100fb57
[TCP] TX bytes=21 raw=aa5500bce5fe00000000000006000000010001fc57
[TCP] RX serial=6B dst=E6 code=00 reg=0x00000002 len=2 raw=55aa006bfee6000000000000020000000200a857
[TCP] TX bytes=22 raw=aa55006be6fe00000000000002000000020066061458
[TCP] RX serial=3C dst=E6 code=00 reg=0x00000016 len=8 raw=55aa003cfee60000000000001600000008009357
[TCP] TX bytes=28 raw=aa55003ce6fe0000000000001600000008004d363630e60100006359
[TCP] RX serial=7B dst=E6 code=00 reg=0x14000000 len=88 raw=55aa007bfee60000000000000000001458002058
[TCP] TX bytes=108 raw=aa55007be6fe0000000000000000001458004e5354520405060708090a0b0c0d0e0f101112131415161718191a1b1c1d1e1f20212223242526272829...
[TCP] RX serial=04 dst=E6 code=00 reg=0x00000006 len=1 raw=55aa0004fee60000000000000600000001004457
[TCP] TX bytes=21 raw=aa550004e6fe000000000000060000000100014557
[TCP] RX serial=03 dst=E7 code=00 reg=0x00000002 len=2 raw=55aa0003fee70000000000000200000002004157
[TCP] TX bytes=22 raw=aa550003e7fe0000000000000200000002006606ad57
[TCP] RX serial=89 dst=E7 code=00 reg=0x00000016 len=8 raw=55aa0089fee7000000000000160000000800e157
[TCP] TX bytes=28 raw=aa550089e7fe0000000000001600000008004d363630e7010000b259
[TCP] RX serial=F2 dst=E7 code=00 reg=0x14000000 len=88 raw=55aa00f2fee70000000000000000001458009858
[TCP] TX bytes=108 raw=aa5500f2e7fe0000000000000000001458004e5354520405060708090a0b0c0d0e0f101112131415161718191a1b1c1d1e1f20212223242526272829...
[TCP] RX serial=71 dst=E7 code=00 reg=0x00000006 len=1 raw=55aa0071fee7000000000000060000000100b257
[TCP] TX bytes=21 raw=aa550071e7fe00000000000006000000010001b357
[TCP] RX serial=B5 dst=E8 code=00 reg=0x00000002 len=2 raw=55aa00b5fee8000000000000020000000200f457
[TCP] TX bytes=22 raw=aa5500b5e8fe00000000000002000000020066066058
[TCP] RX serial=C2 dst=E8 code=00 reg=0x00000016 len=8 raw=55aa00c2fee80000000000001600000008001b58
[TCP] TX bytes=28 raw=aa5500c2e8fe0000000000001600000008004d363630e8010000ed59
[TCP] RX serial=61 dst=E8 code=00 reg=0x14000000 len=88 raw=55aa0061fee80000000000000000001458000858
[TCP] TX bytes=108 raw=aa550061e8fe0000000000000000001458004e5354520405060708090a0b0c0d0e0f101112131415161718191a1b1c1d1e1f20212223242526272829...
[TCP] RX serial=52 dst=E8 code=00 reg=0x00000006 len=1 raw=55aa0052fee80000000000000600000001009457
[TCP] TX bytes=21 raw=aa550052e8fe000000000000060000000100019557
[TCP] RX serial=0A dst=E9 code=00 reg=0x00000002 len=2 raw=55aa000afee90000000000000200000002004a57
[TCP] TX bytes=22 raw=aa55000ae9fe0000000000000200000002006606b657
[TCP] RX serial=7B dst=E9 code=00 reg=0x00000016 len=8 raw=55aa007bfee9000000000000160000000800d557
[TCP] TX bytes=28 raw=aa55007be9fe0000000000001600000008004d363630e9010000a859
[TCP] RX serial=BA dst=E9 code=00 reg=0x14000000 len=88 raw=55aa00bafee90000000000000000001458006258
[TCP] TX bytes=108 raw=aa5500bae9fe0000000000000000001458004e5354520405060708090a0b0c0d0e0f101112131415161718191a1b1c1d1e1f20212223242526272829...
[TCP] RX serial=48 dst=E9 code=00 reg=0x00000006 len=1 raw=55aa0048fee90000000000000600000001008b57
[TCP] TX bytes=21 raw=aa550048e9fe000000000000060000000100018c57
[TCP] RX serial=40 dst=EA code=00 reg=0x00000002 len=2 raw=55aa0040feea0000000000000200000002008157
[TCP] TX bytes=22 raw=aa550040eafe0000000000000200000002006606ed57
[TCP] RX serial=17 dst=EA code=00 reg=0x00000016 len=8 raw=55aa0017feea0000000000001600000008007257
[TCP] TX bytes=28 raw=aa550017eafe0000000000001600000008004d363630ea0100004659
[TCP] RX serial=9C dst=EA code=00 reg=0x14000000 len=88 raw=55aa009cfeea0000000000000000001458004558
[TCP] TX bytes=108 raw=aa55009ceafe0000000000000000001458004e5354520405060708090a0b0c0d0e0f101112131415161718191a1b1c1d1e1f20212223242526272829...
[TCP] RX serial=9C dst=EA code=00 reg=0x00000006 len=1 raw=55aa009cfeea000000000000060000000100e057
[TCP] TX bytes=21 raw=aa55009ceafe00000000000006000000010001e157
[TCP] RX serial=E7 dst=EB code=00 reg=0x00000002 len=2 raw=55aa00e7feeb0000000000000200000002002958
[TCP] TX bytes=22 raw=aa5500e7ebfe00000000000002000000020066069558
[TCP] RX serial=08 dst=EB code=00 reg=0x00000016 len=8 raw=55aa0008feeb0000000000001600000008006457
[TCP] TX bytes=28 raw=aa550008ebfe0000000000001600000008004d363630eb0100003959
[TCP] RX serial=2D dst=EB code=00 reg=0x14000000 len=88 raw=55aa002dfeeb000000000000000000145800d757
[TCP] TX bytes=108 raw=aa55002debfe0000000000000000001458004e5354520405060708090a0b0c0d0e0f101112131415161718191a1b1c1d1e1f20212223242526272829...
[TCP] RX serial=5C dst=EB code=00 reg=0x00000006 len=1 raw=55aa005cfeeb000000000000060000000100a157
[TCP] TX bytes=21 raw=aa55005cebfe00000000000006000000010001a257
[TCP] RX serial=09 dst=EC code=00 reg=0x00000002 len=2 raw=55aa0009feec0000000000000200000002004c57
[TCP] TX bytes=22 raw=aa550009ecfe0000000000000200000002006606b857
[TCP] RX serial=29 dst=EC code=00 reg=0x00000016 len=8 raw=55aa0029feec0000000000001600000008008657
[TCP] TX bytes=28 raw=aa550029ecfe0000000000001600000008004d363630ec0100005c59
[TCP] RX serial=94 dst=EC code=00 reg=0x14000000 len=88 raw=55aa0094feec0000000000000000001458003f58
[TCP] TX bytes=108 raw=aa550094ecfe0000000000000000001458004e5354520405060708090a0b0c0d0e0f101112131415161718191a1b1c1d1e1f20212223242526272829...
[TCP] RX serial=6B dst=EC code=00 reg=0x00000006 len=1 raw=55aa006bfeec000000000000060000000100b157
[TCP] TX bytes=21 raw=aa55006becfe00000000000006000000010001b257
[TCP] RX serial=EC dst=ED code=00 reg=0x00000002 len=2 raw=55aa00ecfeed0000000000000200000002003058
[TCP] TX bytes=22 raw=aa5500ecedfe00000000000002000000020066069c58
[TCP] RX serial=C0 dst=ED code=00 reg=0x00000016 len=8 raw=55aa00c0feed0000000000001600000008001e58
[TCP] TX bytes=28 raw=aa5500c0edfe0000000000001600000008004d363630ed010000f559
[TCP] RX serial=8E dst=ED code=00 reg=0x14000000 len=88 raw=55aa008efeed0000000000000000001458003a58
[TCP] TX bytes=108 raw=aa55008eedfe0000000000000000001458004e5354520405060708090a0b0c0d0e0f101112131415161718191a1b1c1d1e1f20212223242526272829...
[TCP] RX serial=EC dst=ED code=00 reg=0x00000006 len=1 raw=55aa00ecfeed0000000000000600000001003358
[TCP] TX bytes=21 raw=aa5500ecedfe000000000000060000000100013458
[TCP] RX serial=36 dst=EE code=00 reg=0x00000002 len=2 raw=55aa0036feee0000000000000200000002007b57
[TCP] TX bytes=22 raw=aa550036eefe0000000000000200000002006606e757
[TCP] RX serial=86 dst=EE code=00 reg=0x00000016 len=8 raw=55aa0086feee000000000000160000000800e557
[TCP] TX bytes=28 raw=aa550086eefe0000000000001600000008004d363630ee010000bd59
[TCP] RX serial=1E dst=EE code=00 reg=0x14000000 len=88 raw=55aa001efeee000000000000000000145800cb57
[TCP] TX bytes=108 raw=aa55001eeefe0000000000000000001458004e5354520405060708090a0b0c0d0e0f101112131415161718191a1b1c1d1e1f20212223242526272829...
[TCP] RX serial=B3 dst=EE code=00 reg=0x00000006 len=1 raw=55aa00b3feee000000000000060000000100fb57
[TCP] TX bytes=21 raw=aa5500b3eefe00000000000006000000010001fc57
[TCP] RX serial=D6 dst=EF code=00 reg=0x00000002 len=2 raw=55aa00d6feef0000000000000200000002001c58
[TCP] TX bytes=22 raw=aa5500d6effe00000000000002000000020066068858
[TCP] RX serial=17 dst=EF code=00 reg=0x00000016 len=8 raw=55aa0017feef0000000000001600000008007757
[TCP] TX bytes=28 raw=aa550017effe0000000000001600000008004d363630ef0100005059
[TCP] RX serial=38 dst=EF code=00 reg=0x14000000 len=88 raw=55aa0038feef000000000000000000145800e657
[TCP] TX bytes=108 raw=aa550038effe0000000000000000001458004e5354520405060708090a0b0c0d0e0f101112131415161718191a1b1c1d1e1f20212223242526272829...
[TCP] RX serial=D8 dst=EF code=00 reg=0x00000006 len=1 raw=55aa00d8feef0000000000000600000001002158
[TCP] TX bytes=21 raw=aa5500d8effe000000000000060000000100012258
[TCP] RX serial=BB dst=F0 code=00 reg=0x00000002 len=2 raw=55aa00bbfef00000000000000200000002000258
[TCP] TX bytes=22 raw=aa5500bbf0fe00000000000002000000020066066e58
[TCP] RX serial=D1 dst=F0 code=00 reg=0x00000016 len=8 raw=55aa00d1fef00000000000001600000008003258
[TCP] TX bytes=28 raw=aa5500d1f0fe0000000000001600000008004d363630f00100000c5a
[TCP] RX serial=89 dst=F0 code=00 reg=0x14000000 len=88 raw=55aa0089fef00000000000000000001458003858
[TCP] TX bytes=108 raw=aa550089f0fe0000000000000000001458004e5354520405060708090a0b0c0d0e0f101112131415161718191a1b1c1d1e1f20212223242526272829...
[TCP] RX serial=5F dst=F0 code=00 reg=0x00000006 len=1 raw=55aa005ffef0000000000000060000000100a957
[TCP] TX bytes=21 raw=aa55005ff0fe00000000000006000000010001aa57
[TCP] RX serial=92 dst=F1 code=00 reg=0x00000002 len=2 raw=55aa0092fef1000000000000020000000200da57
[TCP] TX bytes=22 raw=aa550092f1fe00000000000002000000020066064658
[TCP] RX serial=63 dst=F1 code=00 reg=0x00000016 len=8 raw=55aa0063fef1000000000000160000000800c557
[TCP] TX bytes=28 raw=aa550063f1fe0000000000001600000008004d363630f1010000a059
[TCP] RX serial=6D dst=F1 code=00 reg=0x14000000 len=88 raw=55aa006dfef10000000000000000001458001d58
[TCP] TX bytes=108 raw=aa55006df1fe0000000000000000001458004e5354520405060708090a0b0c0d0e0f101112131415161718191a1b1c1d1e1f20212223242526272829...
[TCP] RX serial=0E dst=F1 code=00 reg=0x00000006 len=1 raw=55aa000efef10000000000000600000001005957
[TCP] TX bytes=21 raw=aa55000ef1fe000000000000060000000100015a57
[TCP] RX serial=BD dst=F2 code=00 reg=0x00000002 len=2 raw=55aa00bdfef20000000000000200000002000658
[TCP] TX bytes=22 raw=aa5500bdf2fe00000000000002000000020066067258
[TCP] RX serial=B5 dst=F2 code=00 reg=0x00000016 len=8 raw=55aa00b5fef20000000000001600000008001858
[TCP] TX bytes=28 raw=aa5500b5f2fe0000000000001600000008004d363630f2010000f459
[TCP] RX serial=AE dst=F2 code=00 reg=0x14000000 len=88 raw=55aa00aefef20000000000000000001458005f58
[TCP] TX bytes=108 raw=aa5500aef2fe0000000000000000001458004e5354520405060708090a0b0c0d0e0f101112131415161718191a1b1c1d1e1f20212223242526272829...
[TCP] RX serial=CE dst=F2 code=00 reg=0x00000006 len=1 raw=55aa00cefef20000000000000600000001001a58
[TCP] TX bytes=21 raw=aa5500cef2fe000000000000060000000100011b58
[TCP] RX serial=3F dst=F3 code=00 reg=0x00000002 len=2 raw=55aa003ffef30000000000000200000002008957
[TCP] TX bytes=22 raw=aa55003ff3fe0000000000000200000002006606f557
[TCP] RX serial=4F dst=F3 code=00 reg=0x00000016 len=8 raw=55aa004ffef3000000000000160000000800b357
[TCP] TX bytes=28 raw=aa55004ff3fe0000000000001600000008004d363630f30100009059
[TCP] RX serial=D4 dst=F3 code=00 reg=0x14000000 len=88 raw=55aa00d4fef30000000000000000001458008658
[TCP] TX bytes=108 raw=aa5500d4f3fe0000000000000000001458004e5354520405060708090a0b0c0d0e0f101112131415161718191a1b1c1d1e1f20212223242526272829...
[TCP] RX serial=63 dst=F3 code=00 reg=0x00000006 len=1 raw=55aa0063fef3000000000000060000000100b057
[TCP] TX bytes=21 raw=aa550063f3fe00000000000006000000010001b157
[TCP] RX serial=0F dst=F4 code=00 reg=0x00000002 len=2 raw=55aa000ffef40000000000000200000002005a57
[TCP] TX bytes=22 raw=aa55000ff4fe0000000000000200000002006606c657
[TCP] RX serial=1E dst=F4 code=00 reg=0x00000016 len=8 raw=55aa001efef40000000000001600000008008357
[TCP] TX bytes=28 raw=aa55001ef4fe0000000000001600000008004d363630f40100006159
[TCP] RX serial=FA dst=F4 code=00 reg=0x14000000 len=88 raw=55aa00fafef4000000000000000000145800ad58
[TCP] TX bytes=108 raw=aa5500faf4fe0000000000000000001458004e5354520405060708090a0b0c0d0e0f101112131415161718191a1b1c1d1e1f20212223242526272829...
[TCP] RX serial=D9 dst=F4 code=00 reg=0x00000006 len=1 raw=55aa00d9fef40000000000000600000001002758
[TCP] TX bytes=21 raw=aa5500d9f4fe000000000000060000000100012858
[TCP] RX serial=F4 dst=F5 code=00 reg=0x00000002 len=2 raw=55aa00f4fef50000000000000200000002004058
[TCP] TX bytes=22 raw=aa5500f4f5fe0000000000000200000002006606ac58
[TCP] RX serial=87 dst=F5 code=00 reg=0x00000016 len=8 raw=55aa0087fef5000000000000160000000800ed57
[TCP] TX bytes=28 raw=aa550087f5fe0000000000001600000008004d363630f5010000cc59
[TCP] RX serial=84 dst=F5 code=00 reg=0x14000000 len=88 raw=55aa0084fef50000000000000000001458003858
[TCP] TX bytes=108 raw=aa550084f5fe0000000000000000001458004e5354520405060708090a0b0c0d0e0f101112131415161718191a1b1c1d1e1f20212223242526272829...
[TCP] RX serial=F4 dst=F5 code=00 reg=0x00000006 len=1 raw=55aa00f4fef50000000000000600000001004358
[TCP] TX bytes=21 raw=aa5500f4f5fe000000000000060000000100014458
[TCP] RX serial=34 dst=F6 code=00 reg=0x00000002 len=2 raw=55aa0034fef60000000000000200000002008157
[TCP] TX bytes=22 raw=aa550034f6fe0000000000000200000002006606ed57
[TCP] RX serial=74 dst=F6 code=00 reg=0x00000016 len=8 raw=55aa0074fef6000000000000160000000800db57
[TCP] TX bytes=28 raw=aa550074f6fe0000000000001600000008004d363630f6010000bb59
[TCP] RX serial=1B dst=F6 code=00 reg=0x14000000 len=88 raw=55aa001bfef6000000000000000000145800d057
[TCP] TX bytes=108 raw=aa55001bf6fe0000000000000000001458004e5354520405060708090a0b0c0d0e0f101112131415161718191a1b1c1d1e1f20212223242526272829...
[TCP] RX serial=82 dst=F6 code=00 reg=0x00000006 len=1 raw=55aa0082fef6000000000000060000000100d257
[TCP] TX bytes=21 raw=aa550082f6fe00000000000006000000010001d357
[TCP] RX serial=5D dst=F7 code=00 reg=0x00000002 len=2 raw=55aa005dfef7000000000000020000000200ab57
[TCP] TX bytes=22 raw=aa55005df7fe00000000000002000000020066061758
[TCP] RX serial=06 dst=F7 code=00 reg=0x00000016 len=8 raw=55aa0006fef70000000000001600000008006e57
[TCP] TX bytes=28 raw=aa550006f7fe0000000000001600000008004d363630f70100004f59
[TCP] RX serial=70 dst=F7 code=00 reg=0x14000000 len=88 raw=55aa0070fef70000000000000000001458002658
[TCP] TX bytes=108 raw=aa550070f7fe0000000000000000001458004e5354520405060708090a0b0c0d0e0f101112131415161718191a1b1c1d1e1f20212223242526272829...
[TCP] RX serial=28 dst=F7 code=00 reg=0x00000006 len=1 raw=55aa0028fef70000000000000600000001007957
[TCP] TX bytes=21 raw=aa550028f7fe000000000000060000000100017a57
[TCP] RX serial=DD dst=F8 code=00 reg=0x00000002 len=2 raw=55aa00ddfef80000000000000200000002002c58
[TCP] TX bytes=22 raw=aa5500ddf8fe00000000000002000000020066069858
[TCP] RX serial=C3 dst=F8 code=00 reg=0x00000016 len=8 raw=55aa00c3fef80000000000001600000008002c58
[TCP] TX bytes=28 raw=aa5500c3f8fe0000000000001600000008004d363630f80100000e5a
[TCP] RX serial=DF dst=F8 code=00 reg=0x14000000 len=88 raw=55aa00dffef80000000000000000001458009658
[TCP] TX bytes=108 raw=aa5500dff8fe0000000000000000001458004e5354520405060708090a0b0c0d0e0f101112131415161718191a1b1c1d1e1f20212223242526272829...
[TCP] RX serial=16 dst=F8 code=00 reg=0x00000006 len=1 raw=55aa0016fef80000000000000600000001006857
[TCP] TX bytes=21 raw=aa550016f8fe000000000000060000000100016957
[TCP] RX serial=7D dst=F9 code=00 reg=0x00000002 len=2 raw=55aa007dfef9000000000000020000000200cd57
[TCP] TX bytes=22 raw=aa55007df9fe00000000000002000000020066063958
[TCP] RX serial=CC dst=F9 code=00 reg=0x00000016 len=8 raw=55aa00ccfef90000000000001600000008003658
[TCP] TX bytes=28 raw=aa5500ccf9fe0000000000001600000008004d363630f9010000195a
[TCP] RX serial=C9 dst=F9 code=00 reg=0x14000000 len=88 raw=55aa00c9fef90000000000000000001458008158
[TCP] TX bytes=108 raw=aa5500c9f9fe0000000000000000001458004e5354520405060708090a0b0c0d0e0f101112131415161718191a1b1c1d1e1f20212223242526272829...
[TCP] RX serial=A4 dst=F9 code=00 reg=0x00000006 len=1 raw=55aa00a4fef9000000000000060000000100f757
[TCP] TX bytes=21 raw=aa5500a4f9fe00000000000006000000010001f857
[TCP] RX serial=BB dst=FA code=00 reg=0x00000002 len=2 raw=55aa00bbfefa0000000000000200000002000c58
[TCP] TX bytes=22 raw=aa5500bbfafe00000000000002000000020066067858
[TCP] RX serial=86 dst=FA code=00 reg=0x00000016 len=8 raw=55aa0086fefa000000000000160000000800f157
[TCP] TX bytes=28 raw=aa550086fafe0000000000001600000008004d363630fa010000d559
[TCP] RX serial=AC dst=FA code=00 reg=0x14000000 len=88 raw=55aa00acfefa0000000000000000001458006558
[TCP] TX bytes=108 raw=aa5500acfafe0000000000000000001458004e5354520405060708090a0b0c0d0e0f101112131415161718191a1b1c1d1e1f20212223242526272829...
[TCP] RX serial=36 dst=FA code=00 reg=0x00000006 len=1 raw=55aa0036fefa0000000000000600000001008a57
[TCP] TX bytes=21 raw=aa550036fafe000000000000060000000100018b57
[TCP] RX serial=11 dst=FB code=00 reg=0x00000002 len=2 raw=55aa0011fefb0000000000000200000002006357
[TCP] TX bytes=22 raw=aa550011fbfe0000000000000200000002006606cf57
[TCP] RX serial=BF dst=FB code=00 reg=0x00000016 len=8 raw=55aa00bffefb0000000000001600000008002b58
[TCP] TX bytes=28 raw=aa5500bffbfe0000000000001600000008004d363630fb010000105a
[TCP] RX serial=AC dst=FB code=00 reg=0x14000000 len=88 raw=55aa00acfefb0000000000000000001458006658
[TCP] TX bytes=108 raw=aa5500acfbfe0000000000000000001458004e5354520405060708090a0b0c0d0e0f101112131415161718191a1b1c1d1e1f20212223242526272829...
[TCP] RX serial=E5 dst=FB code=00 reg=0x00000006 len=1 raw=55aa00e5fefb0000000000000600000001003a58
[TCP] TX bytes=21 raw=aa5500e5fbfe000000000000060000000100013b58
[TCP] RX serial=B1 dst=FC code=00 reg=0x00000002 len=2 raw=55aa00b1fefc0000000000000200000002000458
[TCP] TX bytes=22 raw=aa5500b1fcfe00000000000002000000020066067058
[TCP] RX serial=BA dst=FC code=00 reg=0x00000016 len=8 raw=55aa00bafefc0000000000001600000008002758
[TCP] TX bytes=28 raw=aa5500bafcfe0000000000001600000008004d363630fc0100000d5a
[TCP] RX serial=A4 dst=FC code=00 reg=0x14000000 len=88 raw=55aa00a4fefc0000000000000000001458005f58
[TCP] TX bytes=108 raw=aa5500a4fcfe0000000000000000001458004e5354520405060708090a0b0c0d0e0f101112131415161718191a1b1c1d1e1f20212223242526272829...
[TCP] RX serial=B8 dst=FC code=00 reg=0x00000006 len=1 raw=55aa00b8fefc0000000000000600000001000e58
[TCP] TX bytes=21 raw=aa5500b8fcfe000000000000060000000100010f58
[TCP] RX serial=1C dst=FD code=00 reg=0x00000002 len=2 raw=55aa001cfefd0000000000000200000002007057
[TCP] TX bytes=22 raw=aa55001cfdfe0000000000000200000002006606dc57
[TCP] RX serial=5E dst=FD code=00 reg=0x00000016 len=8 raw=55aa005efefd000000000000160000000800cc57
[TCP] TX bytes=28 raw=aa55005efdfe0000000000001600000008004d363630fd010000b359
[TCP] RX serial=E3 dst=FD code=00 reg=0x14000000 len=88 raw=55aa00e3fefd0000000000000000001458009f58
[TCP] TX bytes=108 raw=aa5500e3fdfe0000000000000000001458004e5354520405060708090a0b0c0d0e0f101112131415161718191a1b1c1d1e1f20212223242526272829...
[TCP] RX serial=34 dst=FD code=00 reg=0x00000006 len=1 raw=55aa0034fefd0000000000000600000001008b57
[TCP] TX bytes=21 raw=aa550034fdfe000000000000060000000100018c57
[TCP] RX serial=4C dst=FE code=00 reg=0x00000002 len=2 raw=55aa004cfefe000000000000020000000200a157
[TCP] TX bytes=22 raw=aa55004cfefe00000000000002000000020066060d58
[TCP] RX serial=94 dst=FE code=00 reg=0x00000016 len=8 raw=55aa0094fefe0000000000001600000008000358
[TCP] TX bytes=28 raw=aa550094fefe0000000000001600000008004d363630fe010000eb59
[TCP] RX serial=2B dst=FE code=00 reg=0x14000000 len=88 raw=55aa002bfefe000000000000000000145800e857
[TCP] TX bytes=108 raw=aa55002bfefe0000000000000000001458004e5354520405060708090a0b0c0d0e0f101112131415161718191a1b1c1d1e1f20212223242526272829...
[TCP] RX serial=1E dst=FE code=00 reg=0x00000006 len=1 raw=55aa001efefe0000000000000600000001007657
[TCP] TX bytes=21 raw=aa55001efefe000000000000060000000100017757
[TCP] RX serial=48 dst=FF code=00 reg=0x00000002 len=2 raw=55aa0048feff0000000000000200000002009e57
[TCP] TX bytes=22 raw=aa550048fffe00000000000002000000020066060a58
[TCP] RX serial=E9 dst=FF code=00 reg=0x00000016 len=8 raw=55aa00e9feff0000000000001600000008005958
[TCP] TX bytes=28 raw=aa5500e9fffe0000000000001600000008004d363630ff010000425a
[TCP] RX serial=AF dst=FF code=00 reg=0x14000000 len=88 raw=55aa00affeff0000000000000000001458006d58
[TCP] TX bytes=108 raw=aa5500affffe0000000000000000001458004e5354520405060708090a0b0c0d0e0f101112131415161718191a1b1c1d1e1f20212223242526272829...
[TCP] RX serial=B7 dst=FF code=00 reg=0x00000006 len=1 raw=55aa00b7feff0000000000000600000001001058
[TCP] TX bytes=21 raw=aa5500b7fffe000000000000060000000100011158
[TCP] RX serial=45 dst=00 code=00 reg=0x00000002 len=2 raw=55aa0045fe000000000000000200000002009c56
[TCP] TX bytes=22 raw=aa55004500fe00000000000002000000020066060857
[TCP] RX serial=85 dst=00 code=00 reg=0x00000016 len=8 raw=55aa0085fe00000000000000160000000800f656
[TCP] TX bytes=28 raw=aa55008500fe0000000000001600000008004d36363000010000e057
[TCP] RX serial=EF dst=00 code=00 reg=0x14000000 len=88 raw=55aa00effe00000000000000000000145800ae57
[TCP] TX bytes=108 raw=aa5500ef00fe0000000000000000001458004e5354520405060708090a0b0c0d0e0f101112131415161718191a1b1c1d1e1f20212223242526272829...
[TCP] RX serial=7A dst=00 code=00 reg=0x00000006 len=1 raw=55aa007afe00000000000000060000000100d456
[TCP] TX bytes=21 raw=aa55007a00fe00000000000006000000010001d556
[TCP] RX serial=6E dst=01 code=00 reg=0x00000002 len=2 raw=55aa006efe01000000000000020000000200c656
[TCP] TX bytes=22 raw=aa55006e01fe00000000000002000000020066063257
[TCP] RX serial=BD dst=01 code=00 reg=0x00000016 len=8 raw=55aa00bdfe010000000000001600000008002f57
[TCP] TX bytes=28 raw=aa5500bd01fe0000000000001600000008004d363630010100001a58
[TCP] RX serial=E4 dst=01 code=00 reg=0x14000000 len=88 raw=55aa00e4fe01000000000000000000145800a457
[TCP] TX bytes=108 raw=aa5500e401fe0000000000000000001458004e5354520405060708090a0b0c0d0e0f101112131415161718191a1b1c1d1e1f20212223242526272829...
[TCP] RX serial=41 dst=01 code=00 reg=0x00000006 len=1 raw=55aa0041fe010000000000000600000001009c56
[TCP] TX bytes=21 raw=aa55004101fe000000000000060000000100019d56
[TCP] RX serial=54 dst=02 code=00 reg=0x00000002 len=2 raw=55aa0054fe02000000000000020000000200ad56
[TCP] TX bytes=22 raw=aa55005402fe00000000000002000000020066061957
[TCP] RX serial=56 dst=02 code=00 reg=0x00000016 len=8 raw=55aa0056fe02000000000000160000000800c956
[TCP] TX bytes=28 raw=aa55005602fe0000000000001600000008004d36363002010000b557
[TCP] RX serial=1D dst=02 code=00 reg=0x14000000 len=88 raw=55aa001dfe02000000000000000000145800de56
[TCP] TX bytes=108 raw=aa55001d02fe0000000000000000001458004e5354520405060708090a0b0c0d0e0f101112131415161718191a1b1c1d1e1f20212223242526272829...
[TCP] RX serial=6D dst=02 code=00 reg=0x00000006 len=1 raw=55aa006dfe02000000000000060000000100c956
[TCP] TX bytes=21 raw=aa55006d02fe00000000000006000000010001ca56
[TCP] RX serial=D9 dst=03 code=00 reg=0x00000002 len=2 raw=55aa00d9fe030000000000000200000002003357
[TCP] TX bytes=22 raw=aa5500d903fe00000000000002000000020066069f57
[TCP] RX serial=4D dst=03 code=00 reg=0x00000016 len=8 raw=55aa004dfe03000000000000160000000800c156
[TCP] TX bytes=28 raw=aa55004d03fe0000000000001600000008004d36363003010000ae57
[TCP] RX serial=E2 dst=03 code=00 reg=0x14000000 len=88 raw=55aa00e2fe03000000000000000000145800a457
[TCP] TX bytes=108 raw=aa5500e203fe0000000000000000001458004e5354520405060708090a0b0c0d0e0f101112131415161718191a1b1c1d1e1f20212223242526272829...
[TCP] RX serial=74 dst=03 code=00 reg=0x00000006 len=1 raw=55aa0074fe03000000000000060000000100d156
[TCP] TX bytes=21 raw=aa55007403fe00000000000006000000010001d256
[TCP] RX serial=C6 dst=04 code=00 reg=0x00000002 len=2 raw=55aa00c6fe040000000000000200000002002157
[TCP] TX bytes=22 raw=aa5500c604fe00000000000002000000020066068d57
[TCP] RX serial=35 dst=04 code=00 reg=0x00000016 len=8 raw=55aa0035fe04000000000000160000000800aa56
[TCP] TX bytes=28 raw=aa55003504fe0000000000001600000008004d363630040100009857
[TCP] RX serial=CF dst=04 code=00 reg=0x14000000 len=88 raw=55aa00cffe040000000000000000001458009257
[TCP] TX bytes=108 raw=aa5500cf04fe0000000000000000001458004e5354520405060708090a0b0c0d0e0f101112131415161718191a1b1c1d1e1f20212223242526272829...
[TCP] RX serial=A2 dst=04 code=00 reg=0x00000006 len=1 raw=55aa00a2fe040000000000000600000001000057
[TCP] TX bytes=21 raw=aa5500a204fe000000000000060000000100010157
[TCP] RX serial=61 dst=05 code=00 reg=0x00000002 len=2 raw=55aa0061fe05000000000000020000000200bd56
[TCP] TX bytes=22 raw=aa55006105fe00000000000002000000020066062957
[TCP] RX serial=B7 dst=05 code=00 reg=0x00000016 len=8 raw=55aa00b7fe050000000000001600000008002d57
[TCP] TX bytes=28 raw=aa5500b705fe0000000000001600000008004d363630050100001c58
[TCP] RX serial=0C dst=05 code=00 reg=0x14000000 len=88 raw=55aa000cfe05000000000000000000145800d056
[TCP] TX bytes=108 raw=aa55000c05fe0000000000000000001458004e5354520405060708090a0b0c0d0e0f101112131415161718191a1b1c1d1e1f20212223242526272829...
[TCP] RX serial=7F dst=05 code=00 reg=0x00000006 len=1 raw=55aa007ffe05000000000000060000000100de56
[TCP] TX bytes=21 raw=aa55007f05fe00000000000006000000010001df56
[TCP] RX serial=DF dst=06 code=00 reg=0x00000002 len=2 raw=55aa00dffe060000000000000200000002003c57
[TCP] TX bytes=22 raw=aa5500df06fe0000000000000200000002006606a857
[TCP] RX serial=AB dst=06 code=00 reg=0x00000016 len=8 raw=55aa00abfe060000000000001600000008002257
[TCP] TX bytes=28 raw=aa5500ab06fe0000000000001600000008004d363630060100001258
[TCP] RX serial=C8 dst=06 code=00 reg=0x14000000 len=88 raw=55aa00c8fe060000000000000000001458008d57
[TCP] TX bytes=108 raw=aa5500c806fe0000000000000000001458004e5354520405060708090a0b0c0d0e0f101112131415161718191a1b1c1d1e1f20212223242526272829...
[TCP] RX serial=E8 dst=06 code=00 reg=0x00000006 len=1 raw=55aa00e8fe060000000000000600000001004857
[TCP] TX bytes=21 raw=aa5500e806fe000000000000060000000100014957
[TCP] RX serial=A0 dst=07 code=00 reg=0x00000002 len=2 raw=55aa00a0fe07000000000000020000000200fe56
[TCP] TX bytes=22 raw=aa5500a007fe00000000000002000000020066066a57
[TCP] RX serial=AB dst=07 code=00 reg=0x00000016 len=8 raw=55aa00abfe070000000000001600000008002357
[TCP] TX bytes=28 raw=aa5500ab07fe0000000000001600000008004d363630070100001458
[TCP] RX serial=5C dst=07 code=00 reg=0x14000000 len=88 raw=55aa005cfe070000000000000000001458002257
[TCP] TX bytes=108 raw=aa55005c07fe0000000000000000001458004e5354520405060708090a0b0c0d0e0f101112131415161718191a1b1c1d1e1f20212223242526272829...
[TCP] RX serial=D0 dst=07 code=00 reg=0x00000006 len=1 raw=55aa00d0fe070000000000000600000001003157
[TCP] TX bytes=21 raw=aa5500d007fe000000000000060000000100013257
[TCP] RX serial=D5 dst=08 code=00 reg=0x00000002 len=2 raw=55aa00d5fe080000000000000200000002003457
[TCP] TX bytes=22 raw=aa5500d508fe0000000000000200000002006606a057
[TCP] RX serial=F4 dst=08 code=00 reg=0x00000016 len=8 raw=55aa00f4fe080000000000001600000008006d57
[TCP] TX bytes=28 raw=aa5500f408fe0000000000001600000008004d363630080100005f58
[TCP] RX serial=F0 dst=08 code=00 reg=0x14000000 len=88 raw=55aa00f0fe08000000000000000000145800b757
[TCP] TX bytes=108 raw=aa5500f008fe0000000000000000001458004e5354520405060708090a0b0c0d0e0f101112131415161718191a1b1c1d1e1f20212223242526272829...
[TCP] RX serial=8B dst=08 code=00 reg=0x00000006 len=1 raw=55aa008bfe08000000000000060000000100ed56
[TCP] TX bytes=21 raw=aa55008b08fe00000000000006000000010001ee56
[TCP] RX serial=CE dst=09 code=00 reg=0x00000002 len=2 raw=55aa00cefe090000000000000200000002002e57
[TCP] TX bytes=22 raw=aa5500ce09fe00000000000002000000020066069a57
[TCP] RX serial=32 dst=09 code=00 reg=0x00000016 len=8 raw=55aa0032fe09000000000000160000000800ac56
[TCP] TX bytes=28 raw=aa55003209fe0000000000001600000008004d363630090100009f57
[TCP] RX serial=76 dst=09 code=00 reg=0x14000000 len=88 raw=55aa0076fe090000000000000000001458003e57
[TCP] TX bytes=108 raw=aa55007609fe0000000000000000001458004e5354520405060708090a0b0c0d0e0f101112131415161718191a1b1c1d1e1f20212223242526272829...
[TCP] RX serial=F2 dst=09 code=00 reg=0x00000006 len=1 raw=55aa00f2fe090000000000000600000001005557
[TCP] TX bytes=21 raw=aa5500f209fe000000000000060000000100015657
[TCP] RX serial=D4 dst=0A code=00 reg=0x00000002 len=2 raw=55aa00d4fe0a0000000000000200000002003557
[TCP] TX bytes=22 raw=aa5500d40afe0000000000000200000002006606a157
[TCP] RX serial=62 dst=0A code=00 reg=0x00000016 len=8 raw=55aa0062fe0a000000000000160000000800dd56
[TCP] TX bytes=28 raw=aa5500620afe0000000000001600000008004d3636300a010000d157
[TCP] RX serial=64 dst=0A code=00 reg=0x14000000 len=88 raw=55aa0064fe0a0000000000000000001458002d57
[TCP] TX bytes=108 raw=aa5500640afe0000000000000000001458004e5354520405060708090a0b0c0d0e0f101112131415161718191a1b1c1d1e1f20212223242526272829...
[TCP] RX serial=C5 dst=0A code=00 reg=0x00000006 len=1 raw=55aa00c5fe0a0000000000000600000001002957
[TCP] TX bytes=21 raw=aa5500c50afe000000000000060000000100012a57
[TCP] RX serial=40 dst=0B code=00 reg=0x00000002 len=2 raw=55aa0040fe0b000000000000020000000200a256
[TCP] TX bytes=22 raw=aa5500400bfe00000000000002000000020066060e57
[TCP] RX serial=75 dst=0B code=00 reg=0x00000016 len=8 raw=55aa0075fe0b000000000000160000000800f156
[TCP] TX bytes=28 raw=aa5500750bfe0000000000001600000008004d3636300b010000e657
[TCP] RX serial=59 dst=0B code=00 reg=0x14000000 len=88 raw=55aa0059fe0b0000000000000000001458002357
[TCP] TX bytes=108 raw=aa5500590bfe0000000000000000001458004e5354520405060708090a0b0c0d0e0f101112131415161718191a1b1c1d1e1f20212223242526272829...
[TCP] RX serial=FE dst=0B code=00 reg=0x00000006 len=1 raw=55aa00fefe0b0000000000000600000001006357
[TCP] TX bytes=21 raw=aa5500fe0bfe000000000000060000000100016457
[TCP] RX serial=B0 dst=0C code=00 reg=0x00000002 len=2 raw=55aa00b0fe0c0000000000000200000002001357
[TCP] TX bytes=22 raw=aa5500b00cfe00000000000002000000020066067f57
[TCP] RX serial=B6 dst=0C code=00 reg=0x00000016 len=8 raw=55aa00b6fe0c0000000000001600000008003357
[TCP] TX bytes=28 raw=aa5500b60cfe0000000000001600000008004d3636300c0100002958
[TCP] RX serial=57 dst=0C code=00 reg=0x14000000 len=88 raw=55aa0057fe0c0000000000000000001458002257
[TCP] TX bytes=108 raw=aa5500570cfe0000000000000000001458004e5354520405060708090a0b0c0d0e0f101112131415161718191a1b1c1d1e1f20212223242526272829...
[TCP] RX serial=12 dst=0C code=00 reg=0x00000006 len=1 raw=55aa0012fe0c0000000000000600000001007856
[TCP] TX bytes=21 raw=aa5500120cfe000000000000060000000100017956
[TCP] RX serial=19 dst=0D code=00 reg=0x00000002 len=2 raw=55aa0019fe0d0000000000000200000002007d56
[TCP] TX bytes=22 raw=aa5500190dfe0000000000000200000002006606e956
[TCP] RX serial=0D dst=0D code=00 reg=0x00000016 len=8 raw=55aa000dfe0d0000000000001600000008008b56
[TCP] TX bytes=28 raw=aa55000d0dfe0000000000001600000008004d3636300d0100008257
[TCP] RX serial=56 dst=0D code=00 reg=0x14000000 len=88 raw=55aa0056fe0d0000000000000000001458002257
[TCP] TX bytes=108 raw=aa5500560dfe0000000000000000001458004e5354520405060708090a0b0c0d0e0f101112131415161718191a1b1c1d1e1f20212223242526272829...
[TCP] RX serial=8C dst=0D code=00 reg=0x00000006 len=1 raw=55aa008cfe0d000000000000060000000100f356
[TCP] TX bytes=21 raw=aa55008c0dfe00000000000006000000010001f456
[TCP] RX serial=78 dst=0E code=00 reg=0x00000002 len=2 raw=55aa0078fe0e000000000000020000000200dd56
[TCP] TX bytes=22 raw=aa5500780efe00000000000002000000020066064957
[TCP] RX serial=70 dst=0E code=00 reg=0x00000016 len=8 raw=55aa0070fe0e000000000000160000000800ef56
[TCP] TX bytes=28 raw=aa5500700efe0000000000001600000008004d3636300e010000e757
[TCP] RX serial=99 dst=0E code=00 reg=0x14000000 len=88 raw=55aa0099fe0e0000000000000000001458006657
[TCP] TX bytes=108 raw=aa5500990efe0000000000000000001458004e5354520405060708090a0b0c0d0e0f101112131415161718191a1b1c1d1e1f20212223242526272829...
[TCP] RX serial=C2 dst=0E code=00 reg=0x00000006 len=1 raw=55aa00c2fe0e0000000000000600000001002a57
[TCP] TX bytes=21 raw=aa5500c20efe000000000000060000000100012b57
[TCP] RX serial=F4 dst=0F code=00 reg=0x00000002 len=2 raw=55aa00f4fe0f0000000000000200000002005a57
[TCP] TX bytes=22 raw=aa5500f40ffe0000000000000200000002006606c657
[TCP] RX serial=FB dst=0F code=00 reg=0x00000016 len=8 raw=55aa00fbfe0f0000000000001600000008007b57
[TCP] TX bytes=28 raw=aa5500fb0ffe0000000000001600000008004d3636300f0100007458
[TCP] RX serial=A0 dst=0F code=00 reg=0x14000000 len=88 raw=55aa00a0fe0f0000000000000000001458006e57
[TCP] TX bytes=108 raw=aa5500a00ffe0000000000000000001458004e5354520405060708090a0b0c0d0e0f101112131415161718191a1b1c1d1e1f20212223242526272829...
[TCP] RX serial=A7 dst=0F code=00 reg=0x00000006 len=1 raw=55aa00a7fe0f0000000000000600000001001057
[TCP] TX bytes=21 raw=aa5500a70ffe000000000000060000000100011157
[TCP] RX serial=F8 dst=10 code=00 reg=0x00000002 len=2 raw=55aa00f8fe100000000000000200000002005f57
[TCP] TX bytes=22 raw=aa5500f810fe0000000000000200000002006606cb57
[TCP] RX serial=4C dst=10 code=00 reg=0x00000016 len=8 raw=55aa004cfe10000000000000160000000800cd56
[TCP] TX bytes=28 raw=aa55004c10fe0000000000001600000008004d36363010010000c757
[TCP] RX serial=96 dst=10 code=00 reg=0x14000000 len=88 raw=55aa0096fe100000000000000000001458006557
[TCP] TX bytes=108 raw=aa55009610fe0000000000000000001458004e5354520405060708090a0b0c0d0e0f101112131415161718191a1b1c1d1e1f20212223242526272829...
[TCP] RX serial=E3 dst=10 code=00 reg=0x00000006 len=1 raw=55aa00e3fe100000000000000600000001004d57
[TCP] TX bytes=21 raw=aa5500e310fe000000000000060000000100014e57
[TCP] RX serial=5C dst=11 code=00 reg=0x00000002 len=2 raw=55aa005cfe11000000000000020000000200c456
[TCP] TX bytes=22 raw=aa55005c11fe00000000000002000000020066063057
[TCP] RX serial=57 dst=11 code=00 reg=0x00000016 len=8 raw=55aa0057fe11000000000000160000000800d956
[TCP] TX bytes=28 raw=aa55005711fe0000000000001600000008004d36363011010000d457
[TCP] RX serial=A4 dst=11 code=00 reg=0x14000000 len=88 raw=55aa00a4fe110000000000000000001458007457
[TCP] TX bytes=108 raw=aa5500a411fe0000000000000000001458004e5354520405060708090a0b0c0d0e0f101112131415161718191a1b1c1d1e1f20212223242526272829...
[TCP] RX serial=93 dst=11 code=00 reg=0x00000006 len=1 raw=55aa0093fe11000000000000060000000100fe56
[TCP] TX bytes=21 raw=aa55009311fe00000000000006000000010001ff56
[TCP] RX serial=BE dst=12 code=00 reg=0x00000002 len=2 raw=55aa00befe120000000000000200000002002757
[TCP] TX bytes=22 raw=aa5500be12fe00000000000002000000020066069357
[TCP] RX serial=DC dst=12 code=00 reg=0x00000016 len=8 raw=55aa00dcfe120000000000001600000008005f57
[TCP] TX bytes=28 raw=aa5500dc12fe0000000000001600000008004d363630120100005b58
[TCP] RX serial=CC dst=12 code=00 reg=0x14000000 len=88 raw=55aa00ccfe120000000000000000001458009d57
[TCP] TX bytes=108 raw=aa5500cc12fe0000000000000000001458004e5354520405060708090a0b0c0d0e0f101112131415161718191a1b1c1d1e1f20212223242526272829...
[TCP] RX serial=FD dst=12 code=00 reg=0x00000006 len=1 raw=55aa00fdfe120000000000000600000001006957
[TCP] TX bytes=21 raw=aa5500fd12fe000000000000060000000100016a57
[TCP] RX serial=53 dst=13 code=00 reg=0x00000002 len=2 raw=55aa0053fe13000000000000020000000200bd56
[TCP] TX bytes=22 raw=aa55005313fe00000000000002000000020066062957
[TCP] RX serial=46 dst=13 code=00 reg=0x00000016 len=8 raw=55aa0046fe13000000000000160000000800ca56
[TCP] TX bytes=28 raw=aa55004613fe0000000000001600000008004d36363013010000c757
[TCP] RX serial=3E dst=13 code=00 reg=0x14000000 len=88 raw=55aa003efe130000000000000000001458001057
[TCP] TX bytes=108 raw=aa55003e13fe0000000000000000001458004e5354520405060708090a0b0c0d0e0f101112131415161718191a1b1c1d1e1f20212223242526272829...
[TCP] RX serial=6A dst=13 code=00 reg=0x00000006 len=1 raw=55aa006afe13000000000000060000000100d756
[TCP] TX bytes=21 raw=aa55006a13fe00000000000006000000010001d856
[TCP] RX serial=52 dst=14 code=00 reg=0x00000002 len=2 raw=55aa0052fe14000000000000020000000200bd56
[TCP] TX bytes=22 raw=aa55005214fe00000000000002000000020066062957
[TCP] RX serial=C9 dst=14 code=00 reg=0x00000016 len=8 raw=55aa00c9fe140000000000001600000008004e57
[TCP] TX bytes=28 raw=aa5500c914fe0000000000001600000008004d363630140100004c58
[TCP] RX serial=37 dst=14 code=00 reg=0x14000000 len=88 raw=55aa0037fe140000000000000000001458000a57
[TCP] TX bytes=108 raw=aa55003714fe0000000000000000001458004e5354520405060708090a0b0c0d0e0f101112131415161718191a1b1c1d1e1f20212223242526272829...
[TCP] RX serial=E9 dst=14 code=00 reg=0x00000006 len=1 raw=55aa00e9fe140000000000000600000001005757
[TCP] TX bytes=21 raw=aa5500e914fe000000000000060000000100015857
[TCP] RX serial=54 dst=15 code=00 reg=0x00000002 len=2 raw=55aa0054fe15000000000000020000000200c056
[TCP] TX bytes=22 raw=aa55005415fe00000000000002000000020066062c57
[TCP] RX serial=49 dst=15 code=00 reg=0x00000016 len=8 raw=55aa0049fe15000000000000160000000800cf56
[TCP] TX bytes=28 raw=aa55004915fe0000000000001600000008004d36363015010000ce57
[TCP] RX serial=B6 dst=15 code=00 reg=0x14000000 len=88 raw=55aa00b6fe150000000000000000001458008a57
[TCP] TX bytes=108 raw=aa5500b615fe0000000000000000001458004e5354520405060708090a0b0c0d0e0f101112131415161718191a1b1c1d1e1f20212223242526272829...
[TCP] RX serial=C8 dst=15 code=00 reg=0x00000006 len=1 raw=55aa00c8fe150000000000000600000001003757
[TCP] TX bytes=21 raw=aa5500c815fe000000000000060000000100013857
[TCP] RX serial=9D dst=16 code=00 reg=0x00000002 len=2 raw=55aa009dfe160000000000000200000002000a57
[TCP] TX bytes=22 raw=aa55009d16fe00000000000002000000020066067657
[TCP] RX serial=63 dst=16 code=00 reg=0x00000016 len=8 raw=55aa0063fe16000000000000160000000800ea56
[TCP] TX bytes=28 raw=aa55006316fe0000000000001600000008004d36363016010000ea57
[TCP] RX serial=12 dst=16 code=00 reg=0x14000000 len=88 raw=55aa0012fe16000000000000000000145800e756
[TCP] TX bytes=108 raw=aa55001216fe0000000000000000001458004e5354520405060708090a0b0c0d0e0f101112131415161718191a1b1c1d1e1f20212223242526272829...
[TCP] RX serial=5E dst=16 code=00 reg=0x00000006 len=1 raw=55aa005efe16000000000000060000000100ce56
[TCP] TX bytes=21 raw=aa55005e16fe00000000000006000000010001cf56
[TCP] RX serial=97 dst=17 code=00 reg=0x00000002 len=2 raw=55aa0097fe170000000000000200000002000557
[TCP] TX bytes=22 raw=aa55009717fe00000000000002000000020066067157
[TCP] RX serial=B3 dst=17 code=00 reg=0x00000016 len=8 raw=55aa00b3fe170000000000001600000008003b57
[TCP] TX bytes=28 raw=aa5500b317fe0000000000001600000008004d363630170100003c58
[TCP] RX serial=FC dst=17 code=00 reg=0x14000000 len=88 raw=55aa00fcfe17000000000000000000145800d257
[TCP] TX bytes=108 raw=aa5500fc17fe0000000000000000001458004e5354520405060708090a0b0c0d0e0f101112131415161718191a1b1c1d1e1f20212223242526272829...
[TCP] RX serial=D8 dst=17 code=00 reg=0x00000006 len=1 raw=55aa00d8fe170000000000000600000001004957
[TCP] TX bytes=21 raw=aa5500d817fe000000000000060000000100014a57
[TCP] RX serial=C1 dst=18 code=00 reg=0x00000002 len=2 raw=55aa00c1fe180000000000000200000002003057
[TCP] TX bytes=22 raw=aa5500c118fe00000000000002000000020066069c57
[TCP] RX serial=BB dst=18 code=00 reg=0x00000016 len=8 raw=55aa00bbfe180000000000001600000008004457
[TCP] TX bytes=28 raw=aa5500bb18fe0000000000001600000008004d363630180100004658
[TCP] RX serial=CB dst=18 code=00 reg=0x14000000 len=88 raw=55aa00cbfe18000000000000000000145800a257
[TCP] TX bytes=108 raw=aa5500cb18fe0000000000000000001458004e5354520405060708090a0b0c0d0e0f101112131415161718191a1b1c1d1e1f20212223242526272829...
[TCP] RX serial=F3 dst=18 code=00 reg=0x00000006 len=1 raw=55aa00f3fe180000000000000600000001006557
[TCP] TX bytes=21 raw=aa5500f318fe000000000000060000000100016657
[TCP] RX serial=DD dst=19 code=00 reg=0x00000002 len=2 raw=55aa00ddfe190000000000000200000002004d57
[TCP] TX bytes=22 raw=aa5500dd19fe0000000000000200000002006606b957
[TCP] RX serial=74 dst=19 code=00 reg=0x00000016 len=8 raw=55aa0074fe19000000000000160000000800fe56
[TCP] TX bytes=28 raw=aa55007419fe0000000000001600000008004d363630190100000158
[TCP] RX serial=A1 dst=19 code=00 reg=0x14000000 len=88 raw=55aa00a1fe190000000000000000001458007957
[TCP] TX bytes=108 raw=aa5500a119fe0000000000000000001458004e5354520405060708090a0b0c0d0e0f101112131415161718191a1b1c1d1e1f20212223242526272829...
[TCP] RX serial=59 dst=19 code=00 reg=0x00000006 len=1 raw=55aa0059fe19000000000000060000000100cc56
[TCP] TX bytes=21 raw=aa55005919fe00000000000006000000010001cd56
[TCP] RX serial=12 dst=1A code=00 reg=0x00000002 len=2 raw=55aa0012fe1a0000000000000200000002008356
[TCP] TX bytes=22 raw=aa5500121afe0000000000000200000002006606ef56
[TCP] RX serial=C2 dst=1A code=00 reg=0x00000016 len=8 raw=55aa00c2fe1a0000000000001600000008004d57
[TCP] TX bytes=28 raw=aa5500c21afe0000000000001600000008004d3636301a0100005158
[TCP] RX serial=53 dst=1A code=00 reg=0x14000000 len=88 raw=55aa0053fe1a0000000000000000001458002c57
[TCP] TX bytes=108 raw=aa5500531afe0000000000000000001458004e5354520405060708090a0b0c0d0e0f101112131415161718191a1b1c1d1e1f20212223242526272829...
[TCP] RX serial=3C dst=1A code=00 reg=0x00000006 len=1 raw=55aa003cfe1a000000000000060000000100b056
[TCP] TX bytes=21 raw=aa55003c1afe00000000000006000000010001b156
[TCP] RX serial=3F dst=1B code=00 reg=0x00000002 len=2 raw=55aa003ffe1b000000000000020000000200b156
[TCP] TX bytes=22 raw=aa55003f1bfe00000000000002000000020066061d57
[TCP] RX serial=57 dst=1B code=00 reg=0x00000016 len=8 raw=55aa0057fe1b000000000000160000000800e356
[TCP] TX bytes=28 raw=aa5500571bfe0000000000001600000008004d3636301b010000e857
[TCP] RX serial=39 dst=1B code=00 reg=0x14000000 len=88 raw=55aa0039fe1b0000000000000000001458001357
[TCP] TX bytes=108 raw=aa5500391bfe0000000000000000001458004e5354520405060708090a0b0c0d0e0f101112131415161718191a1b1c1d1e1f20212223242526272829...
[TCP] RX serial=31 dst=1B code=00 reg=0x00000006 len=1 raw=55aa0031fe1b000000000000060000000100a656
[TCP] TX bytes=21 raw=aa5500311bfe00000000000006000000010001a756
[TCP] RX serial=32 dst=1C code=00 reg=0x00000002 len=2 raw=55aa0032fe1c000000000000020000000200a556
[TCP] TX bytes=22 raw=aa5500321cfe00000000000002000000020066061157
[TCP] RX serial=2F dst=1C code=00 reg=0x00000016 len=8 raw=55aa002ffe1c000000000000160000000800bc56
[TCP] TX bytes=28 raw=aa55002f1cfe0000000000001600000008004d3636301c010000c257
[TCP] RX serial=70 dst=1C code=00 reg=0x14000000 len=88 raw=55aa0070fe1c0000000000000000001458004b57
[TCP] TX bytes=108 raw=aa5500701cfe0000000000000000001458004e5354520405060708090a0b0c0d0e0f101112131415161718191a1b1c1d1e1f20212223242526272829...
[TCP] RX serial=2B dst=1C code=00 reg=0x00000006 len=1 raw=55aa002bfe1c000000000000060000000100a156
[TCP] TX bytes=21 raw=aa55002b1cfe00000000000006000000010001a256
[TCP] RX serial=C3 dst=1D code=00 reg=0x00000002 len=2 raw=55aa00c3fe1d0000000000000200000002003757
[TCP] TX bytes=22 raw=aa5500c31dfe0000000000000200000002006606a357
[TCP] RX serial=B5 dst=1D code=00 reg=0x00000016 len=8 raw=55aa00b5fe1d0000000000001600000008004357
[TCP] TX bytes=28 raw=aa5500b51dfe0000000000001600000008004d3636301d0100004a58
[TCP] RX serial=53 dst=1D code=00 reg=0x14000000 len=88 raw=55aa0053fe1d0000000000000000001458002f57
[TCP] TX bytes=108 raw=aa5500531dfe0000000000000000001458004e5354520405060708090a0b0c0d0e0f101112131415161718191a1b1c1d1e1f20212223242526272829...
[TCP] RX serial=AF dst=1D code=00 reg=0x00000006 len=1 raw=55aa00affe1d0000000000000600000001002657
[TCP] TX bytes=21 raw=aa5500af1dfe000000000000060000000100012757
[TCP] RX serial=94 dst=1E code=00 reg=0x00000002 len=2 raw=55aa0094fe1e0000000000000200000002000957
[TCP] TX bytes=22 raw=aa5500941efe00000000000002000000020066067557
[TCP] RX serial=CD dst=1E code=00 reg=0x00000016 len=8 raw=55aa00cdfe1e0000000000001600000008005c57
[TCP] TX bytes=28 raw=aa5500cd1efe0000000000001600000008004d3636301e0100006458
[TCP] RX serial=45 dst=1E code=00 reg=0x14000000 len=88 raw=55aa0045fe1e0000000000000000001458002257
[TCP] TX bytes=108 raw=aa5500451efe0000000000000000001458004e5354520405060708090a0b0c0d0e0f101112131415161718191a1b1c1d1e1f20212223242526272829...
[TCP] RX serial=F8 dst=1E code=00 reg=0x00000006 len=1 raw=55aa00f8fe1e0000000000000600000001007057
[TCP] TX bytes=21 raw=aa5500f81efe000000000000060000000100017157
[TCP] RX serial=44 dst=1F code=00 reg=0x00000002 len=2 raw=55aa0044fe1f000000000000020000000200ba56
[TCP] TX bytes=22 raw=aa5500441ffe00000000000002000000020066062657
[TCP] RX serial=45 dst=1F code=00 reg=0x00000016 len=8 raw=55aa0045fe1f000000000000160000000800d556
[TCP] TX bytes=28 raw=aa5500451ffe0000000000001600000008004d3636301f010000de57
[TCP] RX serial=FA dst=1F code=00 reg=0x14000000 len=88 raw=55aa00fafe1f000000000000000000145800d857
[TCP] TX bytes=108 raw=aa5500fa1ffe0000000000000000001458004e5354520405060708090a0b0c0d0e0f101112131415161718191a1b1c1d1e1f20212223242526272829...
[TCP] RX serial=0B dst=1F code=00 reg=0x00000006 len=1 raw=55aa000bfe1f0000000000000600000001008456
[TCP] TX bytes=21 raw=aa55000b1ffe000000000000060000000100018556
[TCP] RX serial=DE dst=20 code=00 reg=0x00000002 len=2 raw=55aa00defe200000000000000200000002005557
[TCP] TX bytes=22 raw=aa5500de20fe0000000000000200000002006606c157
[TCP] RX serial=F2 dst=20 code=00 reg=0x00000016 len=8 raw=55aa00f2fe200000000000001600000008008357
[TCP] TX bytes=28 raw=aa5500f220fe0000000000001600000008004d363630200100008d58
[TCP] RX serial=3C dst=20 code=00 reg=0x14000000 len=88 raw=55aa003cfe200000000000000000001458001b57
[TCP] TX bytes=108 raw=aa55003c20fe0000000000000000001458004e5354520405060708090a0b0c0d0e0f101112131415161718191a1b1c1d1e1f20212223242526272829...
[TCP] RX serial=96 dst=20 code=00 reg=0x00000006 len=1 raw=55aa0096fe200000000000000600000001001057
[TCP] TX bytes=21 raw=aa55009620fe000000000000060000000100011157
[TCP] RX serial=7A dst=21 code=00 reg=0x00000002 len=2 raw=55aa007afe21000000000000020000000200f256
[TCP] TX bytes=22 raw=aa55007a21fe00000000000002000000020066065e57
[TCP] RX serial=49 dst=21 code=00 reg=0x00000016 len=8 raw=55aa0049fe21000000000000160000000800db56
[TCP] TX bytes=28 raw=aa55004921fe0000000000001600000008004d36363021010000e657
[TCP] RX serial=8B dst=21 code=00 reg=0x14000000 len=88 raw=55aa008bfe210000000000000000001458006b57
[TCP] TX bytes=108 raw=aa55008b21fe0000000000000000001458004e5354520405060708090a0b0c0d0e0f101112131415161718191a1b1c1d1e1f20212223242526272829...
[TCP] RX serial=DC dst=21 code=00 reg=0x00000006 len=1 raw=55aa00dcfe210000000000000600000001005757
[TCP] TX bytes=21 raw=aa5500dc21fe000000000000060000000100015857
[TCP] RX serial=27 dst=22 code=00 reg=0x00000002 len=2 raw=55aa0027fe22000000000000020000000200a056
[TCP] TX bytes=22 raw=aa55002722fe00000000000002000000020066060c57
[TCP] RX serial=DC dst=22 code=00 reg=0x00000016 len=8 raw=55aa00dcfe220000000000001600000008006f57
[TCP] TX bytes=28 raw=aa5500dc22fe0000000000001600000008004d363630220100007b58
[TCP] RX serial=D7 dst=22 code=00 reg=0x14000000 len=88 raw=55aa00d7fe22000000000000000000145800b857
[TCP] TX bytes=108 raw=aa5500d722fe0000000000000000001458004e5354520405060708090a0b0c0d0e0f101112131415161718191a1b1c1d1e1f20212223242526272829...
[TCP] RX serial=90 dst=22 code=00 reg=0x00000006 len=1 raw=55aa0090fe220000000000000600000001000c57
[TCP] TX bytes=21 raw=aa55009022fe000000000000060000000100010d57
[TCP] RX serial=F5 dst=23 code=00 reg=0x00000002 len=2 raw=55aa00f5fe230000000000000200000002006f57
[TCP] TX bytes=22 raw=aa5500f523fe0000000000000200000002006606db57
[TCP] RX serial=79 dst=23 code=00 reg=0x00000016 len=8 raw=55aa0079fe230000000000001600000008000d57
[TCP] TX bytes=28 raw=aa55007923fe0000000000001600000008004d363630230100001a58
[TCP] RX serial=88 dst=23 code=00 reg=0x14000000 len=88 raw=55aa0088fe230000000000000000001458006a57
[TCP] TX bytes=108 raw=aa55008823fe0000000000000000001458004e5354520405060708090a0b0c0d0e0f101112131415161718191a1b1c1d1e1f20212223242526272829...
[TCP] RX serial=46 dst=23 code=00 reg=0x00000006 len=1 raw=55aa0046fe23000000000000060000000100c356
[TCP] TX bytes=21 raw=aa55004623fe00000000000006000000010001c456
[TCP] RX serial=29 dst=24 code=00 reg=0x00000002 len=2 raw=55aa0029fe24000000000000020000000200a456
[TCP] TX bytes=22 raw=aa55002924fe00000000000002000000020066061057
[TCP] RX serial=DF dst=24 code=00 reg=0x00000016 len=8 raw=55aa00dffe240000000000001600000008007457
[TCP] TX bytes=28 raw=aa5500df24fe0000000000001600000008004d363630240100008258
[TCP] RX serial=2C dst=24 code=00 reg=0x14000000 len=88 raw=55aa002cfe240000000000000000001458000f57
[TCP] TX bytes=108 raw=aa55002c24fe0000000000000000001458004e5354520405060708090a0b0c0d0e0f101112131415161718191a1b1c1d1e1f20212223242526272829...
[TCP] RX serial=67 dst=24 code=00 reg=0x00000006 len=1 raw=55aa0067fe24000000000000060000000100e556
[TCP] TX bytes=21 raw=aa55006724fe00000000000006000000010001e656
[TCP] RX serial=43 dst=25 code=00 reg=0x00000002 len=2 raw=55aa0043fe25000000000000020000000200bf56
[TCP] TX bytes=22 raw=aa55004325fe00000000000002000000020066062b57
[TCP] RX serial=D1 dst=25 code=00 reg=0x00000016 len=8 raw=55aa00d1fe250000000000001600000008006757
[TCP] TX bytes=28 raw=aa5500d125fe0000000000001600000008004d363630250100007658
[TCP] RX serial=15 dst=25 code=00 reg=0x14000000 len=88 raw=55aa0015fe25000000000000000000145800f956
[TCP] TX bytes=108 raw=aa55001525fe0000000000000000001458004e5354520405060708090a0b0c0d0e0f101112131415161718191a1b1c1d1e1f20212223242526272829...
[TCP] RX serial=0B dst=25 code=00 reg=0x00000006 len=1 raw=55aa000bfe250000000000000600000001008a56
[TCP] TX bytes=21 raw=aa55000b25fe000000000000060000000100018b56
[TCP] RX serial=67 dst=26 code=00 reg=0x00000002 len=2 raw=55aa0067fe26000000000000020000000200e456
[TCP] TX bytes=22 raw=aa55006726fe00000000000002000000020066065057
[TCP] RX serial=1C dst=26 code=00 reg=0x00000016 len=8 raw=55aa001cfe26000000000000160000000800b356
[TCP] TX bytes=28 raw=aa55001c26fe0000000000001600000008004d36363026010000c357
[TCP] RX serial=5F dst=26 code=00 reg=0x14000000 len=88 raw=55aa005ffe260000000000000000001458004457
[TCP] TX bytes=108 raw=aa55005f26fe0000000000000000001458004e5354520405060708090a0b0c0d0e0f101112131415161718191a1b1c1d1e1f20212223242526272829...
[TCP] RX serial=10 dst=26 code=00 reg=0x00000006 len=1 raw=55aa0010fe260000000000000600000001009056
[TCP] TX bytes=21 raw=aa55001026fe000000000000060000000100019156
[TCP] RX serial=2E dst=27 code=00 reg=0x00000002 len=2 raw=55aa002efe27000000000000020000000200ac56
[TCP] TX bytes=22 raw=aa55002e27fe00000000000002000000020066061857
[TCP] RX serial=A8 dst=27 code=00 reg=0x00000016 len=8 raw=55aa00a8fe270000000000001600000008004057
[TCP] TX bytes=28 raw=aa5500a827fe0000000000001600000008004d363630270100005158
[TCP] RX serial=14 dst=27 code=00 reg=0x14000000 len=88 raw=55aa0014fe27000000000000000000145800fa56
[TCP] TX bytes=108 raw=aa55001427fe0000000000000000001458004e5354520405060708090a0b0c0d0e0f101112131415161718191a1b1c1d1e1f20212223242526272829...
[TCP] RX serial=CB dst=27 code=00 reg=0x00000006 len=1 raw=55aa00cbfe270000000000000600000001004c57
[TCP] TX bytes=21 raw=aa5500cb27fe000000000000060000000100014d57
[TCP] RX serial=C6 dst=28 code=00 reg=0x00000002 len=2 raw=55aa00c6fe280000000000000200000002004557
[TCP] TX bytes=22 raw=aa5500c628fe0000000000000200000002006606b157
[TCP] RX serial=47 dst=28 code=00 reg=0x00000016 len=8 raw=55aa0047fe28000000000000160000000800e056
[TCP] TX bytes=28 raw=aa55004728fe0000000000001600000008004d36363028010000f257
[TCP] RX serial=5D dst=28 code=00 reg=0x14000000 len=88 raw=55aa005dfe280000000000000000001458004457
[TCP] TX bytes=108 raw=aa55005d28fe0000000000000000001458004e5354520405060708090a0b0c0d0e0f101112131415161718191a1b1c1d1e1f20212223242526272829...
[TCP] RX serial=4C dst=28 code=00 reg=0x00000006 len=1 raw=55aa004cfe28000000000000060000000100ce56
[TCP] TX bytes=21 raw=aa55004c28fe00000000000006000000010001cf56
[TCP] RX serial=1B dst=29 code=00 reg=0x00000002 len=2 raw=55aa001bfe290000000000000200000002009b56
[TCP] TX bytes=22 raw=aa55001b29fe00000000000002000000020066060757
[TCP] RX serial=A2 dst=29 code=00 reg=0x00000016 len=8 raw=55aa00a2fe290000000000001600000008003c57
[TCP] TX bytes=28 raw=aa5500a229fe0000000000001600000008004d363630290100004f58
[TCP] RX serial=B6 dst=29 code=00 reg=0x14000000 len=88 raw=55aa00b6fe290000000000000000001458009e57
[TCP] TX bytes=108 raw=aa5500b629fe0000000000000000001458004e5354520405060708090a0b0c0d0e0f101112131415161718191a1b1c1d1e1f20212223242526272829...
[TCP] RX serial=E7 dst=29 code=00 reg=0x00000006 len=1 raw=55aa00e7fe290000000000000600000001006a57
[TCP] TX bytes=21 raw=aa5500e729fe000000000000060000000100016b57
[TCP] RX serial=A3 dst=2A code=00 reg=0x00000002 len=2 raw=55aa00a3fe2a0000000000000200000002002457
[TCP] TX bytes=22 raw=aa5500a32afe00000000000002000000020066069057
[TCP] RX serial=93 dst=2A code=00 reg=0x00000016 len=8 raw=55aa0093fe2a0000000000001600000008002e57
[TCP] TX bytes=28 raw=aa5500932afe0000000000001600000008004d3636302a0100004258
[TCP] RX serial=04 dst=2A code=00 reg=0x14000000 len=88 raw=55aa0004fe2a000000000000000000145800ed56
[TCP] TX bytes=108 raw=aa5500042afe0000000000000000001458004e5354520405060708090a0b0c0d0e0f101112131415161718191a1b1c1d1e1f20212223242526272829...
[TCP] RX serial=E5 dst=2A code=00 reg=0x00000006 len=1 raw=55aa00e5fe2a0000000000000600000001006957
[TCP] TX bytes=21 raw=aa5500e52afe000000000000060000000100016a57
[TCP] RX serial=DD dst=2B code=00 reg=0x00000002 len=2 raw=55aa00ddfe2b0000000000000200000002005f57
[TCP] TX bytes=22 raw=aa5500dd2bfe0000000000000200000002006606cb57
[TCP] RX serial=C2 dst=2B code=00 reg=0x00000016 len=8 raw=55aa00c2fe2b0000000000001600000008005e57
[TCP] TX bytes=28 raw=aa5500c22bfe0000000000001600000008004d3636302b0100007358
[TCP] RX serial=B8 dst=2B code=00 reg=0x14000000 len=88 raw=55aa00b8fe2b000000000000000000145800a257
[TCP] TX bytes=108 raw=aa5500b82bfe0000000000000000001458004e5354520405060708090a0b0c0d0e0f101112131415161718191a1b1c1d1e1f20212223242526272829...
[TCP] RX serial=1A dst=2B code=00 reg=0x00000006 len=1 raw=55aa001afe2b0000000000000600000001009f56
[TCP] TX bytes=21 raw=aa55001a2bfe00000000000006000000010001a056
[TCP] RX serial=44 dst=2C code=00 reg=0x00000002 len=2 raw=55aa0044fe2c000000000000020000000200c756
[TCP] TX bytes=22 raw=aa5500442cfe00000000000002000000020066063357
[TCP] RX serial=FE dst=2C code=00 reg=0x00000016 len=8 raw=55aa00fefe2c0000000000001600000008009b57
[TCP] TX bytes=28 raw=aa5500fe2cfe0000000000001600000008004d3636302c010000b158
[TCP] RX serial=CF dst=2C code=00 reg=0x14000000 len=88 raw=55aa00cffe2c000000000000000000145800ba57
[TCP] TX bytes=108 raw=aa5500cf2cfe0000000000000000001458004e5354520405060708090a0b0c0d0e0f101112131415161718191a1b1c1d1e1f20212223242526272829...
[TCP] RX serial=63 dst=2C code=00 reg=0x00000006 len=1 raw=55aa0063fe2c000000000000060000000100e956
[TCP] TX bytes=21 raw=aa5500632cfe00000000000006000000010001ea56
[TCP] RX serial=19 dst=2D code=00 reg=0x00000002 len=2 raw=55aa0019fe2d0000000000000200000002009d56
[TCP] TX bytes=22 raw=aa5500192dfe00000000000002000000020066060957
[TCP] RX serial=92 dst=2D code=00 reg=0x00000016 len=8 raw=55aa0092fe2d0000000000001600000008003057
[TCP] TX bytes=28 raw=aa5500922dfe0000000000001600000008004d3636302d0100004758
[TCP] RX serial=C7 dst=2D code=00 reg=0x14000000 len=88 raw=55aa00c7fe2d000000000000000000145800b357
[TCP] TX bytes=108 raw=aa5500c72dfe0000000000000000001458004e5354520405060708090a0b0c0d0e0f101112131415161718191a1b1c1d1e1f20212223242526272829...
[TCP] RX serial=0D dst=2D code=00 reg=0x00000006 len=1 raw=55aa000dfe2d0000000000000600000001009456
[TCP] TX bytes=21 raw=aa55000d2dfe000000000000060000000100019556
[TCP] RX serial=DD dst=2E code=00 reg=0x00000002 len=2 raw=55aa00ddfe2e0000000000000200000002006257
[TCP] TX bytes=22 raw=aa5500dd2efe0000000000000200000002006606ce57
[TCP] RX serial=30 dst=2E code=00 reg=0x00000016 len=8 raw=55aa0030fe2e000000000000160000000800cf56
[TCP] TX bytes=28 raw=aa5500302efe0000000000001600000008004d3636302e010000e757
[TCP] RX serial=2E dst=2E code=00 reg=0x14000000 len=88 raw=55aa002efe2e0000000000000000001458001b57
[TCP] TX bytes=108 raw=aa55002e2efe0000000000000000001458004e5354520405060708090a0b0c0d0e0f101112131415161718191a1b1c1d1e1f20212223242526272829...
[TCP] RX serial=5E dst=2E code=00 reg=0x00000006 len=1 raw=55aa005efe2e000000000000060000000100e656
[TCP] TX bytes=21 raw=aa55005e2efe00000000000006000000010001e756
[TCP] RX serial=E9 dst=2F code=00 reg=0x00000002 len=2 raw=55aa00e9fe2f0000000000000200000002006f57
[TCP] TX bytes=22 raw=aa5500e92ffe0000000000000200000002006606db57
[TCP] RX serial=7B dst=2F code=00 reg=0x00000016 len=8 raw=55aa007bfe2f0000000000001600000008001b57
[TCP] TX bytes=28 raw=aa55007b2ffe0000000000001600000008004d3636302f0100003458
[TCP] RX serial=AD dst=2F code=00 reg=0x14000000 len=88 raw=55aa00adfe2f0000000000000000001458009b57
[TCP] TX bytes=108 raw=aa5500ad2ffe0000000000000000001458004e5354520405060708090a0b0c0d0e0f101112131415161718191a1b1c1d1e1f20212223242526272829...
[TCP] RX serial=7E dst=2F code=00 reg=0x00000006 len=1 raw=55aa007efe2f0000000000000600000001000757
[TCP] TX bytes=21 raw=aa55007e2ffe000000000000060000000100010857
[TCP] RX serial=C8 dst=30 code=00 reg=0x00000002 len=2 raw=55aa00c8fe300000000000000200000002004f57
[TCP] TX bytes=22 raw=aa5500c830fe0000000000000200000002006606bb57
[TCP] RX serial=0B dst=30 code=00 reg=0x00000016 len=8 raw=55aa000bfe30000000000000160000000800ac56
[TCP] TX bytes=28 raw=aa55000b30fe0000000000001600000008004d36363030010000c657
[TCP] RX serial=C8 dst=30 code=00 reg=0x14000000 len=88 raw=55aa00c8fe30000000000000000000145800b757
[TCP] TX bytes=108 raw=aa5500c830fe0000000000000000001458004e5354520405060708090a0b0c0d0e0f101112131415161718191a1b1c1d1e1f20212223242526272829...
[TCP] RX serial=AD dst=30 code=00 reg=0x00000006 len=1 raw=55aa00adfe300000000000000600000001003757
[TCP] TX bytes=21 raw=aa5500ad30fe000000000000060000000100013857
[TCP] RX serial=1C dst=31 code=00 reg=0x00000002 len=2 raw=55aa001cfe31000000000000020000000200a456
[TCP] TX bytes=22 raw=aa55001c31fe00000000000002000000020066061057
[TCP] RX serial=3C dst=31 code=00 reg=0x00000016 len=8 raw=55aa003cfe31000000000000160000000800de56
[TCP] TX bytes=28 raw=aa55003c31fe0000000000001600000008004d36363031010000f957
[TCP] RX serial=2A dst=31 code=00 reg=0x14000000 len=88 raw=55aa002afe310000000000000000001458001a57
[TCP] TX bytes=108 raw=aa55002a31fe0000000000000000001458004e5354520405060708090a0b0c0d0e0f101112131415161718191a1b1c1d1e1f20212223242526272829...
[TCP] RX serial=86 dst=31 code=00 reg=0x00000006 len=1 raw=55aa0086fe310000000000000600000001001157
[TCP] TX bytes=21 raw=aa55008631fe000000000000060000000100011257
[TCP] RX serial=29 dst=32 code=00 reg=0x00000002 len=2 raw=55aa0029fe32000000000000020000000200b256
[TCP] TX bytes=22 raw=aa55002932fe00000000000002000000020066061e57
[TCP] RX serial=43 dst=32 code=00 reg=0x00000016 len=8 raw=55aa0043fe32000000000000160000000800e656
[TCP] TX bytes=28 raw=aa55004332fe0000000000001600000008004d363630320100000258
[TCP] RX serial=C3 dst=32 code=00 reg=0x14000000 len=88 raw=55aa00c3fe32000000000000000000145800b457
[TCP] TX bytes=108 raw=aa5500c332fe0000000000000000001458004e5354520405060708090a0b0c0d0e0f101112131415161718191a1b1c1d1e1f20212223242526272829...
[TCP] RX serial=AE dst=32 code=00 reg=0x00000006 len=1 raw=55aa00aefe320000000000000600000001003a57
[TCP] TX bytes=21 raw=aa5500ae32fe000000000000060000000100013b57
[TCP] RX serial=CD dst=33 code=00 reg=0x00000002 len=2 raw=55aa00cdfe330000000000000200000002005757
[TCP] TX bytes=22 raw=aa5500cd33fe0000000000000200000002006606c357
[TCP] RX serial=2E dst=33 code=00 reg=0x00000016 len=8 raw=55aa002efe33000000000000160000000800d256
[TCP] TX bytes=28 raw=aa55002e33fe0000000000001600000008004d36363033010000ef57
[TCP] RX serial=2D dst=33 code=00 reg=0x14000000 len=88 raw=55aa002dfe330000000000000000001458001f57
[TCP] TX bytes=108 raw=aa55002d33fe0000000000000000001458004e5354520405060708090a0b0c0d0e0f101112131415161718191a1b1c1d1e1f20212223242526272829...
[TCP] RX serial=A4 dst=33 code=00 reg=0x00000006 len=1 raw=55aa00a4fe330000000000000600000001003157
[TCP] TX bytes=21 raw=aa5500a433fe000000000000060000000100013257
[TCP] RX serial=62 dst=34 code=00 reg=0x00000002 len=2 raw=55aa0062fe34000000000000020000000200ed56
[TCP] TX bytes=22 raw=aa55006234fe00000000000002000000020066065957
[TCP] RX serial=44 dst=34 code=00 reg=0x00000016 len=8 raw=55aa0044fe34000000000000160000000800e956
[TCP] TX bytes=28 raw=aa55004434fe0000000000001600000008004d363630340100000758
[TCP] RX serial=CB dst=34 code=00 reg=0x14000000 len=88 raw=55aa00cbfe34000000000000000000145800be57
[TCP] TX bytes=108 raw=aa5500cb34fe0000000000000000001458004e5354520405060708090a0b0c0d0e0f101112131415161718191a1b1c1d1e1f20212223242526272829...
[TCP] RX serial=2F dst=34 code=00 reg=0x00000006 len=1 raw=55aa002ffe34000000000000060000000100bd56
[TCP] TX bytes=21 raw=aa55002f34fe00000000000006000000010001be56
[TCP] RX serial=D8 dst=35 code=00 reg=0x00000002 len=2 raw=55aa00d8fe350000000000000200000002006457
[TCP] TX bytes=22 raw=aa5500d835fe0000000000000200000002006606d057
[TCP] RX serial=AF dst=35 code=00 reg=0x00000016 len=8 raw=55aa00affe350000000000001600000008005557
[TCP] TX bytes=28 raw=aa5500af35fe0000000000001600000008004d363630350100007458
[TCP] RX serial=B1 dst=35 code=00 reg=0x14000000 len=88 raw=55aa00b1fe35000000000000000000145800a557
[TCP] TX bytes=108 raw=aa5500b135fe0000000000000000001458004e5354520405060708090a0b0c0d0e0f101112131415161718191a1b1c1d1e1f20212223242526272829...
[TCP] RX serial=34 dst=35 code=00 reg=0x00000006 len=1 raw=55aa0034fe35000000000000060000000100c356
[TCP] TX bytes=21 raw=aa55003435fe00000000000006000000010001c456
[TCP] RX serial=7F dst=36 code=00 reg=0x00000002 len=2 raw=55aa007ffe360000000000000200000002000c57
[TCP] TX bytes=22 raw=aa55007f36fe00000000000002000000020066067857
[TCP] RX serial=50 dst=36 code=00 reg=0x00000016 len=8 raw=55aa0050fe36000000000000160000000800f756
[TCP] TX bytes=28 raw=aa55005036fe0000000000001600000008004d363630360100001758
[TCP] RX serial=6E dst=36 code=00 reg=0x14000000 len=88 raw=55aa006efe360000000000000000001458006357
[TCP] TX bytes=108 raw=aa55006e36fe0000000000000000001458004e5354520405060708090a0b0c0d0e0f101112131415161718191a1b1c1d1e1f20212223242526272829...
[TCP] RX serial=E9 dst=36 code=00 reg=0x00000006 len=1 raw=55aa00e9fe360000000000000600000001007957
[TCP] TX bytes=21 raw=aa5500e936fe000000000000060000000100017a57
[TCP] RX serial=73 dst=37 code=00 reg=0x00000002 len=2 raw=55aa0073fe370000000000000200000002000157
[TCP] TX bytes=22 raw=aa55007337fe00000000000002000000020066066d57
[TCP] RX serial=57 dst=37 code=00 reg=0x00000016 len=8 raw=55aa0057fe37000000000000160000000800ff56
[TCP] TX bytes=28 raw=aa55005737fe0000000000001600000008004d363630370100002058
[TCP] RX serial=FD dst=37 code=00 reg=0x14000000 len=88 raw=55aa00fdfe37000000000000000000145800f357
[TCP] TX bytes=108 raw=aa5500fd37fe0000000000000000001458004e5354520405060708090a0b0c0d0e0f101112131415161718191a1b1c1d1e1f20212223242526272829...
[TCP] RX serial=28 dst=37 code=00 reg=0x00000006 len=1 raw=55aa0028fe37000000000000060000000100b956
[TCP] TX bytes=21 raw=aa55002837fe00000000000006000000010001ba56
[TCP] RX serial=E4 dst=38 code=00 reg=0x00000002 len=2 raw=55aa00e4fe380000000000000200000002007357
[TCP] TX bytes=22 raw=aa5500e438fe0000000000000200000002006606df57
[TCP] RX serial=84 dst=38 code=00 reg=0x00000016 len=8 raw=55aa0084fe380000000000001600000008002d57
[TCP] TX bytes=28 raw=aa55008438fe0000000000001600000008004d363630380100004f58
[TCP] RX serial=1D dst=38 code=00 reg=0x14000000 len=88 raw=55aa001dfe380000000000000000001458001457
[TCP] TX bytes=108 raw=aa55001d38fe0000000000000000001458004e5354520405060708090a0b0c0d0e0f101112131415161718191a1b1c1d1e1f20212223242526272829...
[TCP] RX serial=D1 dst=38 code=00 reg=0x00000006 len=1 raw=55aa00d1fe380000000000000600000001006357
[TCP] TX bytes=21 raw=aa5500d138fe000000000000060000000100016457
[TCP] RX serial=F8 dst=39 code=00 reg=0x00000002 len=2 raw=55aa00f8fe390000000000000200000002008857
[TCP] TX bytes=22 raw=aa5500f839fe0000000000000200000002006606f457
[TCP] RX serial=0A dst=39 code=00 reg=0x00000016 len=8 raw=55aa000afe39000000000000160000000800b456
[TCP] TX bytes=28 raw=aa55000a39fe0000000000001600000008004d36363039010000d757
[TCP] RX serial=FD dst=39 code=00 reg=0x14000000 len=88 raw=55aa00fdfe39000000000000000000145800f557
[TCP] TX bytes=108 raw=aa5500fd39fe0000000000000000001458004e5354520405060708090a0b0c0d0e0f101112131415161718191a1b1c1d1e1f20212223242526272829...
[TCP] RX serial=08 dst=39 code=00 reg=0x00000006 len=1 raw=55aa0008fe390000000000000600000001009b56
[TCP] TX bytes=21 raw=aa55000839fe000000000000060000000100019c56
[TCP] RX serial=D4 dst=3A code=00 reg=0x00000002 len=2 raw=55aa00d4fe3a0000000000000200000002006557
[TCP] TX bytes=22 raw=aa5500d43afe0000000000000200000002006606d157
[TCP] RX serial=49 dst=3A code=00 reg=0x00000016 len=8 raw=55aa0049fe3a000000000000160000000800f456
[TCP] TX bytes=28 raw=aa5500493afe0000000000001600000008004d3636303a0100001858
[TCP] RX serial=3A dst=3A code=00 reg=0x14000000 len=88 raw=55aa003afe3a0000000000000000001458003357
[TCP] TX bytes=108 raw=aa55003a3afe0000000000000000001458004e5354520405060708090a0b0c0d0e0f101112131415161718191a1b1c1d1e1f20212223242526272829...
[TCP] RX serial=D4 dst=3A code=00 reg=0x00000006 len=1 raw=55aa00d4fe3a0000000000000600000001006857
[TCP] TX bytes=21 raw=aa5500d43afe000000000000060000000100016957
[TCP] RX serial=CE dst=3B code=00 reg=0x00000002 len=2 raw=55aa00cefe3b0000000000000200000002006057
[TCP] TX bytes=22 raw=aa5500ce3bfe0000000000000200000002006606cc57
[TCP] RX serial=18 dst=3B code=00 reg=0x00000016 len=8 raw=55aa0018fe3b000000000000160000000800c456
[TCP] TX bytes=28 raw=aa5500183bfe0000000000001600000008004d3636303b010000e957
[TCP] RX serial=3F dst=3B code=00 reg=0x14000000 len=88 raw=55aa003ffe3b0000000000000000001458003957
[TCP] TX bytes=108 raw=aa55003f3bfe0000000000000000001458004e5354520405060708090a0b0c0d0e0f101112131415161718191a1b1c1d1e1f20212223242526272829...
[TCP] RX serial=AE dst=3B code=00 reg=0x00000006 len=1 raw=55aa00aefe3b0000000000000600000001004357
[TCP] TX bytes=21 raw=aa5500ae3bfe000000000000060000000100014457
[TCP] RX serial=03 dst=3C code=00 reg=0x00000002 len=2 raw=55aa0003fe3c0000000000000200000002009656
[TCP] TX bytes=22 raw=aa5500033cfe00000000000002000000020066060257
[TCP] RX serial=89 dst=3C code=00 reg=0x00000016 len=8 raw=55aa0089fe3c0000000000001600000008003657
[TCP] TX bytes=28 raw=aa5500893cfe0000000000001600000008004d3636303c0100005c58
[TCP] RX serial=FA dst=3C code=00 reg=0x14000000 len=88 raw=55aa00fafe3c000000000000000000145800f557
[TCP] TX bytes=108 raw=aa5500fa3cfe0000000000000000001458004e5354520405060708090a0b0c0d0e0f101112131415161718191a1b1c1d1e1f20212223242526272829...
[TCP] RX serial=A4 dst=3C code=00 reg=0x00000006 len=1 raw=55aa00a4fe3c0000000000000600000001003a57
[TCP] TX bytes=21 raw=aa5500a43cfe000000000000060000000100013b57
[TCP] RX serial=AF dst=3D code=00 reg=0x00000002 len=2 raw=55aa00affe3d0000000000000200000002004357
[TCP] TX bytes=22 raw=aa5500af3dfe0000000000000200000002006606af57
[TCP] RX serial=7E dst=3D code=00 reg=0x00000016 len=8 raw=55aa007efe3d0000000000001600000008002c57
[TCP] TX bytes=28 raw=aa55007e3dfe0000000000001600000008004d3636303d0100005358
[TCP] RX serial=A5 dst=3D code=00 reg=0x14000000 len=88 raw=55aa00a5fe3d000000000000000000145800a157
[TCP] TX bytes=108 raw=aa5500a53dfe0000000000000000001458004e5354520405060708090a0b0c0d0e0f101112131415161718191a1b1c1d1e1f20212223242526272829...
[TCP] RX serial=18 dst=3D code=00 reg=0x00000006 len=1 raw=55aa0018fe3d000000000000060000000100af56
[TCP] TX bytes=21 raw=aa5500183dfe00000000000006000000010001b056
[TCP] RX serial=58 dst=3E code=00 reg=0x00000002 len=2 raw=55aa0058fe3e000000000000020000000200ed56
[TCP] TX bytes=22 raw=aa5500583efe00000000000002000000020066065957
[TCP] RX serial=94 dst=3E code=00 reg=0x00000016 len=8 raw=55aa0094fe3e0000000000001600000008004357
[TCP] TX bytes=28 raw=aa5500943efe0000000000001600000008004d3636303e0100006b58
[TCP] RX serial=2E dst=3E code=00 reg=0x14000000 len=88 raw=55aa002efe3e0000000000000000001458002b57
[TCP] TX bytes=108 raw=aa55002e3efe0000000000000000001458004e5354520405060708090a0b0c0d0e0f101112131415161718191a1b1c1d1e1f20212223242526272829...
[TCP] RX serial=CB dst=3E code=00 reg=0x00000006 len=1 raw=55aa00cbfe3e0000000000000600000001006357
[TCP] TX bytes=21 raw=aa5500cb3efe000000000000060000000100016457
[TCP] RX serial=CD dst=3F code=00 reg=0x00000002 len=2 raw=55aa00cdfe3f0000000000000200000002006357
[TCP] TX bytes=22 raw=aa5500cd3ffe0000000000000200000002006606cf57
[TCP] RX serial=3F dst=3F code=00 reg=0x00000016 len=8 raw=55aa003ffe3f000000000000160000000800ef56
[TCP] TX bytes=28 raw=aa55003f3ffe0000000000001600000008004d3636303f0100001858
[TCP] RX serial=12 dst=3F code=00 reg=0x14000000 len=88 raw=55aa0012fe3f0000000000000000001458001057
[TCP] TX bytes=108 raw=aa5500123ffe0000000000000000001458004e5354520405060708090a0b0c0d0e0f101112131415161718191a1b1c1d1e1f20212223242526272829...
[TCP] RX serial=D1 dst=3F code=00 reg=0x00000006 len=1 raw=55aa00d1fe3f0000000000000600000001006a57
[TCP] TX bytes=21 raw=aa5500d13ffe000000000000060000000100016b57
[TCP] RX serial=45 dst=40 code=00 reg=0x00000002 len=2 raw=55aa0045fe40000000000000020000000200dc56
[TCP] TX bytes=22 raw=aa55004540fe00000000000002000000020066064857
[TCP] RX serial=9B dst=40 code=00 reg=0x00000016 len=8 raw=55aa009bfe400000000000001600000008004c57
[TCP] TX bytes=28 raw=aa55009b40fe0000000000001600000008004d363630400100007658
[TCP] RX serial=C9 dst=40 code=00 reg=0x14000000 len=88 raw=55aa00c9fe40000000000000000000145800c857
[TCP] TX bytes=108 raw=aa5500c940fe0000000000000000001458004e5354520405060708090a0b0c0d0e0f101112131415161718191a1b1c1d1e1f20212223242526272829...
[TCP] RX serial=48 dst=40 code=00 reg=0x00000006 len=1 raw=55aa0048fe40000000000000060000000100e256
[TCP] TX bytes=21 raw=aa55004840fe00000000000006000000010001e356
[TCP] RX serial=10 dst=41 code=00 reg=0x00000002 len=2 raw=55aa0010fe41000000000000020000000200a856
[TCP] TX bytes=22 raw=aa55001041fe00000000000002000000020066061457
[TCP] RX serial=5B dst=41 code=00 reg=0x00000016 len=8 raw=55aa005bfe410000000000001600000008000d57
[TCP] TX bytes=28 raw=aa55005b41fe0000000000001600000008004d363630410100003858
[TCP] RX serial=AA dst=41 code=00 reg=0x14000000 len=88 raw=55aa00aafe41000000000000000000145800aa57
[TCP] TX bytes=108 raw=aa5500aa41fe0000000000000000001458004e5354520405060708090a0b0c0d0e0f101112131415161718191a1b1c1d1e1f20212223242526272829...
[TCP] RX serial=58 dst=41 code=00 reg=0x00000006 len=1 raw=55aa0058fe41000000000000060000000100f356
[TCP] TX bytes=21 raw=aa55005841fe00000000000006000000010001f456
[TCP] RX serial=46 dst=42 code=00 reg=0x00000002 len=2 raw=55aa0046fe42000000000000020000000200df56
[TCP] TX bytes=22 raw=aa55004642fe00000000000002000000020066064b57
[TCP] RX serial=C2 dst=42 code=00 reg=0x00000016 len=8 raw=55aa00c2fe420000000000001600000008007557
[TCP] TX bytes=28 raw=aa5500c242fe0000000000001600000008004d36363042010000a158
[TCP] RX serial=59 dst=42 code=00 reg=0x14000000 len=88 raw=55aa0059fe420000000000000000001458005a57
[TCP] TX bytes=108 raw=aa55005942fe0000000000000000001458004e5354520405060708090a0b0c0d0e0f101112131415161718191a1b1c1d1e1f20212223242526272829...
[TCP] RX serial=8F dst=42 code=00 reg=0x00000006 len=1 raw=55aa008ffe420000000000000600000001002b57
[TCP] TX bytes=21 raw=aa55008f42fe000000000000060000000100012c57
[TCP] RX serial=75 dst=43 code=00 reg=0x00000002 len=2 raw=55aa0075fe430000000000000200000002000f57
[TCP] TX bytes=22 raw=aa55007543fe00000000000002000000020066067b57
[TCP] RX serial=DC dst=43 code=00 reg=0x00000016 len=8 raw=55aa00dcfe430000000000001600000008009057
[TCP] TX bytes=28 raw=aa5500dc43fe0000000000001600000008004d36363043010000bd58
[TCP] RX serial=65 dst=43 code=00 reg=0x14000000 len=88 raw=55aa0065fe430000000000000000001458006757
[TCP] TX bytes=108 raw=aa55006543fe0000000000000000001458004e5354520405060708090a0b0c0d0e0f101112131415161718191a1b1c1d1e1f20212223242526272829...
[TCP] RX serial=67 dst=43 code=00 reg=0x00000006 len=1 raw=55aa0067fe430000000000000600000001000457
[TCP] TX bytes=21 raw=aa55006743fe000000000000060000000100010557
[TCP] RX serial=11 dst=44 code=00 reg=0x00000002 len=2 raw=55aa0011fe44000000000000020000000200ac56
[TCP] TX bytes=22 raw=aa55001144fe00000000000002000000020066061857
[TCP] RX serial=BE dst=44 code=00 reg=0x00000016 len=8 raw=55aa00befe440000000000001600000008007357
[TCP] TX bytes=28 raw=aa5500be44fe0000000000001600000008004d36363044010000a158
[TCP] RX serial=E6 dst=44 code=00 reg=0x14000000 len=88 raw=55aa00e6fe44000000000000000000145800e957
[TCP] TX bytes=108 raw=aa5500e644fe0000000000000000001458004e5354520405060708090a0b0c0d0e0f101112131415161718191a1b1c1d1e1f20212223242526272829...
[TCP] RX serial=E8 dst=44 code=00 reg=0x00000006 len=1 raw=55aa00e8fe440000000000000600000001008657
[TCP] TX bytes=21 raw=aa5500e844fe000000000000060000000100018757
[TCP] RX serial=5B dst=45 code=00 reg=0x00000002 len=2 raw=55aa005bfe45000000000000020000000200f756
[TCP] TX bytes=22 raw=aa55005b45fe00000000000002000000020066066357
[TCP] RX serial=58 dst=45 code=00 reg=0x00000016 len=8 raw=55aa0058fe450000000000001600000008000e57
[TCP] TX bytes=28 raw=aa55005845fe0000000000001600000008004d363630450100003d58
[TCP] RX serial=78 dst=45 code=00 reg=0x14000000 len=88 raw=55aa0078fe450000000000000000001458007c57
[TCP] TX bytes=108 raw=aa55007845fe0000000000000000001458004e5354520405060708090a0b0c0d0e0f101112131415161718191a1b1c1d1e1f20212223242526272829...
[TCP] RX serial=66 dst=45 code=00 reg=0x00000006 len=1 raw=55aa0066fe450000000000000600000001000557
[TCP] TX bytes=21 raw=aa55006645fe000000000000060000000100010657
[TCP] RX serial=DE dst=46 code=00 reg=0x00000002 len=2 raw=55aa00defe460000000000000200000002007b57
[TCP] TX bytes=22 raw=aa5500de46fe0000000000000200000002006606e757
[TCP] RX serial=05 dst=46 code=00 reg=0x00000016 len=8 raw=55aa0005fe46000000000000160000000800bc56
[TCP] TX bytes=28 raw=aa55000546fe0000000000001600000008004d36363046010000ec57
[TCP] RX serial=78 dst=46 code=00 reg=0x14000000 len=88 raw=55aa0078fe460000000000000000001458007d57
[TCP] TX bytes=108 raw=aa55007846fe0000000000000000001458004e5354520405060708090a0b0c0d0e0f101112131415161718191a1b1c1d1e1f20212223242526272829...
[TCP] RX serial=64 dst=46 code=00 reg=0x00000006 len=1 raw=55aa0064fe460000000000000600000001000457
[TCP] TX bytes=21 raw=aa55006446fe000000000000060000000100010557
[TCP] RX serial=DB dst=47 code=00 reg=0x00000002 len=2 raw=55aa00dbfe470000000000000200000002007957
[TCP] TX bytes=22 raw=aa5500db47fe0000000000000200000002006606e557
[TCP] RX serial=32 dst=47 code=00 reg=0x00000016 len=8 raw=55aa0032fe47000000000000160000000800ea56
[TCP] TX bytes=28 raw=aa55003247fe0000000000001600000008004d363630470100001b58
[TCP] RX serial=3A dst=47 code=00 reg=0x14000000 len=88 raw=55aa003afe470000000000000000001458004057
[TCP] TX bytes=108 raw=aa55003a47fe0000000000000000001458004e5354520405060708090a0b0c0d0e0f101112131415161718191a1b1c1d1e1f20212223242526272829...
[TCP] RX serial=94 dst=47 code=00 reg=0x00000006 len=1 raw=55aa0094fe470000000000000600000001003557
[TCP] TX bytes=21 raw=aa55009447fe000000000000060000000100013657
[TCP] RX serial=36 dst=48 code=00 reg=0x00000002 len=2 raw=55aa0036fe48000000000000020000000200d556
[TCP] TX bytes=22 raw=aa55003648fe00000000000002000000020066064157
[TCP] RX serial=68 dst=48 code=00 reg=0x00000016 len=8 raw=55aa0068fe480000000000001600000008002157
[TCP] TX bytes=28 raw=aa55006848fe0000000000001600000008004d363630480100005358
[TCP] RX serial=8F dst=48 code=00 reg=0x14000000 len=88 raw=55aa008ffe480000000000000000001458009657
[TCP] TX bytes=108 raw=aa55008f48fe0000000000000000001458004e5354520405060708090a0b0c0d0e0f101112131415161718191a1b1c1d1e1f20212223242526272829...
[TCP] RX serial=32 dst=48 code=00 reg=0x00000006 len=1 raw=55aa0032fe48000000000000060000000100d456
[TCP] TX bytes=21 raw=aa55003248fe00000000000006000000010001d556
[TCP] RX serial=4E dst=49 code=00 reg=0x00000002 len=2 raw=55aa004efe49000000000000020000000200ee56
[TCP] TX bytes=22 raw=aa55004e49fe00000000000002000000020066065a57
[TCP] RX serial=F5 dst=49 code=00 reg=0x00000016 len=8 raw=55aa00f5fe49000000000000160000000800af57
[TCP] TX bytes=28 raw=aa5500f549fe0000000000001600000008004d36363049010000e258
[TCP] RX serial=9D dst=49 code=00 reg=0x14000000 len=88 raw=55aa009dfe49000000000000000000145800a557
[TCP] TX bytes=108 raw=aa55009d49fe0000000000000000001458004e5354520405060708090a0b0c0d0e0f101112131415161718191a1b1c1d1e1f20212223242526272829...
[TCP] RX serial=A7 dst=49 code=00 reg=0x00000006 len=1 raw=55aa00a7fe490000000000000600000001004a57
[TCP] TX bytes=21 raw=aa5500a749fe000000000000060000000100014b57
[TCP] RX serial=DE dst=4A code=00 reg=0x00000002 len=2 raw=55aa00defe4a0000000000000200000002007f57
[TCP] TX bytes=22 raw=aa5500de4afe0000000000000200000002006606eb57
[TCP] RX serial=A2 dst=4A code=00 reg=0x00000016 len=8 raw=55aa00a2fe4a0000000000001600000008005d57
[TCP] TX bytes=28 raw=aa5500a24afe0000000000001600000008004d3636304a0100009158
[TCP] RX serial=5E dst=4A code=00 reg=0x14000000 len=88 raw=55aa005efe4a0000000000000000001458006757
[TCP] TX bytes=108 raw=aa55005e4afe0000000000000000001458004e5354520405060708090a0b0c0d0e0f101112131415161718191a1b1c1d1e1f20212223242526272829...
[TCP] RX serial=EB dst=4A code=00 reg=0x00000006 len=1 raw=55aa00ebfe4a0000000000000600000001008f57
[TCP] TX bytes=21 raw=aa5500eb4afe000000000000060000000100019057
[TCP] RX serial=24 dst=4B code=00 reg=0x00000002 len=2 raw=55aa0024fe4b000000000000020000000200c656
[TCP] TX bytes=22 raw=aa5500244bfe00000000000002000000020066063257
[TCP] RX serial=16 dst=4B code=00 reg=0x00000016 len=8 raw=55aa0016fe4b000000000000160000000800d256
[TCP] TX bytes=28 raw=aa5500164bfe0000000000001600000008004d3636304b0100000758
[TCP] RX serial=A1 dst=4B code=00 reg=0x14000000 len=88 raw=55aa00a1fe4b000000000000000000145800ab57
[TCP] TX bytes=108 raw=aa5500a14bfe0000000000000000001458004e5354520405060708090a0b0c0d0e0f101112131415161718191a1b1c1d1e1f20212223242526272829...
[TCP] RX serial=7B dst=4B code=00 reg=0x00000006 len=1 raw=55aa007bfe4b0000000000000600000001002057
[TCP] TX bytes=21 raw=aa55007b4bfe000000000000060000000100012157
[TCP] RX serial=2F dst=4C code=00 reg=0x00000002 len=2 raw=55aa002ffe4c000000000000020000000200d256
[TCP] TX bytes=22 raw=aa55002f4cfe00000000000002000000020066063e57
[TCP] RX serial=C5 dst=4C code=00 reg=0x00000016 len=8 raw=55aa00c5fe4c0000000000001600000008008257
[TCP] TX bytes=28 raw=aa5500c54cfe0000000000001600000008004d3636304c010000b858
[TCP] RX serial=B9 dst=4C code=00 reg=0x14000000 len=88 raw=55aa00b9fe4c000000000000000000145800c457
[TCP] TX bytes=108 raw=aa5500b94cfe0000000000000000001458004e5354520405060708090a0b0c0d0e0f101112131415161718191a1b1c1d1e1f20212223242526272829...
[TCP] RX serial=0E dst=4C code=00 reg=0x00000006 len=1 raw=55aa000efe4c000000000000060000000100b456
[TCP] TX bytes=21 raw=aa55000e4cfe00000000000006000000010001b556
[TCP] RX serial=57 dst=4D code=00 reg=0x00000002 len=2 raw=55aa0057fe4d000000000000020000000200fb56
[TCP] TX bytes=22 raw=aa5500574dfe00000000000002000000020066066757
[TCP] RX serial=28 dst=4D code=00 reg=0x00000016 len=8 raw=55aa0028fe4d000000000000160000000800e656
[TCP] TX bytes=28 raw=aa5500284dfe0000000000001600000008004d3636304d0100001d58
[TCP] RX serial=75 dst=4D code=00 reg=0x14000000 len=88 raw=55aa0075fe4d0000000000000000001458008157
[TCP] TX bytes=108 raw=aa5500754dfe0000000000000000001458004e5354520405060708090a0b0c0d0e0f101112131415161718191a1b1c1d1e1f20212223242526272829...
[TCP] RX serial=EB dst=4D code=00 reg=0x00000006 len=1 raw=55aa00ebfe4d0000000000000600000001009257
[TCP] TX bytes=21 raw=aa5500eb4dfe000000000000060000000100019357
[TCP] RX serial=23 dst=4E code=00 reg=0x00000002 len=2 raw=55aa0023fe4e000000000000020000000200c856
[TCP] TX bytes=22 raw=aa5500234efe00000000000002000000020066063457
[TCP] RX serial=62 dst=4E code=00 reg=0x00000016 len=8 raw=55aa0062fe4e0000000000001600000008002157
[TCP] TX bytes=28 raw=aa5500624efe0000000000001600000008004d3636304e0100005958
[TCP] RX serial=68 dst=4E code=00 reg=0x14000000 len=88 raw=55aa0068fe4e0000000000000000001458007557
[TCP] TX bytes=108 raw=aa5500684efe0000000000000000001458004e5354520405060708090a0b0c0d0e0f101112131415161718191a1b1c1d1e1f20212223242526272829...
[TCP] RX serial=0B dst=4E code=00 reg=0x00000006 len=1 raw=55aa000bfe4e000000000000060000000100b356
[TCP] TX bytes=21 raw=aa55000b4efe00000000000006000000010001b456
[TCP] RX serial=E1 dst=4F code=00 reg=0x00000002 len=2 raw=55aa00e1fe4f0000000000000200000002008757
[TCP] TX bytes=22 raw=aa5500e14ffe0000000000000200000002006606f357
[TCP] RX serial=45 dst=4F code=00 reg=0x00000016 len=8 raw=55aa0045fe4f0000000000001600000008000557
[TCP] TX bytes=28 raw=aa5500454ffe0000000000001600000008004d3636304f0100003e58
[TCP] RX serial=7B dst=4F code=00 reg=0x14000000 len=88 raw=55aa007bfe4f0000000000000000001458008957
[TCP] TX bytes=108 raw=aa55007b4ffe0000000000000000001458004e5354520405060708090a0b0c0d0e0f101112131415161718191a1b1c1d1e1f20212223242526272829...
[TCP] RX serial=14 dst=4F code=00 reg=0x00000006 len=1 raw=55aa0014fe4f000000000000060000000100bd56
[TCP] TX bytes=21 raw=aa5500144ffe00000000000006000000010001be56
[TCP] RX serial=88 dst=50 code=00 reg=0x00000002 len=2 raw=55aa0088fe500000000000000200000002002f57
[TCP] TX bytes=22 raw=aa55008850fe00000000000002000000020066069b57
[TCP] RX serial=C4 dst=50 code=00 reg=0x00000016 len=8 raw=55aa00c4fe500000000000001600000008008557
[TCP] TX bytes=28 raw=aa5500c450fe0000000000001600000008004d36363050010000bf58
[TCP] RX serial=58 dst=50 code=00 reg=0x14000000 len=88 raw=55aa0058fe500000000000000000001458006757
[TCP] TX bytes=108 raw=aa55005850fe0000000000000000001458004e5354520405060708090a0b0c0d0e0f101112131415161718191a1b1c1d1e1f20212223242526272829...
[TCP] RX serial=0D dst=50 code=00 reg=0x00000006 len=1 raw=55aa000dfe50000000000000060000000100b756
[TCP] TX bytes=21 raw=aa55000d50fe00000000000006000000010001b856
[TCP] RX serial=4C dst=51 code=00 reg=0x00000002 len=2 raw=55aa004cfe51000000000000020000000200f456
[TCP] TX bytes=22 raw=aa55004c51fe00000000000002000000020066066057
[TCP] RX serial=32 dst=51 code=00 reg=0x00000016 len=8 raw=55aa0032fe51000000000000160000000800f456
[TCP] TX bytes=28 raw=aa55003251fe0000000000001600000008004d363630510100002f58
[TCP] RX serial=19 dst=51 code=00 reg=0x14000000 len=88 raw=55aa0019fe510000000000000000001458002957
[TCP] TX bytes=108 raw=aa55001951fe0000000000000000001458004e5354520405060708090a0b0c0d0e0f101112131415161718191a1b1c1d1e1f20212223242526272829...
[TCP] RX serial=1A dst=51 code=00 reg=0x00000006 len=1 raw=55aa001afe51000000000000060000000100c556
[TCP] TX bytes=21 raw=aa55001a51fe00000000000006000000010001c656
[TCP] RX serial=20 dst=52 code=00 reg=0x00000002 len=2 raw=55aa0020fe52000000000000020000000200c956
[TCP] TX bytes=22 raw=aa55002052fe00000000000002000000020066063557
[TCP] RX serial=3F dst=52 code=00 reg=0x00000016 len=8 raw=55aa003ffe520000000000001600000008000257
[TCP] TX bytes=28 raw=aa55003f52fe0000000000001600000008004d363630520100003e58
[TCP] RX serial=0A dst=52 code=00 reg=0x14000000 len=88 raw=55aa000afe520000000000000000001458001b57
[TCP] TX bytes=108 raw=aa55000a52fe0000000000000000001458004e5354520405060708090a0b0c0d0e0f101112131415161718191a1b1c1d1e1f20212223242526272829...
[TCP] RX serial=B7 dst=52 code=00 reg=0x00000006 len=1 raw=55aa00b7fe520000000000000600000001006357
[TCP] TX bytes=21 raw=aa5500b752fe000000000000060000000100016457
[TCP] RX serial=F8 dst=53 code=00 reg=0x00000002 len=2 raw=55aa00f8fe53000000000000020000000200a257
[TCP] TX bytes=22 raw=aa5500f853fe00000000000002000000020066060e58
[TCP] RX serial=8B dst=53 code=00 reg=0x00000016 len=8 raw=55aa008bfe530000000000001600000008004f57
[TCP] TX bytes=28 raw=aa55008b53fe0000000000001600000008004d363630530100008c58
[TCP] RX serial=42 dst=53 code=00 reg=0x14000000 len=88 raw=55aa0042fe530000000000000000001458005457
[TCP] TX bytes=108 raw=aa55004253fe0000000000000000001458004e5354520405060708090a0b0c0d0e0f101112131415161718191a1b1c1d1e1f20212223242526272829...
[TCP] RX serial=C8 dst=53 code=00 reg=0x00000006 len=1 raw=55aa00c8fe530000000000000600000001007557
[TCP] TX bytes=21 raw=aa5500c853fe000000000000060000000100017657
[TCP] RX serial=63 dst=54 code=00 reg=0x00000002 len=2 raw=55aa0063fe540000000000000200000002000e57
[TCP] TX bytes=22 raw=aa55006354fe00000000000002000000020066067a57
[TCP] RX serial=FB dst=54 code=00 reg=0x00000016 len=8 raw=55aa00fbfe54000000000000160000000800c057
[TCP] TX bytes=28 raw=aa5500fb54fe0000000000001600000008004d36363054010000fe58
[TCP] RX serial=35 dst=54 code=00 reg=0x14000000 len=88 raw=55aa0035fe540000000000000000001458004857
[TCP] TX bytes=108 raw=aa55003554fe0000000000000000001458004e5354520405060708090a0b0c0d0e0f101112131415161718191a1b1c1d1e1f20212223242526272829...
[TCP] RX serial=15 dst=54 code=00 reg=0x00000006 len=1 raw=55aa0015fe54000000000000060000000100c356
[TCP] TX bytes=21 raw=aa55001554fe00000000000006000000010001c456
[TCP] RX serial=77 dst=55 code=00 reg=0x00000002 len=2 raw=55aa0077fe550000000000000200000002002357
[TCP] TX bytes=22 raw=aa55007755fe00000000000002000000020066068f57
[TCP] RX serial=2B dst=55 code=00 reg=0x00000016 len=8 raw=55aa002bfe55000000000000160000000800f156
[TCP] TX bytes=28 raw=aa55002b55fe0000000000001600000008004d363630550100003058
[TCP] RX serial=3C dst=55 code=00 reg=0x14000000 len=88 raw=55aa003cfe550000000000000000001458005057
[TCP] TX bytes=108 raw=aa55003c55fe0000000000000000001458004e5354520405060708090a0b0c0d0e0f101112131415161718191a1b1c1d1e1f20212223242526272829...
[TCP] RX serial=0D dst=55 code=00 reg=0x00000006 len=1 raw=55aa000dfe55000000000000060000000100bc56
[TCP] TX bytes=21 raw=aa55000d55fe00000000000006000000010001bd56
[TCP] RX serial=F1 dst=56 code=00 reg=0x00000002 len=2 raw=55aa00f1fe560000000000000200000002009e57
[TCP] TX bytes=22 raw=aa5500f156fe00000000000002000000020066060a58
[TCP] RX serial=A3 dst=56 code=00 reg=0x00000016 len=8 raw=55aa00a3fe560000000000001600000008006a57
[TCP] TX bytes=28 raw=aa5500a356fe0000000000001600000008004d36363056010000aa58
[TCP] RX serial=0F dst=56 code=00 reg=0x14000000 len=88 raw=55aa000ffe560000000000000000001458002457
[TCP] TX bytes=108 raw=aa55000f56fe0000000000000000001458004e5354520405060708090a0b0c0d0e0f101112131415161718191a1b1c1d1e1f20212223242526272829...
[TCP] RX serial=EB dst=56 code=00 reg=0x00000006 len=1 raw=55aa00ebfe560000000000000600000001009b57
[TCP] TX bytes=21 raw=aa5500eb56fe000000000000060000000100019c57
[TCP] RX serial=8D dst=57 code=00 reg=0x00000002 len=2 raw=55aa008dfe570000000000000200000002003b57
[TCP] TX bytes=22 raw=aa55008d57fe0000000000000200000002006606a757
[TCP] RX serial=92 dst=57 code=00 reg=0x00000016 len=8 raw=55aa0092fe570000000000001600000008005a57
[TCP] TX bytes=28 raw=aa55009257fe0000000000001600000008004d363630570100009b58
[TCP] RX serial=C4 dst=57 code=00 reg=0x14000000 len=88 raw=55aa00c4fe57000000000000000000145800da57
[TCP] TX bytes=108 raw=aa5500c457fe0000000000000000001458004e5354520405060708090a0b0c0d0e0f101112131415161718191a1b1c1d1e1f20212223242526272829...
[TCP] RX serial=98 dst=57 code=00 reg=0x00000006 len=1 raw=55aa0098fe570000000000000600000001004957
[TCP] TX bytes=21 raw=aa55009857fe000000000000060000000100014a57
[TCP] RX serial=26 dst=58 code=00 reg=0x00000002 len=2 raw=55aa0026fe58000000000000020000000200d556
[TCP] TX bytes=22 raw=aa55002658fe00000000000002000000020066064157
[TCP] RX serial=4A dst=58 code=00 reg=0x00000016 len=8 raw=55aa004afe580000000000001600000008001357
[TCP] TX bytes=28 raw=aa55004a58fe0000000000001600000008004d363630580100005558
[TCP] RX serial=62 dst=58 code=00 reg=0x14000000 len=88 raw=55aa0062fe580000000000000000001458007957
[TCP] TX bytes=108 raw=aa55006258fe0000000000000000001458004e5354520405060708090a0b0c0d0e0f101112131415161718191a1b1c1d1e1f20212223242526272829...
[TCP] RX serial=5E dst=58 code=00 reg=0x00000006 len=1 raw=55aa005efe580000000000000600000001001057
[TCP] TX bytes=21 raw=aa55005e58fe000000000000060000000100011157
[TCP] RX serial=BC dst=59 code=00 reg=0x00000002 len=2 raw=55aa00bcfe590000000000000200000002006c57
[TCP] TX bytes=22 raw=aa5500bc59fe0000000000000200000002006606d857
[TCP] RX serial=93 dst=59 code=00 reg=0x00000016 len=8 raw=55aa0093fe590000000000001600000008005d57
[TCP] TX bytes=28 raw=aa55009359fe0000000000001600000008004d36363059010000a058
[TCP] RX serial=2F dst=59 code=00 reg=0x14000000 len=88 raw=55aa002ffe590000000000000000001458004757
[TCP] TX bytes=108 raw=aa55002f59fe0000000000000000001458004e5354520405060708090a0b0c0d0e0f101112131415161718191a1b1c1d1e1f20212223242526272829...
[TCP] RX serial=FB dst=59 code=00 reg=0x00000006 len=1 raw=55aa00fbfe59000000000000060000000100ae57
[TCP] TX bytes=21 raw=aa5500fb59fe00000000000006000000010001af57
[TCP] RX serial=AC dst=5A code=00 reg=0x00000002 len=2 raw=55aa00acfe5a0000000000000200000002005d57
[TCP] TX bytes=22 raw=aa5500ac5afe0000000000000200000002006606c957
[TCP] RX serial=9F dst=5A code=00 reg=0x00000016 len=8 raw=55aa009ffe5a0000000000001600000008006a57
[TCP] TX bytes=28 raw=aa55009f5afe0000000000001600000008004d3636305a010000ae58
[TCP] RX serial=EC dst=5A code=00 reg=0x14000000 len=88 raw=55aa00ecfe5a0000000000000000001458000558
[TCP] TX bytes=108 raw=aa5500ec5afe0000000000000000001458004e5354520405060708090a0b0c0d0e0f101112131415161718191a1b1c1d1e1f20212223242526272829...
[TCP] RX serial=18 dst=5A code=00 reg=0x00000006 len=1 raw=55aa0018fe5a000000000000060000000100cc56
[TCP] TX bytes=21 raw=aa5500185afe00000000000006000000010001cd56
[TCP] RX serial=1D dst=5B code=00 reg=0x00000002 len=2 raw=55aa001dfe5b000000000000020000000200cf56
[TCP] TX bytes=22 raw=aa55001d5bfe00000000000002000000020066063b57
[TCP] RX serial=BC dst=5B code=00 reg=0x00000016 len=8 raw=55aa00bcfe5b0000000000001600000008008857
[TCP] TX bytes=28 raw=aa5500bc5bfe0000000000001600000008004d3636305b010000cd58
[TCP] RX serial=F1 dst=5B code=00 reg=0x14000000 len=88 raw=55aa00f1fe5b0000000000000000001458000b58
[TCP] TX bytes=108 raw=aa5500f15bfe0000000000000000001458004e5354520405060708090a0b0c0d0e0f101112131415161718191a1b1c1d1e1f20212223242526272829...
[TCP] RX serial=96 dst=5B code=00 reg=0x00000006 len=1 raw=55aa0096fe5b0000000000000600000001004b57
[TCP] TX bytes=21 raw=aa5500965bfe000000000000060000000100014c57
[TCP] RX serial=1F dst=5C code=00 reg=0x00000002 len=2 raw=55aa001ffe5c000000000000020000000200d256
[TCP] TX bytes=22 raw=aa55001f5cfe00000000000002000000020066063e57
[TCP] RX serial=9E dst=5C code=00 reg=0x00000016 len=8 raw=55aa009efe5c0000000000001600000008006b57
[TCP] TX bytes=28 raw=aa55009e5cfe0000000000001600000008004d3636305c010000b158
[TCP] RX serial=A6 dst=5C code=00 reg=0x14000000 len=88 raw=55aa00a6fe5c000000000000000000145800c157
[TCP] TX bytes=108 raw=aa5500a65cfe0000000000000000001458004e5354520405060708090a0b0c0d0e0f101112131415161718191a1b1c1d1e1f20212223242526272829...
[TCP] RX serial=E4 dst=5C code=00 reg=0x00000006 len=1 raw=55aa00e4fe5c0000000000000600000001009a57
[TCP] TX bytes=21 raw=aa5500e45cfe000000000000060000000100019b57
[TCP] RX serial=10 dst=5D code=00 reg=0x00000002 len=2 raw=55aa0010fe5d000000000000020000000200c456
[TCP] TX bytes=22 raw=aa5500105dfe00000000000002000000020066063057
[TCP] RX serial=66 dst=5D code=00 reg=0x00000016 len=8 raw=55aa0066fe5d0000000000001600000008003457
[TCP] TX bytes=28 raw=aa5500665dfe0000000000001600000008004d3636305d0100007b58
[TCP] RX serial=9C dst=5D code=00 reg=0x14000000 len=88 raw=55aa009cfe5d000000000000000000145800b857
[TCP] TX bytes=108 raw=aa55009c5dfe0000000000000000001458004e5354520405060708090a0b0c0d0e0f101112131415161718191a1b1c1d1e1f20212223242526272829...
[TCP] RX serial=5D dst=5D code=00 reg=0x00000006 len=1 raw=55aa005dfe5d0000000000000600000001001457
[TCP] TX bytes=21 raw=aa55005d5dfe000000000000060000000100011557
[TCP] RX serial=87 dst=5E code=00 reg=0x00000002 len=2 raw=55aa0087fe5e0000000000000200000002003c57
[TCP] TX bytes=22 raw=aa5500875efe0000000000000200000002006606a857
[TCP] RX serial=4B dst=5E code=00 reg=0x00000016 len=8 raw=55aa004bfe5e0000000000001600000008001a57
[TCP] TX bytes=28 raw=aa55004b5efe0000000000001600000008004d3636305e0100006258
[TCP] RX serial=1B dst=5E code=00 reg=0x14000000 len=88 raw=55aa001bfe5e0000000000000000001458003857
[TCP] TX bytes=108 raw=aa55001b5efe0000000000000000001458004e5354520405060708090a0b0c0d0e0f101112131415161718191a1b1c1d1e1f20212223242526272829...
[TCP] RX serial=A8 dst=5E code=00 reg=0x00000006 len=1 raw=55aa00a8fe5e0000000000000600000001006057
[TCP] TX bytes=21 raw=aa5500a85efe000000000000060000000100016157
[TCP] RX serial=23 dst=5F code=00 reg=0x00000002 len=2 raw=55aa0023fe5f000000000000020000000200d956
[TCP] TX bytes=22 raw=aa5500235ffe00000000000002000000020066064557
[TCP] RX serial=2D dst=5F code=00 reg=0x00000016 len=8 raw=55aa002dfe5f000000000000160000000800fd56
[TCP] TX bytes=28 raw=aa55002d5ffe0000000000001600000008004d3636305f0100004658
[TCP] RX serial=8B dst=5F code=00 reg=0x14000000 len=88 raw=55aa008bfe5f000000000000000000145800a957
[TCP] TX bytes=108 raw=aa55008b5ffe0000000000000000001458004e5354520405060708090a0b0c0d0e0f101112131415161718191a1b1c1d1e1f20212223242526272829...
[TCP] RX serial=8D dst=5F code=00 reg=0x00000006 len=1 raw=55aa008dfe5f0000000000000600000001004657
[TCP] TX bytes=21 raw=aa55008d5ffe000000000000060000000100014757
[TCP] RX serial=7A dst=60 code=00 reg=0x00000002 len=2 raw=55aa007afe600000000000000200000002003157
[TCP] TX bytes=22 raw=aa55007a60fe00000000000002000000020066069d57
[TCP] RX serial=71 dst=60 code=00 reg=0x00000016 len=8 raw=55aa0071fe600000000000001600000008004257
[TCP] TX bytes=28 raw=aa55007160fe0000000000001600000008004d363630600100008c58
[TCP] RX serial=91 dst=60 code=00 reg=0x14000000 len=88 raw=55aa0091fe60000000000000000000145800b057
[TCP] TX bytes=108 raw=aa55009160fe0000000000000000001458004e5354520405060708090a0b0c0d0e0f101112131415161718191a1b1c1d1e1f20212223242526272829...
[TCP] RX serial=AE dst=60 code=00 reg=0x00000006 len=1 raw=55aa00aefe600000000000000600000001006857
[TCP] TX bytes=21 raw=aa5500ae60fe000000000000060000000100016957
[TCP] RX serial=29 dst=61 code=00 reg=0x00000002 len=2 raw=55aa0029fe61000000000000020000000200e156
[TCP] TX bytes=22 raw=aa55002961fe00000000000002000000020066064d57
[TCP] RX serial=E2 dst=61 code=00 reg=0x00000016 len=8 raw=55aa00e2fe61000000000000160000000800b457
[TCP] TX bytes=28 raw=aa5500e261fe0000000000001600000008004d36363061010000ff58
[TCP] RX serial=0C dst=61 code=00 reg=0x14000000 len=88 raw=55aa000cfe610000000000000000001458002c57
[TCP] TX bytes=108 raw=aa55000c61fe0000000000000000001458004e5354520405060708090a0b0c0d0e0f101112131415161718191a1b1c1d1e1f20212223242526272829...
[TCP] RX serial=CE dst=61 code=00 reg=0x00000006 len=1 raw=55aa00cefe610000000000000600000001008957
[TCP] TX bytes=21 raw=aa5500ce61fe000000000000060000000100018a57
[TCP] RX serial=CC dst=62 code=00 reg=0x00000002 len=2 raw=55aa00ccfe620000000000000200000002008557
[TCP] TX bytes=22 raw=aa5500cc62fe0000000000000200000002006606f157
[TCP] RX serial=39 dst=62 code=00 reg=0x00000016 len=8 raw=55aa0039fe620000000000001600000008000c57
[TCP] TX bytes=28 raw=aa55003962fe0000000000001600000008004d363630620100005858
[TCP] RX serial=67 dst=62 code=00 reg=0x14000000 len=88 raw=55aa0067fe620000000000000000001458008857
[TCP] TX bytes=108 raw=aa55006762fe0000000000000000001458004e5354520405060708090a0b0c0d0e0f101112131415161718191a1b1c1d1e1f20212223242526272829...
[TCP] RX serial=D6 dst=62 code=00 reg=0x00000006 len=1 raw=55aa00d6fe620000000000000600000001009257
[TCP] TX bytes=21 raw=aa5500d662fe000000000000060000000100019357
[TCP] RX serial=3E dst=63 code=00 reg=0x00000002 len=2 raw=55aa003efe63000000000000020000000200f856
[TCP] TX bytes=22 raw=aa55003e63fe00000000000002000000020066066457
[TCP] RX serial=24 dst=63 code=00 reg=0x00000016 len=8 raw=55aa0024fe63000000000000160000000800f856
[TCP] TX bytes=28 raw=aa55002463fe0000000000001600000008004d363630630100004558
[TCP] RX serial=EE dst=63 code=00 reg=0x14000000 len=88 raw=55aa00eefe630000000000000000001458001058
[TCP] TX bytes=108 raw=aa5500ee63fe0000000000000000001458004e5354520405060708090a0b0c0d0e0f101112131415161718191a1b1c1d1e1f20212223242526272829...
[TCP] RX serial=35 dst=63 code=00 reg=0x00000006 len=1 raw=55aa0035fe63000000000000060000000100f256
[TCP] TX bytes=21 raw=aa55003563fe00000000000006000000010001f356
[TCP] RX serial=B0 dst=64 code=00 reg=0x00000002 len=2 raw=55aa00b0fe640000000000000200000002006b57
[TCP] TX bytes=22 raw=aa5500b064fe0000000000000200000002006606d757
[TCP] RX serial=77 dst=64 code=00 reg=0x00000016 len=8 raw=55aa0077fe640000000000001600000008004c57
[TCP] TX bytes=28 raw=aa55007764fe0000000000001600000008004d363630640100009a58
[TCP] RX serial=CB dst=64 code=00 reg=0x14000000 len=88 raw=55aa00cbfe64000000000000000000145800ee57
[TCP] TX bytes=108 raw=aa5500cb64fe0000000000000000001458004e5354520405060708090a0b0c0d0e0f101112131415161718191a1b1c1d1e1f20212223242526272829...
[TCP] RX serial=ED dst=64 code=00 reg=0x00000006 len=1 raw=55aa00edfe64000000000000060000000100ab57
[TCP] TX bytes=21 raw=aa5500ed64fe00000000000006000000010001ac57
[TCP] RX serial=EA dst=65 code=00 reg=0x00000002 len=2 raw=55aa00eafe65000000000000020000000200a657
[TCP] TX bytes=22 raw=aa5500ea65fe00000000000002000000020066061258
[TCP] RX serial=DE dst=65 code=00 reg=0x00000016 len=8 raw=55aa00defe65000000000000160000000800b457
[TCP] TX bytes=28 raw=aa5500de65fe0000000000001600000008004d363630650100000359
[TCP] RX serial=88 dst=65 code=00 reg=0x14000000 len=88 raw=55aa0088fe65000000000000000000145800ac57
[TCP] TX bytes=108 raw=aa55008865fe0000000000000000001458004e5354520405060708090a0b0c0d0e0f101112131415161718191a1b1c1d1e1f20212223242526272829...
[TCP] RX serial=BF dst=65 code=00 reg=0x00000006 len=1 raw=55aa00bffe650000000000000600000001007e57
[TCP] TX bytes=21 raw=aa5500bf65fe000000000000060000000100017f57
[TCP] RX serial=AD dst=66 code=00 reg=0x00000002 len=2 raw=55aa00adfe660000000000000200000002006a57
[TCP] TX bytes=22 raw=aa5500ad66fe0000000000000200000002006606d657
[TCP] RX serial=05 dst=66 code=00 reg=0x00000016 len=8 raw=55aa0005fe66000000000000160000000800dc56
[TCP] TX bytes=28 raw=aa55000566fe0000000000001600000008004d363630660100002c58
[TCP] RX serial=D6 dst=66 code=00 reg=0x14000000 len=88 raw=55aa00d6fe66000000000000000000145800fb57
[TCP] TX bytes=108 raw=aa5500d666fe0000000000000000001458004e5354520405060708090a0b0c0d0e0f101112131415161718191a1b1c1d1e1f20212223242526272829...
[TCP] RX serial=71 dst=66 code=00 reg=0x00000006 len=1 raw=55aa0071fe660000000000000600000001003157
[TCP] TX bytes=21 raw=aa55007166fe000000000000060000000100013257
[TCP] RX serial=78 dst=67 code=00 reg=0x00000002 len=2 raw=55aa0078fe670000000000000200000002003657
[TCP] TX bytes=22 raw=aa55007867fe0000000000000200000002006606a257
[TCP] RX serial=85 dst=67 code=00 reg=0x00000016 len=8 raw=55aa0085fe670000000000001600000008005d57
[TCP] TX bytes=28 raw=aa55008567fe0000000000001600000008004d36363067010000ae58
[TCP] RX serial=D7 dst=67 code=00 reg=0x14000000 len=88 raw=55aa00d7fe67000000000000000000145800fd57
[TCP] TX bytes=108 raw=aa5500d767fe0000000000000000001458004e5354520405060708090a0b0c0d0e0f101112131415161718191a1b1c1d1e1f20212223242526272829...
[TCP] RX serial=7F dst=67 code=00 reg=0x00000006 len=1 raw=55aa007ffe670000000000000600000001004057
[TCP] TX bytes=21 raw=aa55007f67fe000000000000060000000100014157
[TCP] RX serial=13 dst=68 code=00 reg=0x00000002 len=2 raw=55aa0013fe68000000000000020000000200d256
[TCP] TX bytes=22 raw=aa55001368fe00000000000002000000020066063e57
[TCP] RX serial=5F dst=68 code=00 reg=0x00000016 len=8 raw=55aa005ffe680000000000001600000008003857
[TCP] TX bytes=28 raw=aa55005f68fe0000000000001600000008004d363630680100008a58
[TCP] RX serial=9C dst=68 code=00 reg=0x14000000 len=88 raw=55aa009cfe68000000000000000000145800c357
[TCP] TX bytes=108 raw=aa55009c68fe0000000000000000001458004e5354520405060708090a0b0c0d0e0f101112131415161718191a1b1c1d1e1f20212223242526272829...
[TCP] RX serial=AB dst=68 code=00 reg=0x00000006 len=1 raw=55aa00abfe680000000000000600000001006d57
[TCP] TX bytes=21 raw=aa5500ab68fe000000000000060000000100016e57
[TCP] RX serial=2B dst=69 code=00 reg=0x00000002 len=2 raw=55aa002bfe69000000000000020000000200eb56
[TCP] TX bytes=22 raw=aa55002b69fe00000000000002000000020066065757
[TCP] RX serial=43 dst=69 code=00 reg=0x00000016 len=8 raw=55aa0043fe690000000000001600000008001d57
[TCP] TX bytes=28 raw=aa55004369fe0000000000001600000008004d363630690100007058
[TCP] RX serial=6C dst=69 code=00 reg=0x14000000 len=88 raw=55aa006cfe690000000000000000001458009457
[TCP] TX bytes=108 raw=aa55006c69fe0000000000000000001458004e5354520405060708090a0b0c0d0e0f101112131415161718191a1b1c1d1e1f20212223242526272829...
[TCP] RX serial=3B dst=69 code=00 reg=0x00000006 len=1 raw=55aa003bfe69000000000000060000000100fe56
[TCP] TX bytes=21 raw=aa55003b69fe00000000000006000000010001ff56
[TCP] RX serial=92 dst=6A code=00 reg=0x00000002 len=2 raw=55aa0092fe6a0000000000000200000002005357
[TCP] TX bytes=22 raw=aa5500926afe0000000000000200000002006606bf57
[TCP] RX serial=D6 dst=6A code=00 reg=0x00000016 len=8 raw=55aa00d6fe6a000000000000160000000800b157
[TCP] TX bytes=28 raw=aa5500d66afe0000000000001600000008004d3636306a0100000559
[TCP] RX serial=18 dst=6A code=00 reg=0x14000000 len=88 raw=55aa0018fe6a0000000000000000001458004157
[TCP] TX bytes=108 raw=aa5500186afe0000000000000000001458004e5354520405060708090a0b0c0d0e0f101112131415161718191a1b1c1d1e1f20212223242526272829...
[TCP] RX serial=D5 dst=6A code=00 reg=0x00000006 len=1 raw=55aa00d5fe6a0000000000000600000001009957
[TCP] TX bytes=21 raw=aa5500d56afe000000000000060000000100019a57
[TCP] RX serial=FD dst=6B code=00 reg=0x00000002 len=2 raw=55aa00fdfe6b000000000000020000000200bf57
[TCP] TX bytes=22 raw=aa5500fd6bfe00000000000002000000020066062b58
[TCP] RX serial=C4 dst=6B code=00 reg=0x00000016 len=8 raw=55aa00c4fe6b000000000000160000000800a057
[TCP] TX bytes=28 raw=aa5500c46bfe0000000000001600000008004d3636306b010000f558
[TCP] RX serial=1F dst=6B code=00 reg=0x14000000 len=88 raw=55aa001ffe6b0000000000000000001458004957
[TCP] TX bytes=108 raw=aa55001f6bfe0000000000000000001458004e5354520405060708090a0b0c0d0e0f101112131415161718191a1b1c1d1e1f20212223242526272829...
[TCP] RX serial=62 dst=6B code=00 reg=0x00000006 len=1 raw=55aa0062fe6b0000000000000600000001002757
[TCP] TX bytes=21 raw=aa5500626bfe000000000000060000000100012857
[TCP] RX serial=5B dst=6C code=00 reg=0x00000002 len=2 raw=55aa005bfe6c0000000000000200000002001e57
[TCP] TX bytes=22 raw=aa55005b6cfe00000000000002000000020066068a57
[TCP] RX serial=E4 dst=6C code=00 reg=0x00000016 len=8 raw=55aa00e4fe6c000000000000160000000800c157
[TCP] TX bytes=28 raw=aa5500e46cfe0000000000001600000008004d3636306c0100001759
[TCP] RX serial=F6 dst=6C code=00 reg=0x14000000 len=88 raw=55aa00f6fe6c0000000000000000001458002158
[TCP] TX bytes=108 raw=aa5500f66cfe0000000000000000001458004e5354520405060708090a0b0c0d0e0f101112131415161718191a1b1c1d1e1f20212223242526272829...
[TCP] RX serial=AA dst=6C code=00 reg=0x00000006 len=1 raw=55aa00aafe6c0000000000000600000001007057
[TCP] TX bytes=21 raw=aa5500aa6cfe000000000000060000000100017157
[TCP] RX serial=60 dst=6D code=00 reg=0x00000002 len=2 raw=55aa0060fe6d0000000000000200000002002457
[TCP] TX bytes=22 raw=aa5500606dfe00000000000002000000020066069057
[TCP] RX serial=9D dst=6D code=00 reg=0x00000016 len=8 raw=55aa009dfe6d0000000000001600000008007b57
[TCP] TX bytes=28 raw=aa55009d6dfe0000000000001600000008004d3636306d010000d258
[TCP] RX serial=A1 dst=6D code=00 reg=0x14000000 len=88 raw=55aa00a1fe6d000000000000000000145800cd57
[TCP] TX bytes=108 raw=aa5500a16dfe0000000000000000001458004e5354520405060708090a0b0c0d0e0f101112131415161718191a1b1c1d1e1f20212223242526272829...
[TCP] RX serial=9A dst=6D code=00 reg=0x00000006 len=1 raw=55aa009afe6d0000000000000600000001006157
[TCP] TX bytes=21 raw=aa55009a6dfe000000000000060000000100016257
[TCP] RX serial=E8 dst=6E code=00 reg=0x00000002 len=2 raw=55aa00e8fe6e000000000000020000000200ad57
[TCP] TX bytes=22 raw=aa5500e86efe00000000000002000000020066061958
[TCP] RX serial=D0 dst=6E code=00 reg=0x00000016 len=8 raw=55aa00d0fe6e000000000000160000000800af57
[TCP] TX bytes=28 raw=aa5500d06efe0000000000001600000008004d3636306e0100000759
[TCP] RX serial=00 dst=6E code=00 reg=0x14000000 len=88 raw=55aa0000fe6e0000000000000000001458002d57
[TCP] TX bytes=108 raw=aa5500006efe0000000000000000001458004e5354520405060708090a0b0c0d0e0f101112131415161718191a1b1c1d1e1f20212223242526272829...
[TCP] RX serial=24 dst=6E code=00 reg=0x00000006 len=1 raw=55aa0024fe6e000000000000060000000100ec56
[TCP] TX bytes=21 raw=aa5500246efe00000000000006000000010001ed56
[TCP] RX serial=0C dst=6F code=00 reg=0x00000002 len=2 raw=55aa000cfe6f000000000000020000000200d256
[TCP] TX bytes=22 raw=aa55000c6ffe00000000000002000000020066063e57
[TCP] RX serial=9A dst=6F code=00 reg=0x00000016 len=8 raw=55aa009afe6f0000000000001600000008007a57
[TCP] TX bytes=28 raw=aa55009a6ffe0000000000001600000008004d3636306f010000d358
[TCP] RX serial=56 dst=6F code=00 reg=0x14000000 len=88 raw=55aa0056fe6f0000000000000000001458008457
[TCP] TX bytes=108 raw=aa5500566ffe0000000000000000001458004e5354520405060708090a0b0c0d0e0f101112131415161718191a1b1c1d1e1f20212223242526272829...
[TCP] RX serial=46 dst=6F code=00 reg=0x00000006 len=1 raw=55aa0046fe6f0000000000000600000001000f57
[TCP] TX bytes=21 raw=aa5500466ffe000000000000060000000100011057
[TCP] RX serial=60 dst=70 code=00 reg=0x00000002 len=2 raw=55aa0060fe700000000000000200000002002757
[TCP] TX bytes=22 raw=aa55006070fe00000000000002000000020066069357
[TCP] RX serial=E7 dst=70 code=00 reg=0x00000016 len=8 raw=55aa00e7fe70000000000000160000000800c857
[TCP] TX bytes=28 raw=aa5500e770fe0000000000001600000008004d363630700100002259
[TCP] RX serial=C2 dst=70 code=00 reg=0x14000000 len=88 raw=55aa00c2fe70000000000000000000145800f157
[TCP] TX bytes=108 raw=aa5500c270fe0000000000000000001458004e5354520405060708090a0b0c0d0e0f101112131415161718191a1b1c1d1e1f20212223242526272829...
[TCP] RX serial=DD dst=70 code=00 reg=0x00000006 len=1 raw=55aa00ddfe70000000000000060000000100a757
[TCP] TX bytes=21 raw=aa5500dd70fe00000000000006000000010001a857
[TCP] RX serial=86 dst=71 code=00 reg=0x00000002 len=2 raw=55aa0086fe710000000000000200000002004e57
[TCP] TX bytes=22 raw=aa55008671fe0000000000000200000002006606ba57
[TCP] RX serial=43 dst=71 code=00 reg=0x00000016 len=8 raw=55aa0043fe710000000000001600000008002557
[TCP] TX bytes=28 raw=aa55004371fe0000000000001600000008004d363630710100008058
[TCP] RX serial=09 dst=71 code=00 reg=0x14000000 len=88 raw=55aa0009fe710000000000000000001458003957
[TCP] TX bytes=108 raw=aa55000971fe0000000000000000001458004e5354520405060708090a0b0c0d0e0f101112131415161718191a1b1c1d1e1f20212223242526272829...
[TCP] RX serial=6D dst=71 code=00 reg=0x00000006 len=1 raw=55aa006dfe710000000000000600000001003857
[TCP] TX bytes=21 raw=aa55006d71fe000000000000060000000100013957
[TCP] RX serial=0B dst=72 code=00 reg=0x00000002 len=2 raw=55aa000bfe72000000000000020000000200d456
[TCP] TX bytes=22 raw=aa55000b72fe00000000000002000000020066064057
[TCP] RX serial=8F dst=72 code=00 reg=0x00000016 len=8 raw=55aa008ffe720000000000001600000008007257
[TCP] TX bytes=28 raw=aa55008f72fe0000000000001600000008004d36363072010000ce58
[TCP] RX serial=5B dst=72 code=00 reg=0x14000000 len=88 raw=55aa005bfe720000000000000000001458008c57
[TCP] TX bytes=108 raw=aa55005b72fe0000000000000000001458004e5354520405060708090a0b0c0d0e0f101112131415161718191a1b1c1d1e1f20212223242526272829...
[TCP] RX serial=14 dst=72 code=00 reg=0x00000006 len=1 raw=55aa0014fe72000000000000060000000100e056
[TCP] TX bytes=21 raw=aa55001472fe00000000000006000000010001e156
[TCP] RX serial=C6 dst=73 code=00 reg=0x00000002 len=2 raw=55aa00c6fe730000000000000200000002009057
[TCP] TX bytes=22 raw=aa5500c673fe0000000000000200000002006606fc57
[TCP] RX serial=B1 dst=73 code=00 reg=0x00000016 len=8 raw=55aa00b1fe730000000000001600000008009557
[TCP] TX bytes=28 raw=aa5500b173fe0000000000001600000008004d36363073010000f258
[TCP] RX serial=C1 dst=73 code=00 reg=0x14000000 len=88 raw=55aa00c1fe73000000000000000000145800f357
[TCP] TX bytes=108 raw=aa5500c173fe0000000000000000001458004e5354520405060708090a0b0c0d0e0f101112131415161718191a1b1c1d1e1f20212223242526272829...
[TCP] RX serial=E7 dst=73 code=00 reg=0x00000006 len=1 raw=55aa00e7fe73000000000000060000000100b457
[TCP] TX bytes=21 raw=aa5500e773fe00000000000006000000010001b557
[TCP] RX serial=E5 dst=74 code=00 reg=0x00000002 len=2 raw=55aa00e5fe74000000000000020000000200b057
[TCP] TX bytes=22 raw=aa5500e574fe00000000000002000000020066061c58
[TCP] RX serial=73 dst=74 code=00 reg=0x00000016 len=8 raw=55aa0073fe740000000000001600000008005857
[TCP] TX bytes=28 raw=aa55007374fe0000000000001600000008004d36363074010000b658
[TCP] RX serial=15 dst=74 code=00 reg=0x14000000 len=88 raw=55aa0015fe740000000000000000001458004857
[TCP] TX bytes=108 raw=aa55001574fe0000000000000000001458004e5354520405060708090a0b0c0d0e0f101112131415161718191a1b1c1d1e1f20212223242526272829...
[TCP] RX serial=92 dst=74 code=00 reg=0x00000006 len=1 raw=55aa0092fe740000000000000600000001006057
[TCP] TX bytes=21 raw=aa55009274fe000000000000060000000100016157
[TCP] RX serial=8D dst=75 code=00 reg=0x00000002 len=2 raw=55aa008dfe750000000000000200000002005957
[TCP] TX bytes=22 raw=aa55008d75fe0000000000000200000002006606c557
[TCP] RX serial=2D dst=75 code=00 reg=0x00000016 len=8 raw=55aa002dfe750000000000001600000008001357
[TCP] TX bytes=28 raw=aa55002d75fe0000000000001600000008004d363630750100007258
[TCP] RX serial=1E dst=75 code=00 reg=0x14000000 len=88 raw=55aa001efe750000000000000000001458005257
[TCP] TX bytes=108 raw=aa55001e75fe0000000000000000001458004e5354520405060708090a0b0c0d0e0f101112131415161718191a1b1c1d1e1f20212223242526272829...
[TCP] RX serial=75 dst=75 code=00 reg=0x00000006 len=1 raw=55aa0075fe750000000000000600000001004457
[TCP] TX bytes=21 raw=aa55007575fe000000000000060000000100014557
[TCP] RX serial=BD dst=76 code=00 reg=0x00000002 len=2 raw=55aa00bdfe760000000000000200000002008a57
[TCP] TX bytes=22 raw=aa5500bd76fe0000000000000200000002006606f657
[TCP] RX serial=02 dst=76 code=00 reg=0x00000016 len=8 raw=55aa0002fe76000000000000160000000800e956
[TCP] TX bytes=28 raw=aa55000276fe0000000000001600000008004d363630760100004958
[TCP] RX serial=C2 dst=76 code=00 reg=0x14000000 len=88 raw=55aa00c2fe76000000000000000000145800f757
[TCP] TX bytes=108 raw=aa5500c276fe0000000000000000001458004e5354520405060708090a0b0c0d0e0f101112131415161718191a1b1c1d1e1f20212223242526272829...
[TCP] RX serial=59 dst=76 code=00 reg=0x00000006 len=1 raw=55aa0059fe760000000000000600000001002957
[TCP] TX bytes=21 raw=aa55005976fe000000000000060000000100012a57
[TCP] RX serial=42 dst=77 code=00 reg=0x00000002 len=2 raw=55aa0042fe770000000000000200000002001057
[TCP] TX bytes=22 raw=aa55004277fe00000000000002000000020066067c57
[TCP] RX serial=48 dst=77 code=00 reg=0x00000016 len=8 raw=55aa0048fe770000000000001600000008003057
[TCP] TX bytes=28 raw=aa55004877fe0000000000001600000008004d363630770100009158
[TCP] RX serial=2F dst=77 code=00 reg=0x14000000 len=88 raw=55aa002ffe770000000000000000001458006557
[TCP] TX bytes=108 raw=aa55002f77fe0000000000000000001458004e5354520405060708090a0b0c0d0e0f101112131415161718191a1b1c1d1e1f20212223242526272829...
[TCP] RX serial=F7 dst=77 code=00 reg=0x00000006 len=1 raw=55aa00f7fe77000000000000060000000100c857
[TCP] TX bytes=21 raw=aa5500f777fe00000000000006000000010001c957
[TCP] RX serial=80 dst=78 code=00 reg=0x00000002 len=2 raw=55aa0080fe780000000000000200000002004f57
[TCP] TX bytes=22 raw=aa55008078fe0000000000000200000002006606bb57
[TCP] RX serial=D0 dst=78 code=00 reg=0x00000016 len=8 raw=55aa00d0fe78000000000000160000000800b957
[TCP] TX bytes=28 raw=aa5500d078fe0000000000001600000008004d363630780100001b59
[TCP] RX serial=75 dst=78 code=00 reg=0x14000000 len=88 raw=55aa0075fe78000000000000000000145800ac57
[TCP] TX bytes=108 raw=aa55007578fe0000000000000000001458004e5354520405060708090a0b0c0d0e0f101112131415161718191a1b1c1d1e1f20212223242526272829...
[TCP] RX serial=16 dst=78 code=00 reg=0x00000006 len=1 raw=55aa0016fe78000000000000060000000100e856
[TCP] TX bytes=21 raw=aa55001678fe00000000000006000000010001e956
[TCP] RX serial=02 dst=79 code=00 reg=0x00000002 len=2 raw=55aa0002fe79000000000000020000000200d256
[TCP] TX bytes=22 raw=aa55000279fe00000000000002000000020066063e57
[TCP] RX serial=40 dst=79 code=00 reg=0x00000016 len=8 raw=55aa0040fe790000000000001600000008002a57
[TCP] TX bytes=28 raw=aa55004079fe0000000000001600000008004d363630790100008d58
[TCP] RX serial=DB dst=79 code=00 reg=0x14000000 len=88 raw=55aa00dbfe790000000000000000001458001358
[TCP] TX bytes=108 raw=aa5500db79fe0000000000000000001458004e5354520405060708090a0b0c0d0e0f101112131415161718191a1b1c1d1e1f20212223242526272829...
[TCP] RX serial=18 dst=79 code=00 reg=0x00000006 len=1 raw=55aa0018fe79000000000000060000000100eb56
[TCP] TX bytes=21 raw=aa55001879fe00000000000006000000010001ec56
[TCP] RX serial=DB dst=7A code=00 reg=0x00000002 len=2 raw=55aa00dbfe7a000000000000020000000200ac57
[TCP] TX bytes=22 raw=aa5500db7afe00000000000002000000020066061858
[TCP] RX serial=89 dst=7A code=00 reg=0x00000016 len=8 raw=55aa0089fe7a0000000000001600000008007457
[TCP] TX bytes=28 raw=aa5500897afe0000000000001600000008004d3636307a010000d858
[TCP] RX serial=9F dst=7A code=00 reg=0x14000000 len=88 raw=55aa009ffe7a000000000000000000145800d857
[TCP] TX bytes=108 raw=aa55009f7afe0000000000000000001458004e5354520405060708090a0b0c0d0e0f101112131415161718191a1b1c1d1e1f20212223242526272829...
[TCP] RX serial=CF dst=7A code=00 reg=0x00000006 len=1 raw=55aa00cffe7a000000000000060000000100a357
[TCP] TX bytes=21 raw=aa5500cf7afe00000000000006000000010001a457
[TCP] RX serial=41 dst=7B code=00 reg=0x00000002 len=2 raw=55aa0041fe7b0000000000000200000002001357
[TCP] TX bytes=22 raw=aa5500417bfe00000000000002000000020066067f57
[TCP] RX serial=8D dst=7B code=00 reg=0x00000016 len=8 raw=55aa008dfe7b0000000000001600000008007957
[TCP] TX bytes=28 raw=aa55008d7bfe0000000000001600000008004d3636307b010000de58
[TCP] RX serial=D3 dst=7B code=00 reg=0x14000000 len=88 raw=55aa00d3fe7b0000000000000000001458000d58
[TCP] TX bytes=108 raw=aa5500d37bfe0000000000000000001458004e5354520405060708090a0b0c0d0e0f101112131415161718191a1b1c1d1e1f20212223242526272829...
[TCP] RX serial=36 dst=7B code=00 reg=0x00000006 len=1 raw=55aa0036fe7b0000000000000600000001000b57
[TCP] TX bytes=21 raw=aa5500367bfe000000000000060000000100010c57
[TCP] RX serial=0F dst=7C code=00 reg=0x00000002 len=2 raw=55aa000ffe7c000000000000020000000200e256
[TCP] TX bytes=22 raw=aa55000f7cfe00000000000002000000020066064e57
[TCP] RX serial=17 dst=7C code=00 reg=0x00000016 len=8 raw=55aa0017fe7c0000000000001600000008000457
[TCP] TX bytes=28 raw=aa5500177cfe0000000000001600000008004d3636307c0100006a58
[TCP] RX serial=3E dst=7C code=00 reg=0x14000000 len=88 raw=55aa003efe7c0000000000000000001458007957
[TCP] TX bytes=108 raw=aa55003e7cfe0000000000000000001458004e5354520405060708090a0b0c0d0e0f101112131415161718191a1b1c1d1e1f20212223242526272829...
[TCP] RX serial=97 dst=7C code=00 reg=0x00000006 len=1 raw=55aa0097fe7c0000000000000600000001006d57
[TCP] TX bytes=21 raw=aa5500977cfe000000000000060000000100016e57
[TCP] RX serial=85 dst=7D code=00 reg=0x00000002 len=2 raw=55aa0085fe7d0000000000000200000002005957
[TCP] TX bytes=22 raw=aa5500857dfe0000000000000200000002006606c557
[TCP] RX serial=C3 dst=7D code=00 reg=0x00000016 len=8 raw=55aa00c3fe7d000000000000160000000800b157
[TCP] TX bytes=28 raw=aa5500c37dfe0000000000001600000008004d3636307d0100001859
[TCP] RX serial=B7 dst=7D code=00 reg=0x14000000 len=88 raw=55aa00b7fe7d000000000000000000145800f357
[TCP] TX bytes=108 raw=aa5500b77dfe0000000000000000001458004e5354520405060708090a0b0c0d0e0f101112131415161718191a1b1c1d1e1f20212223242526272829...
[TCP] RX serial=32 dst=7D code=00 reg=0x00000006 len=1 raw=55aa0032fe7d0000000000000600000001000957
[TCP] TX bytes=21 raw=aa5500327dfe000000000000060000000100010a57
[TCP] RX serial=C8 dst=7E code=00 reg=0x00000002 len=2 raw=55aa00c8fe7e0000000000000200000002009d57
[TCP] TX bytes=22 raw=aa5500c87efe00000000000002000000020066060958
[TCP] RX serial=4C dst=7E code=00 reg=0x00000016 len=8 raw=55aa004cfe7e0000000000001600000008003b57
[TCP] TX bytes=28 raw=aa55004c7efe0000000000001600000008004d3636307e010000a358
[TCP] RX serial=20 dst=7E code=00 reg=0x14000000 len=88 raw=55aa0020fe7e0000000000000000001458005d57
[TCP] TX bytes=108 raw=aa5500207efe0000000000000000001458004e5354520405060708090a0b0c0d0e0f101112131415161718191a1b1c1d1e1f20212223242526272829...
[TCP] RX serial=84 dst=7E code=00 reg=0x00000006 len=1 raw=55aa0084fe7e0000000000000600000001005c57
[TCP] TX bytes=21 raw=aa5500847efe000000000000060000000100015d57
[TCP] RX serial=7F dst=7F code=00 reg=0x00000002 len=2 raw=55aa007ffe7f0000000000000200000002005557
[TCP] TX bytes=22 raw=aa55007f7ffe0000000000000200000002006606c157
[TCP] RX serial=AE dst=7F code=00 reg=0x00000016 len=8 raw=55aa00aefe7f0000000000001600000008009e57
[TCP] TX bytes=28 raw=aa5500ae7ffe0000000000001600000008004d3636307f0100000759
[TCP] RX serial=2A dst=7F code=00 reg=0x14000000 len=88 raw=55aa002afe7f0000000000000000001458006857
[TCP] TX bytes=108 raw=aa55002a7ffe0000000000000000001458004e5354520405060708090a0b0c0d0e0f101112131415161718191a1b1c1d1e1f20212223242526272829...
[TCP] RX serial=C1 dst=7F code=00 reg=0x00000006 len=1 raw=55aa00c1fe7f0000000000000600000001009a57
[TCP] TX bytes=21 raw=aa5500c17ffe000000000000060000000100019b57
[TCP] RX serial=60 dst=80 code=00 reg=0x00000002 len=2 raw=55aa0060fe800000000000000200000002003757
[TCP] TX bytes=22 raw=aa55006080fe0000000000000200000002006606a357
[TCP] RX serial=62 dst=80 code=00 reg=0x00000016 len=8 raw=55aa0062fe800000000000001600000008005357
[TCP] TX bytes=28 raw=aa55006280fe0000000000001600000008004d36363080010000bd58
[TCP] RX serial=92 dst=80 code=00 reg=0x14000000 len=88 raw=55aa0092fe80000000000000000000145800d157
[TCP] TX bytes=108 raw=aa55009280fe0000000000000000001458004e5354520405060708090a0b0c0d0e0f101112131415161718191a1b1c1d1e1f20212223242526272829...
[TCP] RX serial=F4 dst=80 code=00 reg=0x00000006 len=1 raw=55aa00f4fe80000000000000060000000100ce57
[TCP] TX bytes=21 raw=aa5500f480fe00000000000006000000010001cf57
[TCP] RX serial=3C dst=81 code=00 reg=0x00000002 len=2 raw=55aa003cfe810000000000000200000002001457
[TCP] TX bytes=22 raw=aa55003c81fe00000000000002000000020066068057
[TCP] RX serial=AB dst=81 code=00 reg=0x00000016 len=8 raw=55aa00abfe810000000000001600000008009d57
[TCP] TX bytes=28 raw=aa5500ab81fe0000000000001600000008004d363630810100000859
[TCP] RX serial=E5 dst=81 code=00 reg=0x14000000 len=88 raw=55aa00e5fe810000000000000000001458002558
[TCP] TX bytes=108 raw=aa5500e581fe0000000000000000001458004e5354520405060708090a0b0c0d0e0f101112131415161718191a1b1c1d1e1f20212223242526272829...
[TCP] RX serial=A4 dst=81 code=00 reg=0x00000006 len=1 raw=55aa00a4fe810000000000000600000001007f57
[TCP] TX bytes=21 raw=aa5500a481fe000000000000060000000100018057
[TCP] RX serial=97 dst=82 code=00 reg=0x00000002 len=2 raw=55aa0097fe820000000000000200000002007057
[TCP] TX bytes=22 raw=aa55009782fe0000000000000200000002006606dc57
[TCP] RX serial=FB dst=82 code=00 reg=0x00000016 len=8 raw=55aa00fbfe82000000000000160000000800ee57
[TCP] TX bytes=28 raw=aa5500fb82fe0000000000001600000008004d363630820100005a59
[TCP] RX serial=B6 dst=82 code=00 reg=0x14000000 len=88 raw=55aa00b6fe82000000000000000000145800f757
[TCP] TX bytes=108 raw=aa5500b682fe0000000000000000001458004e5354520405060708090a0b0c0d0e0f101112131415161718191a1b1c1d1e1f20212223242526272829...
[TCP] RX serial=04 dst=82 code=00 reg=0x00000006 len=1 raw=55aa0004fe82000000000000060000000100e056
[TCP] TX bytes=21 raw=aa55000482fe00000000000006000000010001e156
[TCP] RX serial=8C dst=83 code=00 reg=0x00000002 len=2 raw=55aa008cfe830000000000000200000002006657
[TCP] TX bytes=22 raw=aa55008c83fe0000000000000200000002006606d257
[TCP] RX serial=4E dst=83 code=00 reg=0x00000016 len=8 raw=55aa004efe830000000000001600000008004257
[TCP] TX bytes=28 raw=aa55004e83fe0000000000001600000008004d36363083010000af58
[TCP] RX serial=33 dst=83 code=00 reg=0x14000000 len=88 raw=55aa0033fe830000000000000000001458007557
[TCP] TX bytes=108 raw=aa55003383fe0000000000000000001458004e5354520405060708090a0b0c0d0e0f101112131415161718191a1b1c1d1e1f20212223242526272829...
[TCP] RX serial=30 dst=83 code=00 reg=0x00000006 len=1 raw=55aa0030fe830000000000000600000001000d57
[TCP] TX bytes=21 raw=aa55003083fe000000000000060000000100010e57
[TCP] RX serial=2D dst=84 code=00 reg=0x00000002 len=2 raw=55aa002dfe840000000000000200000002000857
[TCP] TX bytes=22 raw=aa55002d84fe00000000000002000000020066067457
[TCP] RX serial=8B dst=84 code=00 reg=0x00000016 len=8 raw=55aa008bfe840000000000001600000008008057
[TCP] TX bytes=28 raw=aa55008b84fe0000000000001600000008004d36363084010000ee58
[TCP] RX serial=4A dst=84 code=00 reg=0x14000000 len=88 raw=55aa004afe840000000000000000001458008d57
[TCP] TX bytes=108 raw=aa55004a84fe0000000000000000001458004e5354520405060708090a0b0c0d0e0f101112131415161718191a1b1c1d1e1f20212223242526272829...
[TCP] RX serial=2B dst=84 code=00 reg=0x00000006 len=1 raw=55aa002bfe840000000000000600000001000957
[TCP] TX bytes=21 raw=aa55002b84fe000000000000060000000100010a57
[TCP] RX serial=0A dst=85 code=00 reg=0x00000002 len=2 raw=55aa000afe85000000000000020000000200e656
[TCP] TX bytes=22 raw=aa55000a85fe00000000000002000000020066065257
[TCP] RX serial=96 dst=85 code=00 reg=0x00000016 len=8 raw=55aa0096fe850000000000001600000008008c57
[TCP] TX bytes=28 raw=aa55009685fe0000000000001600000008004d36363085010000fb58
[TCP] RX serial=72 dst=85 code=00 reg=0x14000000 len=88 raw=55aa0072fe85000000000000000000145800b657
[TCP] TX bytes=108 raw=aa55007285fe0000000000000000001458004e5354520405060708090a0b0c0d0e0f101112131415161718191a1b1c1d1e1f20212223242526272829...
[TCP] RX serial=BB dst=85 code=00 reg=0x00000006 len=1 raw=55aa00bbfe850000000000000600000001009a57
[TCP] TX bytes=21 raw=aa5500bb85fe000000000000060000000100019b57
[TCP] RX serial=18 dst=86 code=00 reg=0x00000002 len=2 raw=55aa0018fe86000000000000020000000200f556
[TCP] TX bytes=22 raw=aa55001886fe00000000000002000000020066066157
[TCP] RX serial=42 dst=86 code=00 reg=0x00000016 len=8 raw=55aa0042fe860000000000001600000008003957
[TCP] TX bytes=28 raw=aa55004286fe0000000000001600000008004d36363086010000a958
[TCP] RX serial=4C dst=86 code=00 reg=0x14000000 len=88 raw=55aa004cfe860000000000000000001458009157
[TCP] TX bytes=108 raw=aa55004c86fe0000000000000000001458004e5354520405060708090a0b0c0d0e0f101112131415161718191a1b1c1d1e1f20212223242526272829...
[TCP] RX serial=B4 dst=86 code=00 reg=0x00000006 len=1 raw=55aa00b4fe860000000000000600000001009457
[TCP] TX bytes=21 raw=aa5500b486fe000000000000060000000100019557
[TCP] RX serial=20 dst=87 code=00 reg=0x00000002 len=2 raw=55aa0020fe87000000000000020000000200fe56
[TCP] TX bytes=22 raw=aa55002087fe00000000000002000000020066066a57
[TCP] RX serial=57 dst=87 code=00 reg=0x00000016 len=8 raw=55aa0057fe870000000000001600000008004f57
[TCP] TX bytes=28 raw=aa55005787fe0000000000001600000008004d36363087010000c058
[TCP] RX serial=97 dst=87 code=00 reg=0x14000000 len=88 raw=55aa0097fe87000000000000000000145800dd57
[TCP] TX bytes=108 raw=aa55009787fe0000000000000000001458004e5354520405060708090a0b0c0d0e0f101112131415161718191a1b1c1d1e1f20212223242526272829...
[TCP] RX serial=2C dst=87 code=00 reg=0x00000006 len=1 raw=55aa002cfe870000000000000600000001000d57
[TCP] TX bytes=21 raw=aa55002c87fe000000000000060000000100010e57
[TCP] RX serial=5F dst=88 code=00 reg=0x00000002 len=2 raw=55aa005ffe880000000000000200000002003e57
[TCP] TX bytes=22 raw=aa55005f88fe0000000000000200000002006606aa57
[TCP] RX serial=DC dst=88 code=00 reg=0x00000016 len=8 raw=55aa00dcfe88000000000000160000000800d557
[TCP] TX bytes=28 raw=aa5500dc88fe0000000000001600000008004d363630880100004759
[TCP] RX serial=6F dst=88 code=00 reg=0x14000000 len=88 raw=55aa006ffe88000000000000000000145800b657
[TCP] TX bytes=108 raw=aa55006f88fe0000000000000000001458004e5354520405060708090a0b0c0d0e0f101112131415161718191a1b1c1d1e1f20212223242526272829...
[TCP] RX serial=DE dst=88 code=00 reg=0x00000006 len=1 raw=55aa00defe88000000000000060000000100c057
[TCP] TX bytes=21 raw=aa5500de88fe00000000000006000000010001c157
[TCP] RX serial=F9 dst=89 code=00 reg=0x00000002 len=2 raw=55aa00f9fe89000000000000020000000200d957
[TCP] TX bytes=22 raw=aa5500f989fe00000000000002000000020066064558
[TCP] RX serial=DD dst=89 code=00 reg=0x00000016 len=8 raw=55aa00ddfe89000000000000160000000800d757
[TCP] TX bytes=28 raw=aa5500dd89fe0000000000001600000008004d363630890100004a59
[TCP] RX serial=F9 dst=89 code=00 reg=0x14000000 len=88 raw=55aa00f9fe890000000000000000001458004158
[TCP] TX bytes=108 raw=aa5500f989fe0000000000000000001458004e5354520405060708090a0b0c0d0e0f101112131415161718191a1b1c1d1e1f20212223242526272829...
[TCP] RX serial=63 dst=89 code=00 reg=0x00000006 len=1 raw=55aa0063fe890000000000000600000001004657
[TCP] TX bytes=21 raw=aa55006389fe000000000000060000000100014757
[TCP] RX serial=30 dst=8A code=00 reg=0x00000002 len=2 raw=55aa0030fe8a0000000000000200000002001157
[TCP] TX bytes=22 raw=aa5500308afe00000000000002000000020066067d57
[TCP] RX serial=98 dst=8A code=00 reg=0x00000016 len=8 raw=55aa0098fe8a0000000000001600000008009357
[TCP] TX bytes=28 raw=aa5500988afe0000000000001600000008004d3636308a0100000759
[TCP] RX serial=00 dst=8A code=00 reg=0x14000000 len=88 raw=55aa0000fe8a0000000000000000001458004957
[TCP] TX bytes=108 raw=aa5500008afe0000000000000000001458004e5354520405060708090a0b0c0d0e0f101112131415161718191a1b1c1d1e1f20212223242526272829...
[TCP] RX serial=88 dst=8A code=00 reg=0x00000006 len=1 raw=55aa0088fe8a0000000000000600000001006c57
[TCP] TX bytes=21 raw=aa5500888afe000000000000060000000100016d57
[TCP] RX serial=0D dst=8B code=00 reg=0x00000002 len=2 raw=55aa000dfe8b000000000000020000000200ef56
[TCP] TX bytes=22 raw=aa55000d8bfe00000000000002000000020066065b57
[TCP] RX serial=B3 dst=8B code=00 reg=0x00000016 len=8 raw=55aa00b3fe8b000000000000160000000800af57
[TCP] TX bytes=28 raw=aa5500b38bfe0000000000001600000008004d3636308b0100002459
[TCP] RX serial=A5 dst=8B code=00 reg=0x14000000 len=88 raw=55aa00a5fe8b000000000000000000145800ef57
[TCP] TX bytes=108 raw=aa5500a58bfe0000000000000000001458004e5354520405060708090a0b0c0d0e0f101112131415161718191a1b1c1d1e1f20212223242526272829...
[TCP] RX serial=7A dst=8B code=00 reg=0x00000006 len=1 raw=55aa007afe8b0000000000000600000001005f57
[TCP] TX bytes=21 raw=aa55007a8bfe000000000000060000000100016057
[TCP] RX serial=18 dst=8C code=00 reg=0x00000002 len=2 raw=55aa0018fe8c000000000000020000000200fb56
[TCP] TX bytes=22 raw=aa5500188cfe00000000000002000000020066066757
[TCP] RX serial=EF dst=8C code=00 reg=0x00000016 len=8 raw=55aa00effe8c000000000000160000000800ec57
[TCP] TX bytes=28 raw=aa5500ef8cfe0000000000001600000008004d3636308c0100006259
[TCP] RX serial=56 dst=8C code=00 reg=0x14000000 len=88 raw=55aa0056fe8c000000000000000000145800a157
[TCP] TX bytes=108 raw=aa5500568cfe0000000000000000001458004e5354520405060708090a0b0c0d0e0f101112131415161718191a1b1c1d1e1f20212223242526272829...
[TCP] RX serial=F3 dst=8C code=00 reg=0x00000006 len=1 raw=55aa00f3fe8c000000000000060000000100d957
[TCP] TX bytes=21 raw=aa5500f38cfe00000000000006000000010001da57
[TCP] RX serial=64 dst=8D code=00 reg=0x00000002 len=2 raw=55aa0064fe8d0000000000000200000002004857
[TCP] TX bytes=22 raw=aa5500648dfe0000000000000200000002006606b457
[TCP] RX serial=FE dst=8D code=00 reg=0x00000016 len=8 raw=55aa00fefe8d000000000000160000000800fc57
[TCP] TX bytes=28 raw=aa5500fe8dfe0000000000001600000008004d3636308d0100007359
[TCP] RX serial=B7 dst=8D code=00 reg=0x14000000 len=88 raw=55aa00b7fe8d0000000000000000001458000358
[TCP] TX bytes=108 raw=aa5500b78dfe0000000000000000001458004e5354520405060708090a0b0c0d0e0f101112131415161718191a1b1c1d1e1f20212223242526272829...
[TCP] RX serial=C8 dst=8D code=00 reg=0x00000006 len=1 raw=55aa00c8fe8d000000000000060000000100af57
[TCP] TX bytes=21 raw=aa5500c88dfe00000000000006000000010001b057
[TCP] RX serial=EF dst=8E code=00 reg=0x00000002 len=2 raw=55aa00effe8e000000000000020000000200d457
[TCP] TX bytes=22 raw=aa5500ef8efe00000000000002000000020066064058
[TCP] RX serial=D6 dst=8E code=00 reg=0x00000016 len=8 raw=55aa00d6fe8e000000000000160000000800d557
[TCP] TX bytes=28 raw=aa5500d68efe0000000000001600000008004d3636308e0100004d59
[TCP] RX serial=DB dst=8E code=00 reg=0x14000000 len=88 raw=55aa00dbfe8e0000000000000000001458002858
[TCP] TX bytes=108 raw=aa5500db8efe0000000000000000001458004e5354520405060708090a0b0c0d0e0f101112131415161718191a1b1c1d1e1f20212223242526272829...
[TCP] RX serial=F8 dst=8E code=00 reg=0x00000006 len=1 raw=55aa00f8fe8e000000000000060000000100e057
[TCP] TX bytes=21 raw=aa5500f88efe00000000000006000000010001e157
[TCP] RX serial=5E dst=8F code=00 reg=0x00000002 len=2 raw=55aa005efe8f0000000000000200000002004457
[TCP] TX bytes=22 raw=aa55005e8ffe0000000000000200000002006606b057
[TCP] RX serial=30 dst=8F code=00 reg=0x00000016 len=8 raw=55aa0030fe8f0000000000001600000008003057
[TCP] TX bytes=28 raw=aa5500308ffe0000000000001600000008004d3636308f010000a958
[TCP] RX serial=84 dst=8F code=00 reg=0x14000000 len=88 raw=55aa0084fe8f000000000000000000145800d257
[TCP] TX bytes=108 raw=aa5500848ffe0000000000000000001458004e5354520405060708090a0b0c0d0e0f101112131415161718191a1b1c1d1e1f20212223242526272829...
[TCP] RX serial=40 dst=8F code=00 reg=0x00000006 len=1 raw=55aa0040fe8f0000000000000600000001002957
[TCP] TX bytes=21 raw=aa5500408ffe000000000000060000000100012a57
[TCP] RX serial=63 dst=90 code=00 reg=0x00000002 len=2 raw=55aa0063fe900000000000000200000002004a57
[TCP] TX bytes=22 raw=aa55006390fe0000000000000200000002006606b657
[TCP] RX serial=8A dst=90 code=00 reg=0x00000016 len=8 raw=55aa008afe900000000000001600000008008b57
[TCP] TX bytes=28 raw=aa55008a90fe0000000000001600000008004d363630900100000559
[TCP] RX serial=A4 dst=90 code=00 reg=0x14000000 len=88 raw=55aa00a4fe90000000000000000000145800f357
[TCP] TX bytes=108 raw=aa5500a490fe0000000000000000001458004e5354520405060708090a0b0c0d0e0f101112131415161718191a1b1c1d1e1f20212223242526272829...
[TCP] RX serial=AE dst=90 code=00 reg=0x00000006 len=1 raw=55aa00aefe900000000000000600000001009857
[TCP] TX bytes=21 raw=aa5500ae90fe000000000000060000000100019957
[TCP] RX serial=DD dst=91 code=00 reg=0x00000002 len=2 raw=55aa00ddfe91000000000000020000000200c557
[TCP] TX bytes=22 raw=aa5500dd91fe00000000000002000000020066063158
[TCP] RX serial=54 dst=91 code=00 reg=0x00000016 len=8 raw=55aa0054fe910000000000001600000008005657
[TCP] TX bytes=28 raw=aa55005491fe0000000000001600000008004d36363091010000d158
[TCP] RX serial=35 dst=91 code=00 reg=0x14000000 len=88 raw=55aa0035fe910000000000000000001458008557
[TCP] TX bytes=108 raw=aa55003591fe0000000000000000001458004e5354520405060708090a0b0c0d0e0f101112131415161718191a1b1c1d1e1f20212223242526272829...
[TCP] RX serial=4F dst=91 code=00 reg=0x00000006 len=1 raw=55aa004ffe910000000000000600000001003a57
[TCP] TX bytes=21 raw=aa55004f91fe000000000000060000000100013b57
[TCP] RX serial=90 dst=92 code=00 reg=0x00000002 len=2 raw=55aa0090fe920000000000000200000002007957
[TCP] TX bytes=22 raw=aa55009092fe0000000000000200000002006606e557
[TCP] RX serial=E6 dst=92 code=00 reg=0x00000016 len=8 raw=55aa00e6fe92000000000000160000000800e957
[TCP] TX bytes=28 raw=aa5500e692fe0000000000001600000008004d363630920100006559
[TCP] RX serial=F9 dst=92 code=00 reg=0x14000000 len=88 raw=55aa00f9fe920000000000000000001458004a58
[TCP] TX bytes=108 raw=aa5500f992fe0000000000000000001458004e5354520405060708090a0b0c0d0e0f101112131415161718191a1b1c1d1e1f20212223242526272829...
[TCP] RX serial=71 dst=92 code=00 reg=0x00000006 len=1 raw=55aa0071fe920000000000000600000001005d57
[TCP] TX bytes=21 raw=aa55007192fe000000000000060000000100015e57
[TCP] RX serial=96 dst=93 code=00 reg=0x00000002 len=2 raw=55aa0096fe930000000000000200000002008057
[TCP] TX bytes=22 raw=aa55009693fe0000000000000200000002006606ec57
[TCP] RX serial=E8 dst=93 code=00 reg=0x00000016 len=8 raw=55aa00e8fe93000000000000160000000800ec57
[TCP] TX bytes=28 raw=aa5500e893fe0000000000001600000008004d363630930100006959
[TCP] RX serial=AE dst=93 code=00 reg=0x14000000 len=88 raw=55aa00aefe930000000000000000001458000058
[TCP] TX bytes=108 raw=aa5500ae93fe0000000000000000001458004e5354520405060708090a0b0c0d0e0f101112131415161718191a1b1c1d1e1f20212223242526272829...
[TCP] RX serial=64 dst=93 code=00 reg=0x00000006 len=1 raw=55aa0064fe930000000000000600000001005157
[TCP] TX bytes=21 raw=aa55006493fe000000000000060000000100015257
[TCP] RX serial=9C dst=94 code=00 reg=0x00000002 len=2 raw=55aa009cfe940000000000000200000002008757
[TCP] TX bytes=22 raw=aa55009c94fe0000000000000200000002006606f357
[TCP] RX serial=D0 dst=94 code=00 reg=0x00000016 len=8 raw=55aa00d0fe94000000000000160000000800d557
[TCP] TX bytes=28 raw=aa5500d094fe0000000000001600000008004d363630940100005359
[TCP] RX serial=9C dst=94 code=00 reg=0x14000000 len=88 raw=55aa009cfe94000000000000000000145800ef57
[TCP] TX bytes=108 raw=aa55009c94fe0000000000000000001458004e5354520405060708090a0b0c0d0e0f101112131415161718191a1b1c1d1e1f20212223242526272829...
[TCP] RX serial=2F dst=94 code=00 reg=0x00000006 len=1 raw=55aa002ffe940000000000000600000001001d57
[TCP] TX bytes=21 raw=aa55002f94fe000000000000060000000100011e57
[TCP] RX serial=00 dst=95 code=00 reg=0x00000002 len=2 raw=55aa0000fe95000000000000020000000200ec56
[TCP] TX bytes=22 raw=aa55000095fe00000000000002000000020066065857
[TCP] RX serial=A3 dst=95 code=00 reg=0x00000016 len=8 raw=55aa00a3fe95000000000000160000000800a957
[TCP] TX bytes=28 raw=aa5500a395fe0000000000001600000008004d363630950100002859
[TCP] RX serial=C6 dst=95 code=00 reg=0x14000000 len=88 raw=55aa00c6fe950000000000000000001458001a58
[TCP] TX bytes=108 raw=aa5500c695fe0000000000000000001458004e5354520405060708090a0b0c0d0e0f101112131415161718191a1b1c1d1e1f20212223242526272829...
[TCP] RX serial=5F dst=95 code=00 reg=0x00000006 len=1 raw=55aa005ffe950000000000000600000001004e57
[TCP] TX bytes=21 raw=aa55005f95fe000000000000060000000100014f57
[TCP] RX serial=25 dst=96 code=00 reg=0x00000002 len=2 raw=55aa0025fe960000000000000200000002001257
[TCP] TX bytes=22 raw=aa55002596fe00000000000002000000020066067e57
[TCP] RX serial=A5 dst=96 code=00 reg=0x00000016 len=8 raw=55aa00a5fe96000000000000160000000800ac57
[TCP] TX bytes=28 raw=aa5500a596fe0000000000001600000008004d363630960100002c59
[TCP] RX serial=ED dst=96 code=00 reg=0x14000000 len=88 raw=55aa00edfe960000000000000000001458004258
[TCP] TX bytes=108 raw=aa5500ed96fe0000000000000000001458004e5354520405060708090a0b0c0d0e0f101112131415161718191a1b1c1d1e1f20212223242526272829...
[TCP] RX serial=23 dst=96 code=00 reg=0x00000006 len=1 raw=55aa0023fe960000000000000600000001001357
[TCP] TX bytes=21 raw=aa55002396fe000000000000060000000100011457
[TCP] RX serial=01 dst=97 code=00 reg=0x00000002 len=2 raw=55aa0001fe97000000000000020000000200ef56
[TCP] TX bytes=22 raw=aa55000197fe00000000000002000000020066065b57
[TCP] RX serial=01 dst=97 code=00 reg=0x00000016 len=8 raw=55aa0001fe970000000000001600000008000957
[TCP] TX bytes=28 raw=aa55000197fe0000000000001600000008004d363630970100008a58
[TCP] RX serial=04 dst=97 code=00 reg=0x14000000 len=88 raw=55aa0004fe970000000000000000001458005a57
[TCP] TX bytes=108 raw=aa55000497fe0000000000000000001458004e5354520405060708090a0b0c0d0e0f101112131415161718191a1b1c1d1e1f20212223242526272829...
[TCP] RX serial=00 dst=97 code=00 reg=0x00000006 len=1 raw=55aa0000fe97000000000000060000000100f156
[TCP] TX bytes=21 raw=aa55000097fe00000000000006000000010001f256
[TCP] RX serial=13 dst=98 code=00 reg=0x00000002 len=2 raw=55aa0013fe980000000000000200000002000257
[TCP] TX bytes=22 raw=aa55001398fe00000000000002000000020066066e57
[TCP] RX serial=BF dst=98 code=00 reg=0x00000016 len=8 raw=55aa00bffe98000000000000160000000800c857
[TCP] TX bytes=28 raw=aa5500bf98fe0000000000001600000008004d363630980100004a59
[TCP] RX serial=25 dst=98 code=00 reg=0x14000000 len=88 raw=55aa0025fe980000000000000000001458007c57
[TCP] TX bytes=108 raw=aa55002598fe0000000000000000001458004e5354520405060708090a0b0c0d0e0f101112131415161718191a1b1c1d1e1f20212223242526272829...
[TCP] RX serial=82 dst=98 code=00 reg=0x00000006 len=1 raw=55aa0082fe980000000000000600000001007457
[TCP] TX bytes=21 raw=aa55008298fe000000000000060000000100017557
[TCP] RX serial=0E dst=99 code=00 reg=0x00000002 len=2 raw=55aa000efe99000000000000020000000200fe56
[TCP] TX bytes=22 raw=aa55000e99fe00000000000002000000020066066a57
[TCP] RX serial=F5 dst=99 code=00 reg=0x00000016 len=8 raw=55aa00f5fe99000000000000160000000800ff57
[TCP] TX bytes=28 raw=aa5500f599fe0000000000001600000008004d363630990100008259
[TCP] RX serial=9B dst=99 code=00 reg=0x14000000 len=88 raw=55aa009bfe99000000000000000000145800f357
[TCP] TX bytes=108 raw=aa55009b99fe0000000000000000001458004e5354520405060708090a0b0c0d0e0f101112131415161718191a1b1c1d1e1f20212223242526272829...
[TCP] RX serial=C2 dst=99 code=00 reg=0x00000006 len=1 raw=55aa00c2fe99000000000000060000000100b557
[TCP] TX bytes=21 raw=aa5500c299fe00000000000006000000010001b657
[TCP] RX serial=B9 dst=9A code=00 reg=0x00000002 len=2 raw=55aa00b9fe9a000000000000020000000200aa57
[TCP] TX bytes=22 raw=aa5500b99afe00000000000002000000020066061658
[TCP] RX serial=07 dst=9A code=00 reg=0x00000016 len=8 raw=55aa0007fe9a0000000000001600000008001257
[TCP] TX bytes=28 raw=aa5500079afe0000000000001600000008004d3636309a0100009658
[TCP] RX serial=63 dst=9A code=00 reg=0x14000000 len=88 raw=55aa0063fe9a000000000000000000145800bc57
[TCP] TX bytes=108 raw=aa5500639afe0000000000000000001458004e5354520405060708090a0b0c0d0e0f101112131415161718191a1b1c1d1e1f20212223242526272829...
[TCP] RX serial=7D dst=9A code=00 reg=0x00000006 len=1 raw=55aa007dfe9a0000000000000600000001007157
[TCP] TX bytes=21 raw=aa55007d9afe000000000000060000000100017257
[TCP] RX serial=05 dst=9B code=00 reg=0x00000002 len=2 raw=55aa0005fe9b000000000000020000000200f756
[TCP] TX bytes=22 raw=aa5500059bfe00000000000002000000020066066357
[TCP] RX serial=46 dst=9B code=00 reg=0x00000016 len=8 raw=55aa0046fe9b0000000000001600000008005257
[TCP] TX bytes=28 raw=aa5500469bfe0000000000001600000008004d3636309b010000d758
[TCP] RX serial=32 dst=9B code=00 reg=0x14000000 len=88 raw=55aa0032fe9b0000000000000000001458008c57
[TCP] TX bytes=108 raw=aa5500329bfe0000000000000000001458004e5354520405060708090a0b0c0d0e0f101112131415161718191a1b1c1d1e1f20212223242526272829...
[TCP] RX serial=07 dst=9B code=00 reg=0x00000006 len=1 raw=55aa0007fe9b000000000000060000000100fc56
[TCP] TX bytes=21 raw=aa5500079bfe00000000000006000000010001fd56
[TCP] RX serial=27 dst=9C code=00 reg=0x00000002 len=2 raw=55aa0027fe9c0000000000000200000002001a57
[TCP] TX bytes=22 raw=aa5500279cfe00000000000002000000020066068657
[TCP] RX serial=77 dst=9C code=00 reg=0x00000016 len=8 raw=55aa0077fe9c0000000000001600000008008457
[TCP] TX bytes=28 raw=aa5500779cfe0000000000001600000008004d3636309c0100000a59
[TCP] RX serial=5C dst=9C code=00 reg=0x14000000 len=88 raw=55aa005cfe9c000000000000000000145800b757
[TCP] TX bytes=108 raw=aa55005c9cfe0000000000000000001458004e5354520405060708090a0b0c0d0e0f101112131415161718191a1b1c1d1e1f20212223242526272829...
[TCP] RX serial=8C dst=9C code=00 reg=0x00000006 len=1 raw=55aa008cfe9c0000000000000600000001008257
[TCP] TX bytes=21 raw=aa55008c9cfe000000000000060000000100018357
[TCP] RX serial=93 dst=9D code=00 reg=0x00000002 len=2 raw=55aa0093fe9d0000000000000200000002008757
[TCP] TX bytes=22 raw=aa5500939dfe0000000000000200000002006606f357
[TCP] RX serial=54 dst=9D code=00 reg=0x00000016 len=8 raw=55aa0054fe9d0000000000001600000008006257
[TCP] TX bytes=28 raw=aa5500549dfe0000000000001600000008004d3636309d010000e958
[TCP] RX serial=3F dst=9D code=00 reg=0x14000000 len=88 raw=55aa003ffe9d0000000000000000001458009b57
[TCP] TX bytes=108 raw=aa55003f9dfe0000000000000000001458004e5354520405060708090a0b0c0d0e0f101112131415161718191a1b1c1d1e1f20212223242526272829...
[TCP] RX serial=BF dst=9D code=00 reg=0x00000006 len=1 raw=55aa00bffe9d000000000000060000000100b657
[TCP] TX bytes=21 raw=aa5500bf9dfe00000000000006000000010001b757
[TCP] RX serial=C2 dst=9E code=00 reg=0x00000002 len=2 raw=55aa00c2fe9e000000000000020000000200b757
[TCP] TX bytes=22 raw=aa5500c29efe00000000000002000000020066062358
[TCP] RX serial=44 dst=9E code=00 reg=0x00000016 len=8 raw=55aa0044fe9e0000000000001600000008005357
[TCP] TX bytes=28 raw=aa5500449efe0000000000001600000008004d3636309e010000db58
[TCP] RX serial=89 dst=9E code=00 reg=0x14000000 len=88 raw=55aa0089fe9e000000000000000000145800e657
[TCP] TX bytes=108 raw=aa5500899efe0000000000000000001458004e5354520405060708090a0b0c0d0e0f101112131415161718191a1b1c1d1e1f20212223242526272829...
[TCP] RX serial=37 dst=9E code=00 reg=0x00000006 len=1 raw=55aa0037fe9e0000000000000600000001002f57
[TCP] TX bytes=21 raw=aa5500379efe000000000000060000000100013057
[TCP] RX serial=66 dst=9F code=00 reg=0x00000002 len=2 raw=55aa0066fe9f0000000000000200000002005c57
[TCP] TX bytes=22 raw=aa5500669ffe0000000000000200000002006606c857
[TCP] RX serial=12 dst=9F code=00 reg=0x00000016 len=8 raw=55aa0012fe9f0000000000001600000008002257
[TCP] TX bytes=28 raw=aa5500129ffe0000000000001600000008004d3636309f010000ab58
[TCP] RX serial=4D dst=9F code=00 reg=0x14000000 len=88 raw=55aa004dfe9f000000000000000000145800ab57
[TCP] TX bytes=108 raw=aa55004d9ffe0000000000000000001458004e5354520405060708090a0b0c0d0e0f101112131415161718191a1b1c1d1e1f20212223242526272829...
[TCP] RX serial=8F dst=9F code=00 reg=0x00000006 len=1 raw=55aa008ffe9f0000000000000600000001008857
[TCP] TX bytes=21 raw=aa55008f9ffe000000000000060000000100018957
[TCP] RX serial=E1 dst=A0 code=00 reg=0x00000002 len=2 raw=55aa00e1fea0000000000000020000000200d857
[TCP] TX bytes=22 raw=aa5500e1a0fe00000000000002000000020066064458
[TCP] RX serial=F9 dst=A0 code=00 reg=0x00000016 len=8 raw=55aa00f9fea00000000000001600000008000a58
[TCP] TX bytes=28 raw=aa5500f9a0fe0000000000001600000008004d363630a00100009459
[TCP] RX serial=5D dst=A0 code=00 reg=0x14000000 len=88 raw=55aa005dfea0000000000000000000145800bc57
[TCP] TX bytes=108 raw=aa55005da0fe0000000000000000001458004e5354520405060708090a0b0c0d0e0f101112131415161718191a1b1c1d1e1f20212223242526272829...
[TCP] RX serial=D5 dst=A0 code=00 reg=0x00000006 len=1 raw=55aa00d5fea0000000000000060000000100cf57
[TCP] TX bytes=21 raw=aa5500d5a0fe00000000000006000000010001d057
[TCP] RX serial=C3 dst=A1 code=00 reg=0x00000002 len=2 raw=55aa00c3fea1000000000000020000000200bb57
[TCP] TX bytes=22 raw=aa5500c3a1fe00000000000002000000020066062758
[TCP] RX serial=2C dst=A1 code=00 reg=0x00000016 len=8 raw=55aa002cfea10000000000001600000008003e57
[TCP] TX bytes=28 raw=aa55002ca1fe0000000000001600000008004d363630a1010000c958
[TCP] RX serial=55 dst=A1 code=00 reg=0x14000000 len=88 raw=55aa0055fea1000000000000000000145800b557
[TCP] TX bytes=108 raw=aa550055a1fe0000000000000000001458004e5354520405060708090a0b0c0d0e0f101112131415161718191a1b1c1d1e1f20212223242526272829...
[TCP] RX serial=A6 dst=A1 code=00 reg=0x00000006 len=1 raw=55aa00a6fea1000000000000060000000100a157
[TCP] TX bytes=21 raw=aa5500a6a1fe00000000000006000000010001a257
[TCP] RX serial=34 dst=A2 code=00 reg=0x00000002 len=2 raw=55aa0034fea20000000000000200000002002d57
[TCP] TX bytes=22 raw=aa550034a2fe00000000000002000000020066069957
[TCP] RX serial=D8 dst=A2 code=00 reg=0x00000016 len=8 raw=55aa00d8fea2000000000000160000000800eb57
[TCP] TX bytes=28 raw=aa5500d8a2fe0000000000001600000008004d363630a20100007759
[TCP] RX serial=75 dst=A2 code=00 reg=0x14000000 len=88 raw=55aa0075fea2000000000000000000145800d657
[TCP] TX bytes=108 raw=aa550075a2fe0000000000000000001458004e5354520405060708090a0b0c0d0e0f101112131415161718191a1b1c1d1e1f20212223242526272829...
[TCP] RX serial=F8 dst=A2 code=00 reg=0x00000006 len=1 raw=55aa00f8fea2000000000000060000000100f457
[TCP] TX bytes=21 raw=aa5500f8a2fe00000000000006000000010001f557
[TCP] RX serial=40 dst=A3 code=00 reg=0x00000002 len=2 raw=55aa0040fea30000000000000200000002003a57
[TCP] TX bytes=22 raw=aa550040a3fe0000000000000200000002006606a657
[TCP] RX serial=49 dst=A3 code=00 reg=0x00000016 len=8 raw=55aa0049fea30000000000001600000008005d57
[TCP] TX bytes=28 raw=aa550049a3fe0000000000001600000008004d363630a3010000ea58
[TCP] RX serial=5A dst=A3 code=00 reg=0x14000000 len=88 raw=55aa005afea3000000000000000000145800bc57
[TCP] TX bytes=108 raw=aa55005aa3fe0000000000000000001458004e5354520405060708090a0b0c0d0e0f101112131415161718191a1b1c1d1e1f20212223242526272829...
[TCP] RX serial=DE dst=A3 code=00 reg=0x00000006 len=1 raw=55aa00defea3000000000000060000000100db57
[TCP] TX bytes=21 raw=aa5500dea3fe00000000000006000000010001dc57
[TCP] RX serial=73 dst=A4 code=00 reg=0x00000002 len=2 raw=55aa0073fea40000000000000200000002006e57
[TCP] TX bytes=22 raw=aa550073a4fe0000000000000200000002006606da57
[TCP] RX serial=E6 dst=A4 code=00 reg=0x00000016 len=8 raw=55aa00e6fea4000000000000160000000800fb57
[TCP] TX bytes=28 raw=aa5500e6a4fe0000000000001600000008004d363630a40100008959
[TCP] RX serial=FA dst=A4 code=00 reg=0x14000000 len=88 raw=55aa00fafea40000000000000000001458005d58
[TCP] TX bytes=108 raw=aa5500faa4fe0000000000000000001458004e5354520405060708090a0b0c0d0e0f101112131415161718191a1b1c1d1e1f20212223242526272829...
[TCP] RX serial=89 dst=A4 code=00 reg=0x00000006 len=1 raw=55aa0089fea40000000000000600000001008757
[TCP] TX bytes=21 raw=aa550089a4fe000000000000060000000100018857
[TCP] RX serial=A3 dst=A5 code=00 reg=0x00000002 len=2 raw=55aa00a3fea50000000000000200000002009f57
[TCP] TX bytes=22 raw=aa5500a3a5fe00000000000002000000020066060b58
[TCP] RX serial=76 dst=A5 code=00 reg=0x00000016 len=8 raw=55aa0076fea50000000000001600000008008c57
[TCP] TX bytes=28 raw=aa550076a5fe0000000000001600000008004d363630a50100001b59
[TCP] RX serial=6B dst=A5 code=00 reg=0x14000000 len=88 raw=55aa006bfea5000000000000000000145800cf57
[TCP] TX bytes=108 raw=aa55006ba5fe0000000000000000001458004e5354520405060708090a0b0c0d0e0f101112131415161718191a1b1c1d1e1f20212223242526272829...
[TCP] RX serial=BE dst=A5 code=00 reg=0x00000006 len=1 raw=55aa00befea5000000000000060000000100bd57
[TCP] TX bytes=21 raw=aa5500bea5fe00000000000006000000010001be57
[TCP] RX serial=80 dst=A6 code=00 reg=0x00000002 len=2 raw=55aa0080fea60000000000000200000002007d57
[TCP] TX bytes=22 raw=aa550080a6fe0000000000000200000002006606e957
[TCP] RX serial=65 dst=A6 code=00 reg=0x00000016 len=8 raw=55aa0065fea60000000000001600000008007c57
[TCP] TX bytes=28 raw=aa550065a6fe0000000000001600000008004d363630a60100000c59
[TCP] RX serial=BE dst=A6 code=00 reg=0x14000000 len=88 raw=55aa00befea60000000000000000001458002358
[TCP] TX bytes=108 raw=aa5500bea6fe0000000000000000001458004e5354520405060708090a0b0c0d0e0f101112131415161718191a1b1c1d1e1f20212223242526272829...
[TCP] RX serial=C9 dst=A6 code=00 reg=0x00000006 len=1 raw=55aa00c9fea6000000000000060000000100c957
[TCP] TX bytes=21 raw=aa5500c9a6fe00000000000006000000010001ca57
[TCP] RX serial=6B dst=A7 code=00 reg=0x00000002 len=2 raw=55aa006bfea70000000000000200000002006957
[TCP] TX bytes=22 raw=aa55006ba7fe0000000000000200000002006606d557
[TCP] RX serial=64 dst=A7 code=00 reg=0x00000016 len=8 raw=55aa0064fea70000000000001600000008007c57
[TCP] TX bytes=28 raw=aa550064a7fe0000000000001600000008004d363630a70100000d59
[TCP] RX serial=5C dst=A7 code=00 reg=0x14000000 len=88 raw=55aa005cfea7000000000000000000145800c257
[TCP] TX bytes=108 raw=aa55005ca7fe0000000000000000001458004e5354520405060708090a0b0c0d0e0f101112131415161718191a1b1c1d1e1f20212223242526272829...
[TCP] RX serial=A6 dst=A7 code=00 reg=0x00000006 len=1 raw=55aa00a6fea7000000000000060000000100a757
[TCP] TX bytes=21 raw=aa5500a6a7fe00000000000006000000010001a857
[TCP] RX serial=B9 dst=A8 code=00 reg=0x00000002 len=2 raw=55aa00b9fea8000000000000020000000200b857
[TCP] TX bytes=22 raw=aa5500b9a8fe00000000000002000000020066062458
[TCP] RX serial=D2 dst=A8 code=00 reg=0x00000016 len=8 raw=55aa00d2fea8000000000000160000000800eb57
[TCP] TX bytes=28 raw=aa5500d2a8fe0000000000001600000008004d363630a80100007d59
[TCP] RX serial=9A dst=A8 code=00 reg=0x14000000 len=88 raw=55aa009afea80000000000000000001458000158
[TCP] TX bytes=108 raw=aa55009aa8fe0000000000000000001458004e5354520405060708090a0b0c0d0e0f101112131415161718191a1b1c1d1e1f20212223242526272829...
[TCP] RX serial=0B dst=A8 code=00 reg=0x00000006 len=1 raw=55aa000bfea80000000000000600000001000d57
[TCP] TX bytes=21 raw=aa55000ba8fe000000000000060000000100010e57
[TCP] RX serial=E7 dst=A9 code=00 reg=0x00000002 len=2 raw=55aa00e7fea9000000000000020000000200e757
[TCP] TX bytes=22 raw=aa5500e7a9fe00000000000002000000020066065358
[TCP] RX serial=5B dst=A9 code=00 reg=0x00000016 len=8 raw=55aa005bfea90000000000001600000008007557
[TCP] TX bytes=28 raw=aa55005ba9fe0000000000001600000008004d363630a90100000859
[TCP] RX serial=42 dst=A9 code=00 reg=0x14000000 len=88 raw=55aa0042fea9000000000000000000145800aa57
[TCP] TX bytes=108 raw=aa550042a9fe0000000000000000001458004e5354520405060708090a0b0c0d0e0f101112131415161718191a1b1c1d1e1f20212223242526272829...
[TCP] RX serial=F9 dst=A9 code=00 reg=0x00000006 len=1 raw=55aa00f9fea9000000000000060000000100fc57
[TCP] TX bytes=21 raw=aa5500f9a9fe00000000000006000000010001fd57
[TCP] RX serial=22 dst=AA code=00 reg=0x00000002 len=2 raw=55aa0022feaa0000000000000200000002002357
[TCP] TX bytes=22 raw=aa550022aafe00000000000002000000020066068f57
[TCP] RX serial=B5 dst=AA code=00 reg=0x00000016 len=8 raw=55aa00b5feaa000000000000160000000800d057
[TCP] TX bytes=28 raw=aa5500b5aafe0000000000001600000008004d363630aa0100006459
[TCP] RX serial=57 dst=AA code=00 reg=0x14000000 len=88 raw=55aa0057feaa000000000000000000145800c057
[TCP] TX bytes=108 raw=aa550057aafe0000000000000000001458004e5354520405060708090a0b0c0d0e0f101112131415161718191a1b1c1d1e1f20212223242526272829...
[TCP] RX serial=BA dst=AA code=00 reg=0x00000006 len=1 raw=55aa00bafeaa000000000000060000000100be57
[TCP] TX bytes=21 raw=aa5500baaafe00000000000006000000010001bf57
[TCP] RX serial=DD dst=AB code=00 reg=0x00000002 len=2 raw=55aa00ddfeab000000000000020000000200df57
[TCP] TX bytes=22 raw=aa5500ddabfe00000000000002000000020066064b58
[TCP] RX serial=45 dst=AB code=00 reg=0x00000016 len=8 raw=55aa0045feab0000000000001600000008006157
[TCP] TX bytes=28 raw=aa550045abfe0000000000001600000008004d363630ab010000f658
[TCP] RX serial=7F dst=AB code=00 reg=0x14000000 len=88 raw=55aa007ffeab000000000000000000145800e957
[TCP] TX bytes=108 raw=aa55007fabfe0000000000000000001458004e5354520405060708090a0b0c0d0e0f101112131415161718191a1b1c1d1e1f20212223242526272829...
[TCP] RX serial=79 dst=AB code=00 reg=0x00000006 len=1 raw=55aa0079feab0000000000000600000001007e57
[TCP] TX bytes=21 raw=aa550079abfe000000000000060000000100017f57
[TCP] RX serial=E9 dst=AC code=00 reg=0x00000002 len=2 raw=55aa00e9feac000000000000020000000200ec57
[TCP] TX bytes=22 raw=aa5500e9acfe00000000000002000000020066065858
[TCP] RX serial=A9 dst=AC code=00 reg=0x00000016 len=8 raw=55aa00a9feac000000000000160000000800c657
[TCP] TX bytes=28 raw=aa5500a9acfe0000000000001600000008004d363630ac0100005c59
[TCP] RX serial=C3 dst=AC code=00 reg=0x14000000 len=88 raw=55aa00c3feac0000000000000000001458002e58
[TCP] TX bytes=108 raw=aa5500c3acfe0000000000000000001458004e5354520405060708090a0b0c0d0e0f101112131415161718191a1b1c1d1e1f20212223242526272829...
[TCP] RX serial=7F dst=AC code=00 reg=0x00000006 len=1 raw=55aa007ffeac0000000000000600000001008557
[TCP] TX bytes=21 raw=aa55007facfe000000000000060000000100018657
[TCP] RX serial=17 dst=AD code=00 reg=0x00000002 len=2 raw=55aa0017fead0000000000000200000002001b57
[TCP] TX bytes=22 raw=aa550017adfe00000000000002000000020066068757
[TCP] RX serial=C2 dst=AD code=00 reg=0x00000016 len=8 raw=55aa00c2fead000000000000160000000800e057
[TCP] TX bytes=28 raw=aa5500c2adfe0000000000001600000008004d363630ad0100007759
[TCP] RX serial=EA dst=AD code=00 reg=0x14000000 len=88 raw=55aa00eafead0000000000000000001458005658
[TCP] TX bytes=108 raw=aa5500eaadfe0000000000000000001458004e5354520405060708090a0b0c0d0e0f101112131415161718191a1b1c1d1e1f20212223242526272829...
[TCP] RX serial=6A dst=AD code=00 reg=0x00000006 len=1 raw=55aa006afead0000000000000600000001007157
[TCP] TX bytes=21 raw=aa55006aadfe000000000000060000000100017257
[TCP] RX serial=8D dst=AE code=00 reg=0x00000002 len=2 raw=55aa008dfeae0000000000000200000002009257
[TCP] TX bytes=22 raw=aa55008daefe0000000000000200000002006606fe57
[TCP] RX serial=9E dst=AE code=00 reg=0x00000016 len=8 raw=55aa009efeae000000000000160000000800bd57
[TCP] TX bytes=28 raw=aa55009eaefe0000000000001600000008004d363630ae0100005559
[TCP] RX serial=55 dst=AE code=00 reg=0x14000000 len=88 raw=55aa0055feae000000000000000000145800c257
[TCP] TX bytes=108 raw=aa550055aefe0000000000000000001458004e5354520405060708090a0b0c0d0e0f101112131415161718191a1b1c1d1e1f20212223242526272829...
[TCP] RX serial=5E dst=AE code=00 reg=0x00000006 len=1 raw=55aa005efeae0000000000000600000001006657
[TCP] TX bytes=21 raw=aa55005eaefe000000000000060000000100016757
[TCP] RX serial=6D dst=AF code=00 reg=0x00000002 len=2 raw=55aa006dfeaf0000000000000200000002007357
[TCP] TX bytes=22 raw=aa55006daffe0000000000000200000002006606df57
[TCP] RX serial=8B dst=AF code=00 reg=0x00000016 len=8 raw=55aa008bfeaf000000000000160000000800ab57
[TCP] TX bytes=28 raw=aa55008baffe0000000000001600000008004d363630af0100004459
[TCP] RX serial=3A dst=AF code=00 reg=0x14000000 len=88 raw=55aa003afeaf000000000000000000145800a857
[TCP] TX bytes=108 raw=aa55003aaffe0000000000000000001458004e5354520405060708090a0b0c0d0e0f101112131415161718191a1b1c1d1e1f20212223242526272829...
[TCP] RX serial=CF dst=AF code=00 reg=0x00000006 len=1 raw=55aa00cffeaf000000000000060000000100d857
[TCP] TX bytes=21 raw=aa5500cfaffe00000000000006000000010001d957
[TCP] RX serial=7C dst=B0 code=00 reg=0x00000002 len=2 raw=55aa007cfeb00000000000000200000002008357
[TCP] TX bytes=22 raw=aa55007cb0fe0000000000000200000002006606ef57
[TCP] RX serial=CE dst=B0 code=00 reg=0x00000016 len=8 raw=55aa00cefeb0000000000000160000000800ef57
[TCP] TX bytes=28 raw=aa5500ceb0fe0000000000001600000008004d363630b00100008959
[TCP] RX serial=3F dst=B0 code=00 reg=0x14000000 len=88 raw=55aa003ffeb0000000000000000000145800ae57
[TCP] TX bytes=108 raw=aa55003fb0fe0000000000000000001458004e5354520405060708090a0b0c0d0e0f101112131415161718191a1b1c1d1e1f20212223242526272829...
[TCP] RX serial=6C dst=B0 code=00 reg=0x00000006 len=1 raw=55aa006cfeb00000000000000600000001007657
[TCP] TX bytes=21 raw=aa55006cb0fe000000000000060000000100017757
[TCP] RX serial=AD dst=B1 code=00 reg=0x00000002 len=2 raw=55aa00adfeb1000000000000020000000200b557
[TCP] TX bytes=22 raw=aa5500adb1fe00000000000002000000020066062158
[TCP] RX serial=4F dst=B1 code=00 reg=0x00000016 len=8 raw=55aa004ffeb10000000000001600000008007157
[TCP] TX bytes=28 raw=aa55004fb1fe0000000000001600000008004d363630b10100000c59
[TCP] RX serial=F5 dst=B1 code=00 reg=0x14000000 len=88 raw=55aa00f5feb10000000000000000001458006558
[TCP] TX bytes=108 raw=aa5500f5b1fe0000000000000000001458004e5354520405060708090a0b0c0d0e0f101112131415161718191a1b1c1d1e1f20212223242526272829...
[TCP] RX serial=17 dst=B1 code=00 reg=0x00000006 len=1 raw=55aa0017feb10000000000000600000001002257
[TCP] TX bytes=21 raw=aa550017b1fe000000000000060000000100012357
[TCP] RX serial=A3 dst=B2 code=00 reg=0x00000002 len=2 raw=55aa00a3feb2000000000000020000000200ac57
[TCP] TX bytes=22 raw=aa5500a3b2fe00000000000002000000020066061858
[TCP] RX serial=01 dst=B2 code=00 reg=0x00000016 len=8 raw=55aa0001feb20000000000001600000008002457
[TCP] TX bytes=28 raw=aa550001b2fe0000000000001600000008004d363630b2010000c058
[TCP] RX serial=67 dst=B2 code=00 reg=0x14000000 len=88 raw=55aa0067feb2000000000000000000145800d857
[TCP] TX bytes=108 raw=aa550067b2fe0000000000000000001458004e5354520405060708090a0b0c0d0e0f101112131415161718191a1b1c1d1e1f20212223242526272829...
[TCP] RX serial=ED dst=B2 code=00 reg=0x00000006 len=1 raw=55aa00edfeb2000000000000060000000100f957
[TCP] TX bytes=21 raw=aa5500edb2fe00000000000006000000010001fa57
[TCP] RX serial=1F dst=B3 code=00 reg=0x00000002 len=2 raw=55aa001ffeb30000000000000200000002002957
[TCP] TX bytes=22 raw=aa55001fb3fe00000000000002000000020066069557
[TCP] RX serial=B0 dst=B3 code=00 reg=0x00000016 len=8 raw=55aa00b0feb3000000000000160000000800d457
[TCP] TX bytes=28 raw=aa5500b0b3fe0000000000001600000008004d363630b30100007159
[TCP] RX serial=DF dst=B3 code=00 reg=0x14000000 len=88 raw=55aa00dffeb30000000000000000001458005158
[TCP] TX bytes=108 raw=aa5500dfb3fe0000000000000000001458004e5354520405060708090a0b0c0d0e0f101112131415161718191a1b1c1d1e1f20212223242526272829...
[TCP] RX serial=3A dst=B3 code=00 reg=0x00000006 len=1 raw=55aa003afeb30000000000000600000001004757
[TCP] TX bytes=21 raw=aa55003ab3fe000000000000060000000100014857
[TCP] RX serial=E4 dst=B4 code=00 reg=0x00000002 len=2 raw=55aa00e4feb4000000000000020000000200ef57
[TCP] TX bytes=22 raw=aa5500e4b4fe00000000000002000000020066065b58
[TCP] RX serial=45 dst=B4 code=00 reg=0x00000016 len=8 raw=55aa0045feb40000000000001600000008006a57
[TCP] TX bytes=28 raw=aa550045b4fe0000000000001600000008004d363630b40100000859
[TCP] RX serial=DE dst=B4 code=00 reg=0x14000000 len=88 raw=55aa00defeb40000000000000000001458005158
[TCP] TX bytes=108 raw=aa5500deb4fe0000000000000000001458004e5354520405060708090a0b0c0d0e0f101112131415161718191a1b1c1d1e1f20212223242526272829...
[TCP] RX serial=C1 dst=B4 code=00 reg=0x00000006 len=1 raw=55aa00c1feb4000000000000060000000100cf57
[TCP] TX bytes=21 raw=aa5500c1b4fe00000000000006000000010001d057
[TCP] RX serial=A0 dst=B5 code=00 reg=0x00000002 len=2 raw=55aa00a0feb5000000000000020000000200ac57
[TCP] TX bytes=22 raw=aa5500a0b5fe00000000000002000000020066061858
[TCP] RX serial=DC dst=B5 code=00 reg=0x00000016 len=8 raw=55aa00dcfeb50000000000001600000008000258
[TCP] TX bytes=28 raw=aa5500dcb5fe0000000000001600000008004d363630b5010000a159
[TCP] RX serial=8F dst=B5 code=00 reg=0x14000000 len=88 raw=55aa008ffeb50000000000000000001458000358
[TCP] TX bytes=108 raw=aa55008fb5fe0000000000000000001458004e5354520405060708090a0b0c0d0e0f101112131415161718191a1b1c1d1e1f20212223242526272829...
[TCP] RX serial=F5 dst=B5 code=00 reg=0x00000006 len=1 raw=55aa00f5feb50000000000000600000001000458
[TCP] TX bytes=21 raw=aa5500f5b5fe000000000000060000000100010558
[TCP] RX serial=E7 dst=B6 code=00 reg=0x00000002 len=2 raw=55aa00e7feb6000000000000020000000200f457
[TCP] TX bytes=22 raw=aa5500e7b6fe00000000000002000000020066066058
[TCP] RX serial=30 dst=B6 code=00 reg=0x00000016 len=8 raw=55aa0030feb60000000000001600000008005757
[TCP] TX bytes=28 raw=aa550030b6fe0000000000001600000008004d363630b6010000f758
[TCP] RX serial=7C dst=B6 code=00 reg=0x14000000 len=88 raw=55aa007cfeb6000000000000000000145800f157
[TCP] TX bytes=108 raw=aa55007cb6fe0000000000000000001458004e5354520405060708090a0b0c0d0e0f101112131415161718191a1b1c1d1e1f20212223242526272829...
[TCP] RX serial=49 dst=B6 code=00 reg=0x00000006 len=1 raw=55aa0049feb60000000000000600000001005957
[TCP] TX bytes=21 raw=aa550049b6fe000000000000060000000100015a57
[TCP] RX serial=06 dst=B7 code=00 reg=0x00000002 len=2 raw=55aa0006feb70000000000000200000002001457
[TCP] TX bytes=22 raw=aa550006b7fe00000000000002000000020066068057
[TCP] RX serial=E3 dst=B7 code=00 reg=0x00000016 len=8 raw=55aa00e3feb70000000000001600000008000b58
[TCP] TX bytes=28 raw=aa5500e3b7fe0000000000001600000008004d363630b7010000ac59
[TCP] RX serial=8C dst=B7 code=00 reg=0x14000000 len=88 raw=55aa008cfeb70000000000000000001458000258
[TCP] TX bytes=108 raw=aa55008cb7fe0000000000000000001458004e5354520405060708090a0b0c0d0e0f101112131415161718191a1b1c1d1e1f20212223242526272829...
[TCP] RX serial=95 dst=B7 code=00 reg=0x00000006 len=1 raw=55aa0095feb7000000000000060000000100a657
[TCP] TX bytes=21 raw=aa550095b7fe00000000000006000000010001a757
[TCP] RX serial=7B dst=B8 code=00 reg=0x00000002 len=2 raw=55aa007bfeb80000000000000200000002008a57
[TCP] TX bytes=22 raw=aa55007bb8fe0000000000000200000002006606f657
[TCP] RX serial=87 dst=B8 code=00 reg=0x00000016 len=8 raw=55aa0087feb8000000000000160000000800b057
[TCP] TX bytes=28 raw=aa550087b8fe0000000000001600000008004d363630b80100005259
[TCP] RX serial=3E dst=B8 code=00 reg=0x14000000 len=88 raw=55aa003efeb8000000000000000000145800b557
[TCP] TX bytes=108 raw=aa55003eb8fe0000000000000000001458004e5354520405060708090a0b0c0d0e0f101112131415161718191a1b1c1d1e1f20212223242526272829...
[TCP] RX serial=0F dst=B8 code=00 reg=0x00000006 len=1 raw=55aa000ffeb80000000000000600000001002157
[TCP] TX bytes=21 raw=aa55000fb8fe000000000000060000000100012257
[TCP] RX serial=06 dst=B9 code=00 reg=0x00000002 len=2 raw=55aa0006feb90000000000000200000002001657
[TCP] TX bytes=22 raw=aa550006b9fe00000000000002000000020066068257
[TCP] RX serial=12 dst=B9 code=00 reg=0x00000016 len=8 raw=55aa0012feb90000000000001600000008003c57
[TCP] TX bytes=28 raw=aa550012b9fe0000000000001600000008004d363630b9010000df58
[TCP] RX serial=CA dst=B9 code=00 reg=0x14000000 len=88 raw=55aa00cafeb90000000000000000001458004258
[TCP] TX bytes=108 raw=aa5500cab9fe0000000000000000001458004e5354520405060708090a0b0c0d0e0f101112131415161718191a1b1c1d1e1f20212223242526272829...
[TCP] RX serial=9A dst=B9 code=00 reg=0x00000006 len=1 raw=55aa009afeb9000000000000060000000100ad57
[TCP] TX bytes=21 raw=aa55009ab9fe00000000000006000000010001ae57
[TCP] RX serial=B3 dst=BA code=00 reg=0x00000002 len=2 raw=55aa00b3feba000000000000020000000200c457
[TCP] TX bytes=22 raw=aa5500b3bafe00000000000002000000020066063058
[TCP] RX serial=AB dst=BA code=00 reg=0x00000016 len=8 raw=55aa00abfeba000000000000160000000800d657
[TCP] TX bytes=28 raw=aa5500abbafe0000000000001600000008004d363630ba0100007a59
[TCP] RX serial=DA dst=BA code=00 reg=0x14000000 len=88 raw=55aa00dafeba0000000000000000001458005358
[TCP] TX bytes=108 raw=aa5500dabafe0000000000000000001458004e5354520405060708090a0b0c0d0e0f101112131415161718191a1b1c1d1e1f20212223242526272829...
[TCP] RX serial=16 dst=BA code=00 reg=0x00000006 len=1 raw=55aa0016feba0000000000000600000001002a57
[TCP] TX bytes=21 raw=aa550016bafe000000000000060000000100012b57
[TCP] RX serial=5B dst=BB code=00 reg=0x00000002 len=2 raw=55aa005bfebb0000000000000200000002006d57
[TCP] TX bytes=22 raw=aa55005bbbfe0000000000000200000002006606d957
[TCP] RX serial=FB dst=BB code=00 reg=0x00000016 len=8 raw=55aa00fbfebb0000000000001600000008002758
[TCP] TX bytes=28 raw=aa5500fbbbfe0000000000001600000008004d363630bb010000cc59
[TCP] RX serial=4B dst=BB code=00 reg=0x14000000 len=88 raw=55aa004bfebb000000000000000000145800c557
[TCP] TX bytes=108 raw=aa55004bbbfe0000000000000000001458004e5354520405060708090a0b0c0d0e0f101112131415161718191a1b1c1d1e1f20212223242526272829...
[TCP] RX serial=DC dst=BB code=00 reg=0x00000006 len=1 raw=55aa00dcfebb000000000000060000000100f157
[TCP] TX bytes=21 raw=aa5500dcbbfe00000000000006000000010001f257
[TCP] RX serial=BD dst=BC code=00 reg=0x00000002 len=2 raw=55aa00bdfebc000000000000020000000200d057
[TCP] TX bytes=22 raw=aa5500bdbcfe00000000000002000000020066063c58
[TCP] RX serial=1B dst=BC code=00 reg=0x00000016 len=8 raw=55aa001bfebc0000000000001600000008004857
[TCP] TX bytes=28 raw=aa55001bbcfe0000000000001600000008004d363630bc010000ee58
[TCP] RX serial=78 dst=BC code=00 reg=0x14000000 len=88 raw=55aa0078febc000000000000000000145800f357
[TCP] TX bytes=108 raw=aa550078bcfe0000000000000000001458004e5354520405060708090a0b0c0d0e0f101112131415161718191a1b1c1d1e1f20212223242526272829...
[TCP] RX serial=27 dst=BC code=00 reg=0x00000006 len=1 raw=55aa0027febc0000000000000600000001003d57
[TCP] TX bytes=21 raw=aa550027bcfe000000000000060000000100013e57
[TCP] RX serial=AB dst=BD code=00 reg=0x00000002 len=2 raw=55aa00abfebd000000000000020000000200bf57
[TCP] TX bytes=22 raw=aa5500abbdfe00000000000002000000020066062b58
[TCP] RX serial=78 dst=BD code=00 reg=0x00000016 len=8 raw=55aa0078febd000000000000160000000800a657
[TCP] TX bytes=28 raw=aa550078bdfe0000000000001600000008004d363630bd0100004d59
[TCP] RX serial=2F dst=BD code=00 reg=0x14000000 len=88 raw=55aa002ffebd000000000000000000145800ab57
[TCP] TX bytes=108 raw=aa55002fbdfe0000000000000000001458004e5354520405060708090a0b0c0d0e0f101112131415161718191a1b1c1d1e1f20212223242526272829...
[TCP] RX serial=9E dst=BD code=00 reg=0x00000006 len=1 raw=55aa009efebd000000000000060000000100b557
[TCP] TX bytes=21 raw=aa55009ebdfe00000000000006000000010001b657
[TCP] RX serial=3F dst=BE code=00 reg=0x00000002 len=2 raw=55aa003ffebe0000000000000200000002005457
[TCP] TX bytes=22 raw=aa55003fbefe0000000000000200000002006606c057
[TCP] RX serial=48 dst=BE code=00 reg=0x00000016 len=8 raw=55aa0048febe0000000000001600000008007757
[TCP] TX bytes=28 raw=aa550048befe0000000000001600000008004d363630be0100001f59
[TCP] RX serial=84 dst=BE code=00 reg=0x14000000 len=88 raw=55aa0084febe0000000000000000001458000158
[TCP] TX bytes=108 raw=aa550084befe0000000000000000001458004e5354520405060708090a0b0c0d0e0f101112131415161718191a1b1c1d1e1f20212223242526272829...
[TCP] RX serial=7C dst=BE code=00 reg=0x00000006 len=1 raw=55aa007cfebe0000000000000600000001009457
[TCP] TX bytes=21 raw=aa55007cbefe000000000000060000000100019557
[TCP] RX serial=D1 dst=BF code=00 reg=0x00000002 len=2 raw=55aa00d1febf000000000000020000000200e757
[TCP] TX bytes=22 raw=aa5500d1bffe00000000000002000000020066065358
[TCP] RX serial=AB dst=BF code=00 reg=0x00000016 len=8 raw=55aa00abfebf000000000000160000000800db57
[TCP] TX bytes=28 raw=aa5500abbffe0000000000001600000008004d363630bf0100008459
[TCP] RX serial=11 dst=BF code=00 reg=0x14000000 len=88 raw=55aa0011febf0000000000000000001458008f57
[TCP] TX bytes=108 raw=aa550011bffe0000000000000000001458004e5354520405060708090a0b0c0d0e0f101112131415161718191a1b1c1d1e1f20212223242526272829...
[TCP] RX serial=BE dst=BF code=00 reg=0x00000006 len=1 raw=55aa00befebf000000000000060000000100d757
[TCP] TX bytes=21 raw=aa5500bebffe00000000000006000000010001d857
[TCP] RX serial=73 dst=C0 code=00 reg=0x00000002 len=2 raw=55aa0073fec00000000000000200000002008a57
[TCP] TX bytes=22 raw=aa550073c0fe0000000000000200000002006606f657
[TCP] RX serial=D0 dst=C0 code=00 reg=0x00000016 len=8 raw=55aa00d0fec00000000000001600000008000158
[TCP] TX bytes=28 raw=aa5500d0c0fe0000000000001600000008004d363630c0010000ab59
[TCP] RX serial=72 dst=C0 code=00 reg=0x14000000 len=88 raw=55aa0072fec0000000000000000000145800f157
[TCP] TX bytes=108 raw=aa550072c0fe0000000000000000001458004e5354520405060708090a0b0c0d0e0f101112131415161718191a1b1c1d1e1f20212223242526272829...
[TCP] RX serial=96 dst=C0 code=00 reg=0x00000006 len=1 raw=55aa0096fec0000000000000060000000100b057
[TCP] TX bytes=21 raw=aa550096c0fe00000000000006000000010001b157
[TCP] RX serial=71 dst=C1 code=00 reg=0x00000002 len=2 raw=55aa0071fec10000000000000200000002008957
[TCP] TX bytes=22 raw=aa550071c1fe0000000000000200000002006606f557
[TCP] RX serial=D0 dst=C1 code=00 reg=0x00000016 len=8 raw=55aa00d0fec10000000000001600000008000258
[TCP] TX bytes=28 raw=aa5500d0c1fe0000000000001600000008004d363630c1010000ad59
[TCP] RX serial=33 dst=C1 code=00 reg=0x14000000 len=88 raw=55aa0033fec1000000000000000000145800b357
[TCP] TX bytes=108 raw=aa550033c1fe0000000000000000001458004e5354520405060708090a0b0c0d0e0f101112131415161718191a1b1c1d1e1f20212223242526272829...
[TCP] RX serial=D2 dst=C1 code=00 reg=0x00000006 len=1 raw=55aa00d2fec1000000000000060000000100ed57
[TCP] TX bytes=21 raw=aa5500d2c1fe00000000000006000000010001ee57
[TCP] RX serial=79 dst=C2 code=00 reg=0x00000002 len=2 raw=55aa0079fec20000000000000200000002009257
[TCP] TX bytes=22 raw=aa550079c2fe0000000000000200000002006606fe57
[TCP] RX serial=44 dst=C2 code=00 reg=0x00000016 len=8 raw=55aa0044fec20000000000001600000008007757
[TCP] TX bytes=28 raw=aa550044c2fe0000000000001600000008004d363630c20100002359
[TCP] RX serial=0D dst=C2 code=00 reg=0x14000000 len=88 raw=55aa000dfec20000000000000000001458008e57
[TCP] TX bytes=108 raw=aa55000dc2fe0000000000000000001458004e5354520405060708090a0b0c0d0e0f101112131415161718191a1b1c1d1e1f20212223242526272829...
[TCP] RX serial=F4 dst=C2 code=00 reg=0x00000006 len=1 raw=55aa00f4fec20000000000000600000001001058
[TCP] TX bytes=21 raw=aa5500f4c2fe000000000000060000000100011158
[TCP] RX serial=01 dst=C3 code=00 reg=0x00000002 len=2 raw=55aa0001fec30000000000000200000002001b57
[TCP] TX bytes=22 raw=aa550001c3fe00000000000002000000020066068757
[TCP] RX serial=79 dst=C3 code=00 reg=0x00000016 len=8 raw=55aa0079fec3000000000000160000000800ad57
[TCP] TX bytes=28 raw=aa550079c3fe0000000000001600000008004d363630c30100005a59
[TCP] RX serial=9A dst=C3 code=00 reg=0x14000000 len=88 raw=55aa009afec30000000000000000001458001c58
[TCP] TX bytes=108 raw=aa55009ac3fe0000000000000000001458004e5354520405060708090a0b0c0d0e0f101112131415161718191a1b1c1d1e1f20212223242526272829...
[TCP] RX serial=EA dst=C3 code=00 reg=0x00000006 len=1 raw=55aa00eafec30000000000000600000001000758
[TCP] TX bytes=21 raw=aa5500eac3fe000000000000060000000100010858
[TCP] RX serial=E4 dst=C4 code=00 reg=0x00000002 len=2 raw=55aa00e4fec4000000000000020000000200ff57
[TCP] TX bytes=22 raw=aa5500e4c4fe00000000000002000000020066066b58
[TCP] RX serial=9E dst=C4 code=00 reg=0x00000016 len=8 raw=55aa009efec4000000000000160000000800d357
[TCP] TX bytes=28 raw=aa55009ec4fe0000000000001600000008004d363630c40100008159
[TCP] RX serial=8B dst=C4 code=00 reg=0x14000000 len=88 raw=55aa008bfec40000000000000000001458000e58
[TCP] TX bytes=108 raw=aa55008bc4fe0000000000000000001458004e5354520405060708090a0b0c0d0e0f101112131415161718191a1b1c1d1e1f20212223242526272829...
[TCP] RX serial=E9 dst=C4 code=00 reg=0x00000006 len=1 raw=55aa00e9fec40000000000000600000001000758
[TCP] TX bytes=21 raw=aa5500e9c4fe000000000000060000000100010858
[TCP] RX serial=6B dst=C5 code=00 reg=0x00000002 len=2 raw=55aa006bfec50000000000000200000002008757
[TCP] TX bytes=22 raw=aa55006bc5fe0000000000000200000002006606f357
[TCP] RX serial=64 dst=C5 code=00 reg=0x00000016 len=8 raw=55aa0064fec50000000000001600000008009a57
[TCP] TX bytes=28 raw=aa550064c5fe0000000000001600000008004d363630c50100004959
[TCP] RX serial=E9 dst=C5 code=00 reg=0x14000000 len=88 raw=55aa00e9fec50000000000000000001458006d58
[TCP] TX bytes=108 raw=aa5500e9c5fe0000000000000000001458004e5354520405060708090a0b0c0d0e0f101112131415161718191a1b1c1d1e1f20212223242526272829...
[TCP] RX serial=02 dst=C5 code=00 reg=0x00000006 len=1 raw=55aa0002fec50000000000000600000001002157
[TCP] TX bytes=21 raw=aa550002c5fe000000000000060000000100012257
[TCP] RX serial=58 dst=C6 code=00 reg=0x00000002 len=2 raw=55aa0058fec60000000000000200000002007557
[TCP] TX bytes=22 raw=aa550058c6fe0000000000000200000002006606e157
[TCP] RX serial=9E dst=C6 code=00 reg=0x00000016 len=8 raw=55aa009efec6000000000000160000000800d557
[TCP] TX bytes=28 raw=aa55009ec6fe0000000000001600000008004d363630c60100008559
[TCP] RX serial=CE dst=C6 code=00 reg=0x14000000 len=88 raw=55aa00cefec60000000000000000001458005358
[TCP] TX bytes=108 raw=aa5500cec6fe0000000000000000001458004e5354520405060708090a0b0c0d0e0f101112131415161718191a1b1c1d1e1f20212223242526272829...
[TCP] RX serial=BC dst=C6 code=00 reg=0x00000006 len=1 raw=55aa00bcfec6000000000000060000000100dc57
[TCP] TX bytes=21 raw=aa5500bcc6fe00000000000006000000010001dd57
[TCP] RX serial=8D dst=C7 code=00 reg=0x00000002 len=2 raw=55aa008dfec7000000000000020000000200ab57
[TCP] TX bytes=22 raw=aa55008dc7fe00000000000002000000020066061758
[TCP] RX serial=4E dst=C7 code=00 reg=0x00000016 len=8 raw=55aa004efec70000000000001600000008008657
[TCP] TX bytes=28 raw=aa55004ec7fe0000000000001600000008004d363630c70100003759
[TCP] RX serial=C7 dst=C7 code=00 reg=0x14000000 len=88 raw=55aa00c7fec70000000000000000001458004d58
[TCP] TX bytes=108 raw=aa5500c7c7fe0000000000000000001458004e5354520405060708090a0b0c0d0e0f101112131415161718191a1b1c1d1e1f20212223242526272829...
[TCP] RX serial=07 dst=C7 code=00 reg=0x00000006 len=1 raw=55aa0007fec70000000000000600000001002857
[TCP] TX bytes=21 raw=aa550007c7fe000000000000060000000100012957
[TCP] RX serial=99 dst=C8 code=00 reg=0x00000002 len=2 raw=55aa0099fec8000000000000020000000200b857
[TCP] TX bytes=22 raw=aa550099c8fe00000000000002000000020066062458
[TCP] RX serial=1B dst=C8 code=00 reg=0x00000016 len=8 raw=55aa001bfec80000000000001600000008005457
[TCP] TX bytes=28 raw=aa55001bc8fe0000000000001600000008004d363630c80100000659
[TCP] RX serial=A1 dst=C8 code=00 reg=0x14000000 len=88 raw=55aa00a1fec80000000000000000001458002858
[TCP] TX bytes=108 raw=aa5500a1c8fe0000000000000000001458004e5354520405060708090a0b0c0d0e0f101112131415161718191a1b1c1d1e1f20212223242526272829...
[TCP] RX serial=89 dst=C8 code=00 reg=0x00000006 len=1 raw=55aa0089fec8000000000000060000000100ab57
[TCP] TX bytes=21 raw=aa550089c8fe00000000000006000000010001ac57
[TCP] RX serial=89 dst=C9 code=00 reg=0x00000002 len=2 raw=55aa0089fec9000000000000020000000200a957
[TCP] TX bytes=22 raw=aa550089c9fe00000000000002000000020066061558
[TCP] RX serial=B3 dst=C9 code=00 reg=0x00000016 len=8 raw=55aa00b3fec9000000000000160000000800ed57
[TCP] TX bytes=28 raw=aa5500b3c9fe0000000000001600000008004d363630c9010000a059
[TCP] RX serial=6A dst=C9 code=00 reg=0x14000000 len=88 raw=55aa006afec9000000000000000000145800f257
[TCP] TX bytes=108 raw=aa55006ac9fe0000000000000000001458004e5354520405060708090a0b0c0d0e0f101112131415161718191a1b1c1d1e1f20212223242526272829...
[TCP] RX serial=EC dst=C9 code=00 reg=0x00000006 len=1 raw=55aa00ecfec90000000000000600000001000f58
[TCP] TX bytes=21 raw=aa5500ecc9fe000000000000060000000100011058
[TCP] RX serial=E6 dst=CA code=00 reg=0x00000002 len=2 raw=55aa00e6feca0000000000000200000002000758
[TCP] TX bytes=22 raw=aa5500e6cafe00000000000002000000020066067358
[TCP] RX serial=A5 dst=CA code=00 reg=0x00000016 len=8 raw=55aa00a5feca000000000000160000000800e057
[TCP] TX bytes=28 raw=aa5500a5cafe0000000000001600000008004d363630ca0100009459
[TCP] RX serial=AD dst=CA code=00 reg=0x14000000 len=88 raw=55aa00adfeca0000000000000000001458003658
[TCP] TX bytes=108 raw=aa5500adcafe0000000000000000001458004e5354520405060708090a0b0c0d0e0f101112131415161718191a1b1c1d1e1f20212223242526272829...
[TCP] RX serial=66 dst=CA code=00 reg=0x00000006 len=1 raw=55aa0066feca0000000000000600000001008a57
[TCP] TX bytes=21 raw=aa550066cafe000000000000060000000100018b57
[TCP] RX serial=6A dst=CB code=00 reg=0x00000002 len=2 raw=55aa006afecb0000000000000200000002008c57
[TCP] TX bytes=22 raw=aa55006acbfe0000000000000200000002006606f857
[TCP] RX serial=3A dst=CB code=00 reg=0x00000016 len=8 raw=55aa003afecb0000000000001600000008007657
[TCP] TX bytes=28 raw=aa55003acbfe0000000000001600000008004d363630cb0100002b59
[TCP] RX serial=9C dst=CB code=00 reg=0x14000000 len=88 raw=55aa009cfecb0000000000000000001458002658
[TCP] TX bytes=108 raw=aa55009ccbfe0000000000000000001458004e5354520405060708090a0b0c0d0e0f101112131415161718191a1b1c1d1e1f20212223242526272829...
[TCP] RX serial=C5 dst=CB code=00 reg=0x00000006 len=1 raw=55aa00c5fecb000000000000060000000100ea57
[TCP] TX bytes=21 raw=aa5500c5cbfe00000000000006000000010001eb57
[TCP] RX serial=AD dst=CC code=00 reg=0x00000002 len=2 raw=55aa00adfecc000000000000020000000200d057
[TCP] TX bytes=22 raw=aa5500adccfe00000000000002000000020066063c58
[TCP] RX serial=98 dst=CC code=00 reg=0x00000016 len=8 raw=55aa0098fecc000000000000160000000800d557
[TCP] TX bytes=28 raw=aa550098ccfe0000000000001600000008004d363630cc0100008b59
[TCP] RX serial=97 dst=CC code=00 reg=0x14000000 len=88 raw=55aa0097fecc0000000000000000001458002258
[TCP] TX bytes=108 raw=aa550097ccfe0000000000000000001458004e5354520405060708090a0b0c0d0e0f101112131415161718191a1b1c1d1e1f20212223242526272829...
[TCP] RX serial=32 dst=CC code=00 reg=0x00000006 len=1 raw=55aa0032fecc0000000000000600000001005857
[TCP] TX bytes=21 raw=aa550032ccfe000000000000060000000100015957
[TCP] RX serial=20 dst=CD code=00 reg=0x00000002 len=2 raw=55aa0020fecd0000000000000200000002004457
[TCP] TX bytes=22 raw=aa550020cdfe0000000000000200000002006606b057
[TCP] RX serial=26 dst=CD code=00 reg=0x00000016 len=8 raw=55aa0026fecd0000000000001600000008006457
[TCP] TX bytes=28 raw=aa550026cdfe0000000000001600000008004d363630cd0100001b59
[TCP] RX serial=53 dst=CD code=00 reg=0x14000000 len=88 raw=55aa0053fecd000000000000000000145800df57
[TCP] TX bytes=108 raw=aa550053cdfe0000000000000000001458004e5354520405060708090a0b0c0d0e0f101112131415161718191a1b1c1d1e1f20212223242526272829...
[TCP] RX serial=0E dst=CD code=00 reg=0x00000006 len=1 raw=55aa000efecd0000000000000600000001003557
[TCP] TX bytes=21 raw=aa55000ecdfe000000000000060000000100013657
[TCP] RX serial=E5 dst=CE code=00 reg=0x00000002 len=2 raw=55aa00e5fece0000000000000200000002000a58
[TCP] TX bytes=22 raw=aa5500e5cefe00000000000002000000020066067658
[TCP] RX serial=6F dst=CE code=00 reg=0x00000016 len=8 raw=55aa006ffece000000000000160000000800ae57
[TCP] TX bytes=28 raw=aa55006fcefe0000000000001600000008004d363630ce0100006659
[TCP] RX serial=3E dst=CE code=00 reg=0x14000000 len=88 raw=55aa003efece000000000000000000145800cb57
[TCP] TX bytes=108 raw=aa55003ecefe0000000000000000001458004e5354520405060708090a0b0c0d0e0f101112131415161718191a1b1c1d1e1f20212223242526272829...
[TCP] RX serial=D2 dst=CE code=00 reg=0x00000006 len=1 raw=55aa00d2fece000000000000060000000100fa57
[TCP] TX bytes=21 raw=aa5500d2cefe00000000000006000000010001fb57
[TCP] RX serial=01 dst=CF code=00 reg=0x00000002 len=2 raw=55aa0001fecf0000000000000200000002002757
[TCP] TX bytes=22 raw=aa550001cffe00000000000002000000020066069357
[TCP] RX serial=75 dst=CF code=00 reg=0x00000016 len=8 raw=55aa0075fecf000000000000160000000800b557
[TCP] TX bytes=28 raw=aa550075cffe0000000000001600000008004d363630cf0100006e59
[TCP] RX serial=44 dst=CF code=00 reg=0x14000000 len=88 raw=55aa0044fecf000000000000000000145800d257
[TCP] TX bytes=108 raw=aa550044cffe0000000000000000001458004e5354520405060708090a0b0c0d0e0f101112131415161718191a1b1c1d1e1f20212223242526272829...
[TCP] RX serial=2B dst=CF code=00 reg=0x00000006 len=1 raw=55aa002bfecf0000000000000600000001005457
[TCP] TX bytes=21 raw=aa55002bcffe000000000000060000000100015557
[TCP] RX serial=7C dst=D0 code=00 reg=0x00000002 len=2 raw=55aa007cfed0000000000000020000000200a357
[TCP] TX bytes=22 raw=aa55007cd0fe00000000000002000000020066060f58
[TCP] RX serial=06 dst=D0 code=00 reg=0x00000016 len=8 raw=55aa0006fed00000000000001600000008004757
[TCP] TX bytes=28 raw=aa550006d0fe0000000000001600000008004d363630d00100000159
[TCP] RX serial=5A dst=D0 code=00 reg=0x14000000 len=88 raw=55aa005afed0000000000000000000145800e957
[TCP] TX bytes=108 raw=aa55005ad0fe0000000000000000001458004e5354520405060708090a0b0c0d0e0f101112131415161718191a1b1c1d1e1f20212223242526272829...
[TCP] RX serial=E5 dst=D0 code=00 reg=0x00000006 len=1 raw=55aa00e5fed00000000000000600000001000f58
[TCP] TX bytes=21 raw=aa5500e5d0fe000000000000060000000100011058
[TCP] RX serial=D6 dst=D1 code=00 reg=0x00000002 len=2 raw=55aa00d6fed1000000000000020000000200fe57
[TCP] TX bytes=22 raw=aa5500d6d1fe00000000000002000000020066066a58
[TCP] RX serial=10 dst=D1 code=00 reg=0x00000016 len=8 raw=55aa0010fed10000000000001600000008005257
[TCP] TX bytes=28 raw=aa550010d1fe0000000000001600000008004d363630d10100000d59
[TCP] RX serial=61 dst=D1 code=00 reg=0x14000000 len=88 raw=55aa0061fed1000000000000000000145800f157
[TCP] TX bytes=108 raw=aa550061d1fe0000000000000000001458004e5354520405060708090a0b0c0d0e0f101112131415161718191a1b1c1d1e1f20212223242526272829...
[TCP] RX serial=31 dst=D1 code=00 reg=0x00000006 len=1 raw=55aa0031fed10000000000000600000001005c57
[TCP] TX bytes=21 raw=aa550031d1fe000000000000060000000100015d57
[TCP] RX serial=33 dst=D2 code=00 reg=0x00000002 len=2 raw=55aa0033fed20000000000000200000002005c57
[TCP] TX bytes=22 raw=aa550033d2fe0000000000000200000002006606c857
[TCP] RX serial=9D dst=D2 code=00 reg=0x00000016 len=8 raw=55aa009dfed2000000000000160000000800e057
[TCP] TX bytes=28 raw=aa55009dd2fe0000000000001600000008004d363630d20100009c59
[TCP] RX serial=03 dst=D2 code=00 reg=0x14000000 len=88 raw=55aa0003fed20000000000000000001458009457
[TCP] TX bytes=108 raw=aa550003d2fe0000000000000000001458004e5354520405060708090a0b0c0d0e0f101112131415161718191a1b1c1d1e1f20212223242526272829...
[TCP] RX serial=C5 dst=D2 code=00 reg=0x00000006 len=1 raw=55aa00c5fed2000000000000060000000100f157
[TCP] TX bytes=21 raw=aa5500c5d2fe00000000000006000000010001f257
[TCP] RX serial=B6 dst=D3 code=00 reg=0x00000002 len=2 raw=55aa00b6fed3000000000000020000000200e057
[TCP] TX bytes=22 raw=aa5500b6d3fe00000000000002000000020066064c58
[TCP] RX serial=83 dst=D3 code=00 reg=0x00000016 len=8 raw=55aa0083fed3000000000000160000000800c757
[TCP] TX bytes=28 raw=aa550083d3fe0000000000001600000008004d363630d30100008459
[TCP] RX serial=97 dst=D3 code=00 reg=0x14000000 len=88 raw=55aa0097fed30000000000000000001458002958
[TCP] TX bytes=108 raw=aa550097d3fe0000000000000000001458004e5354520405060708090a0b0c0d0e0f101112131415161718191a1b1c1d1e1f20212223242526272829...
[TCP] RX serial=1E dst=D3 code=00 reg=0x00000006 len=1 raw=55aa001efed30000000000000600000001004b57
[TCP] TX bytes=21 raw=aa55001ed3fe000000000000060000000100014c57
[TCP] RX serial=01 dst=D4 code=00 reg=0x00000002 len=2 raw=55aa0001fed40000000000000200000002002c57
[TCP] TX bytes=22 raw=aa550001d4fe00000000000002000000020066069857
[TCP] RX serial=09 dst=D4 code=00 reg=0x00000016 len=8 raw=55aa0009fed40000000000001600000008004e57
[TCP] TX bytes=28 raw=aa550009d4fe0000000000001600000008004d363630d40100000c59
[TCP] RX serial=0F dst=D4 code=00 reg=0x14000000 len=88 raw=55aa000ffed4000000000000000000145800a257
[TCP] TX bytes=108 raw=aa55000fd4fe0000000000000000001458004e5354520405060708090a0b0c0d0e0f101112131415161718191a1b1c1d1e1f20212223242526272829...
[TCP] RX serial=F3 dst=D4 code=00 reg=0x00000006 len=1 raw=55aa00f3fed40000000000000600000001002158
[TCP] TX bytes=21 raw=aa5500f3d4fe000000000000060000000100012258
[TCP] RX serial=B5 dst=D5 code=00 reg=0x00000002 len=2 raw=55aa00b5fed5000000000000020000000200e157
[TCP] TX bytes=22 raw=aa5500b5d5fe00000000000002000000020066064d58
[TCP] RX serial=94 dst=D5 code=00 reg=0x00000016 len=8 raw=55aa0094fed5000000000000160000000800da57
[TCP] TX bytes=28 raw=aa550094d5fe0000000000001600000008004d363630d50100009959
[TCP] RX serial=E6 dst=D5 code=00 reg=0x14000000 len=88 raw=55aa00e6fed50000000000000000001458007a58
[TCP] TX bytes=108 raw=aa5500e6d5fe0000000000000000001458004e5354520405060708090a0b0c0d0e0f101112131415161718191a1b1c1d1e1f20212223242526272829...
[TCP] RX serial=73 dst=D5 code=00 reg=0x00000006 len=1 raw=55aa0073fed5000000000000060000000100a257
[TCP] TX bytes=21 raw=aa550073d5fe00000000000006000000010001a357
[TCP] RX serial=C7 dst=D6 code=00 reg=0x00000002 len=2 raw=55aa00c7fed6000000000000020000000200f457
[TCP] TX bytes=22 raw=aa5500c7d6fe00000000000002000000020066066058
[TCP] RX serial=92 dst=D6 code=00 reg=0x00000016 len=8 raw=55aa0092fed6000000000000160000000800d957
[TCP] TX bytes=28 raw=aa550092d6fe0000000000001600000008004d363630d60100009959
[TCP] RX serial=A3 dst=D6 code=00 reg=0x14000000 len=88 raw=55aa00a3fed60000000000000000001458003858
[TCP] TX bytes=108 raw=aa5500a3d6fe0000000000000000001458004e5354520405060708090a0b0c0d0e0f101112131415161718191a1b1c1d1e1f20212223242526272829...
[TCP] RX serial=19 dst=D6 code=00 reg=0x00000006 len=1 raw=55aa0019fed60000000000000600000001004957
[TCP] TX bytes=21 raw=aa550019d6fe000000000000060000000100014a57
[TCP] RX serial=74 dst=D7 code=00 reg=0x00000002 len=2 raw=55aa0074fed7000000000000020000000200a257
[TCP] TX bytes=22 raw=aa550074d7fe00000000000002000000020066060e58
[TCP] RX serial=97 dst=D7 code=00 reg=0x00000016 len=8 raw=55aa0097fed7000000000000160000000800df57
[TCP] TX bytes=28 raw=aa550097d7fe0000000000001600000008004d363630d7010000a059
[TCP] RX serial=EB dst=D7 code=00 reg=0x14000000 len=88 raw=55aa00ebfed70000000000000000001458008158
[TCP] TX bytes=108 raw=aa5500ebd7fe0000000000000000001458004e5354520405060708090a0b0c0d0e0f101112131415161718191a1b1c1d1e1f20212223242526272829...
[TCP] RX serial=71 dst=D7 code=00 reg=0x00000006 len=1 raw=55aa0071fed7000000000000060000000100a257
[TCP] TX bytes=21 raw=aa550071d7fe00000000000006000000010001a357
[TCP] RX serial=60 dst=D8 code=00 reg=0x00000002 len=2 raw=55aa0060fed80000000000000200000002008f57
[TCP] TX bytes=22 raw=aa550060d8fe0000000000000200000002006606fb57
[TCP] RX serial=82 dst=D8 code=00 reg=0x00000016 len=8 raw=55aa0082fed8000000000000160000000800cb57
[TCP] TX bytes=28 raw=aa550082d8fe0000000000001600000008004d363630d80100008d59
[TCP] RX serial=E8 dst=D8 code=00 reg=0x14000000 len=88 raw=55aa00e8fed80000000000000000001458007f58
[TCP] TX bytes=108 raw=aa5500e8d8fe0000000000000000001458004e5354520405060708090a0b0c0d0e0f101112131415161718191a1b1c1d1e1f20212223242526272829...
[TCP] RX serial=64 dst=D8 code=00 reg=0x00000006 len=1 raw=55aa0064fed80000000000000600000001009657
[TCP] TX bytes=21 raw=aa550064d8fe000000000000060000000100019757
[TCP] RX serial=DE dst=D9 code=00 reg=0x00000002 len=2 raw=55aa00defed90000000000000200000002000e58
[TCP] TX bytes=22 raw=aa5500ded9fe00000000000002000000020066067a58
[TCP] RX serial=B6 dst=D9 code=00 reg=0x00000016 len=8 raw=55aa00b6fed90000000000001600000008000058
[TCP] TX bytes=28 raw=aa5500b6d9fe0000000000001600000008004d363630d9010000c359
[TCP] RX serial=ED dst=D9 code=00 reg=0x14000000 len=88 raw=55aa00edfed90000000000000000001458008558
[TCP] TX bytes=108 raw=aa5500edd9fe0000000000000000001458004e5354520405060708090a0b0c0d0e0f101112131415161718191a1b1c1d1e1f20212223242526272829...
[TCP] RX serial=9D dst=D9 code=00 reg=0x00000006 len=1 raw=55aa009dfed9000000000000060000000100d057
[TCP] TX bytes=21 raw=aa55009dd9fe00000000000006000000010001d157
[TCP] RX serial=37 dst=DA code=00 reg=0x00000002 len=2 raw=55aa0037feda0000000000000200000002006857
[TCP] TX bytes=22 raw=aa550037dafe0000000000000200000002006606d457
[TCP] RX serial=66 dst=DA code=00 reg=0x00000016 len=8 raw=55aa0066feda000000000000160000000800b157
[TCP] TX bytes=28 raw=aa550066dafe0000000000001600000008004d363630da0100007559
[TCP] RX serial=FD dst=DA code=00 reg=0x14000000 len=88 raw=55aa00fdfeda0000000000000000001458009658
[TCP] TX bytes=108 raw=aa5500fddafe0000000000000000001458004e5354520405060708090a0b0c0d0e0f101112131415161718191a1b1c1d1e1f20212223242526272829...
[TCP] RX serial=82 dst=DA code=00 reg=0x00000006 len=1 raw=55aa0082feda000000000000060000000100b657
[TCP] TX bytes=21 raw=aa550082dafe00000000000006000000010001b757
[TCP] RX serial=23 dst=DB code=00 reg=0x00000002 len=2 raw=55aa0023fedb0000000000000200000002005557
[TCP] TX bytes=22 raw=aa550023dbfe0000000000000200000002006606c157
[TCP] RX serial=8D dst=DB code=00 reg=0x00000016 len=8 raw=55aa008dfedb000000000000160000000800d957
[TCP] TX bytes=28 raw=aa55008ddbfe0000000000001600000008004d363630db0100009e59
[TCP] RX serial=56 dst=DB code=00 reg=0x14000000 len=88 raw=55aa0056fedb000000000000000000145800f057
[TCP] TX bytes=108 raw=aa550056dbfe0000000000000000001458004e5354520405060708090a0b0c0d0e0f101112131415161718191a1b1c1d1e1f20212223242526272829...
[TCP] RX serial=62 dst=DB code=00 reg=0x00000006 len=1 raw=55aa0062fedb0000000000000600000001009757
[TCP] TX bytes=21 raw=aa550062dbfe000000000000060000000100019857
[TCP] RX serial=D7 dst=DC code=00 reg=0x00000002 len=2 raw=55aa00d7fedc0000000000000200000002000a58
[TCP] TX bytes=22 raw=aa5500d7dcfe00000000000002000000020066067658
[TCP] RX serial=20 dst=DC code=00 reg=0x00000016 len=8 raw=55aa0020fedc0000000000001600000008006d57
[TCP] TX bytes=28 raw=aa550020dcfe0000000000001600000008004d363630dc0100003359
[TCP] RX serial=D0 dst=DC code=00 reg=0x14000000 len=88 raw=55aa00d0fedc0000000000000000001458006b58
[TCP] TX bytes=108 raw=aa5500d0dcfe0000000000000000001458004e5354520405060708090a0b0c0d0e0f101112131415161718191a1b1c1d1e1f20212223242526272829...
[TCP] RX serial=F6 dst=DC code=00 reg=0x00000006 len=1 raw=55aa00f6fedc0000000000000600000001002c58
[TCP] TX bytes=21 raw=aa5500f6dcfe000000000000060000000100012d58
[TCP] RX serial=66 dst=DD code=00 reg=0x00000002 len=2 raw=55aa0066fedd0000000000000200000002009a57
[TCP] TX bytes=22 raw=aa550066ddfe00000000000002000000020066060658
[TCP] RX serial=4F dst=DD code=00 reg=0x00000016 len=8 raw=55aa004ffedd0000000000001600000008009d57
[TCP] TX bytes=28 raw=aa55004fddfe0000000000001600000008004d363630dd0100006459
[TCP] RX serial=74 dst=DD code=00 reg=0x14000000 len=88 raw=55aa0074fedd0000000000000000001458001058
[TCP] TX bytes=108 raw=aa550074ddfe0000000000000000001458004e5354520405060708090a0b0c0d0e0f101112131415161718191a1b1c1d1e1f20212223242526272829...
[TCP] RX serial=E6 dst=DD code=00 reg=0x00000006 len=1 raw=55aa00e6fedd0000000000000600000001001d58
[TCP] TX bytes=21 raw=aa5500e6ddfe000000000000060000000100011e58
[TCP] RX serial=1E dst=DE code=00 reg=0x00000002 len=2 raw=55aa001efede0000000000000200000002005357
[TCP] TX bytes=22 raw=aa55001edefe0000000000000200000002006606bf57
[TCP] RX serial=E5 dst=DE code=00 reg=0x00000016 len=8 raw=55aa00e5fede0000000000001600000008003458
[TCP] TX bytes=28 raw=aa5500e5defe0000000000001600000008004d363630de010000fc59
[TCP] RX serial=1E dst=DE code=00 reg=0x14000000 len=88 raw=55aa001efede000000000000000000145800bb57
[TCP] TX bytes=108 raw=aa55001edefe0000000000000000001458004e5354520405060708090a0b0c0d0e0f101112131415161718191a1b1c1d1e1f20212223242526272829...
[TCP] RX serial=43 dst=DE code=00 reg=0x00000006 len=1 raw=55aa0043fede0000000000000600000001007b57
[TCP] TX bytes=21 raw=aa550043defe000000000000060000000100017c57
[TCP] RX serial=6C dst=DF code=00 reg=0x00000002 len=2 raw=55aa006cfedf000000000000020000000200a257
[TCP] TX bytes=22 raw=aa55006cdffe00000000000002000000020066060e58
[TCP] RX serial=47 dst=DF code=00 reg=0x00000016 len=8 raw=55aa0047fedf0000000000001600000008009757
[TCP] TX bytes=28 raw=aa550047dffe0000000000001600000008004d363630df0100006059
[TCP] RX serial=BB dst=DF code=00 reg=0x14000000 len=88 raw=55aa00bbfedf0000000000000000001458005958
[TCP] TX bytes=108 raw=aa5500bbdffe0000000000000000001458004e5354520405060708090a0b0c0d0e0f101112131415161718191a1b1c1d1e1f20212223242526272829...
[TCP] RX serial=9B dst=DF code=00 reg=0x00000006 len=1 raw=55aa009bfedf000000000000060000000100d457
[TCP] TX bytes=21 raw=aa55009bdffe00000000000006000000010001d557
[TCP] RX serial=B0 dst=E0 code=00 reg=0x00000002 len=2 raw=55aa00b0fee0000000000000020000000200e757
[TCP] TX bytes=22 raw=aa5500b0e0fe00000000000002000000020066065358
[TCP] RX serial=90 dst=E0 code=00 reg=0x00000016 len=8 raw=55aa0090fee0000000000000160000000800e157
[TCP] TX bytes=28 raw=aa550090e0fe0000000000001600000008004d363630e0010000ab59
[TCP] RX serial=64 dst=E0 code=00 reg=0x14000000 len=88 raw=55aa0064fee00000000000000000001458000358
[TCP] TX bytes=108 raw=aa550064e0fe0000000000000000001458004e5354520405060708090a0b0c0d0e0f101112131415161718191a1b1c1d1e1f20212223242526272829...
[TCP] RX serial=34 dst=E0 code=00 reg=0x00000006 len=1 raw=55aa0034fee00000000000000600000001006e57
[TCP] TX bytes=21 raw=aa550034e0fe000000000000060000000100016f57
[TCP] RX serial=99 dst=E1 code=00 reg=0x00000002 len=2 raw=55aa0099fee1000000000000020000000200d157
[TCP] TX bytes=22 raw=aa550099e1fe00000000000002000000020066063d58
[TCP] RX serial=33 dst=E1 code=00 reg=0x00000016 len=8 raw=55aa0033fee10000000000001600000008008557
[TCP] TX bytes=28 raw=aa550033e1fe0000000000001600000008004d363630e10100005059
[TCP] RX serial=3E dst=E1 code=00 reg=0x14000000 len=88 raw=55aa003efee1000000000000000000145800de57
[TCP] TX bytes=108 raw=aa55003ee1fe0000000000000000001458004e5354520405060708090a0b0c0d0e0f101112131415161718191a1b1c1d1e1f20212223242526272829...
[TCP] RX serial=4A dst=E1 code=00 reg=0x00000006 len=1 raw=55aa004afee10000000000000600000001008557
[TCP] TX bytes=21 raw=aa55004ae1fe000000000000060000000100018657
[TCP] RX serial=1B dst=E2 code=00 reg=0x00000002 len=2 raw=55aa001bfee20000000000000200000002005457
[TCP] TX bytes=22 raw=aa55001be2fe0000000000000200000002006606c057
[TCP] RX serial=70 dst=E2 code=00 reg=0x00000016 len=8 raw=55aa0070fee2000000000000160000000800c357
[TCP] TX bytes=28 raw=aa550070e2fe0000000000001600000008004d363630e20100008f59
[TCP] RX serial=BC dst=E2 code=00 reg=0x14000000 len=88 raw=55aa00bcfee20000000000000000001458005d58
[TCP] TX bytes=108 raw=aa5500bce2fe0000000000000000001458004e5354520405060708090a0b0c0d0e0f101112131415161718191a1b1c1d1e1f20212223242526272829...
[TCP] RX serial=4F dst=E2 code=00 reg=0x00000006 len=1 raw=55aa004ffee20000000000000600000001008b57
[TCP] TX bytes=21 raw=aa55004fe2fe000000000000060000000100018c57
[TCP] RX serial=95 dst=E3 code=00 reg=0x00000002 len=2 raw=55aa0095fee3000000000000020000000200cf57
[TCP] TX bytes=22 raw=aa550095e3fe00000000000002000000020066063b58
[TCP] RX serial=63 dst=E3 code=00 reg=0x00000016 len=8 raw=55aa0063fee3000000000000160000000800b757
[TCP] TX bytes=28 raw=aa550063e3fe0000000000001600000008004d363630e30100008459
[TCP] RX serial=4F dst=E3 code=00 reg=0x14000000 len=88 raw=55aa004ffee3000000000000000000145800f157
[TCP] TX bytes=108 raw=aa55004fe3fe0000000000000000001458004e5354520405060708090a0b0c0d0e0f101112131415161718191a1b1c1d1e1f20212223242526272829...
[TCP] RX serial=39 dst=E3 code=00 reg=0x00000006 len=1 raw=55aa0039fee30000000000000600000001007657
[TCP] TX bytes=21 raw=aa550039e3fe000000000000060000000100017757
[TCP] RX serial=3C dst=E4 code=00 reg=0x00000002 len=2 raw=55aa003cfee40000000000000200000002007757
[TCP] TX bytes=22 raw=aa55003ce4fe0000000000000200000002006606e357
[TCP] RX serial=40 dst=E4 code=00 reg=0x00000016 len=8 raw=55aa0040fee40000000000001600000008009557
[TCP] TX bytes=28 raw=aa550040e4fe0000000000001600000008004d363630e40100006359
[TCP] RX serial=41 dst=E4 code=00 reg=0x14000000 len=88 raw=55aa0041fee4000000000000000000145800e457
[TCP] TX bytes=108 raw=aa550041e4fe0000000000000000001458004e5354520405060708090a0b0c0d0e0f101112131415161718191a1b1c1d1e1f20212223242526272829...
[TCP] RX serial=53 dst=E4 code=00 reg=0x00000006 len=1 raw=55aa0053fee40000000000000600000001009157
[TCP] TX bytes=21 raw=aa550053e4fe000000000000060000000100019257
[TCP] RX serial=C6 dst=E5 code=00 reg=0x00000002 len=2 raw=55aa00c6fee50000000000000200000002000258
[TCP] TX bytes=22 raw=aa5500c6e5fe00000000000002000000020066066e58
[TCP] RX serial=F4 dst=E5 code=00 reg=0x00000016 len=8 raw=55aa00f4fee50000000000001600000008004a58
[TCP] TX bytes=28 raw=aa5500f4e5fe0000000000001600000008004d363630e5010000195a
[TCP] RX serial=0A dst=E5 code=00 reg=0x14000000 len=88 raw=55aa000afee5000000000000000000145800ae57
[TCP] TX bytes=108 raw=aa55000ae5fe0000000000000000001458004e5354520405060708090a0b0c0d0e0f101112131415161718191a1b1c1d1e1f20212223242526272829...
[TCP] RX serial=10 dst=E5 code=00 reg=0x00000006 len=1 raw=55aa0010fee50000000000000600000001004f57
[TCP] TX bytes=21 raw=aa550010e5fe000000000000060000000100015057
[TCP] RX serial=0D dst=E6 code=00 reg=0x00000002 len=2 raw=55aa000dfee60000000000000200000002004a57
[TCP] TX bytes=22 raw=aa55000de6fe0000000000000200000002006606b657
[TCP] RX serial=01 dst=E6 code=00 reg=0x00000016 len=8 raw=55aa0001fee60000000000001600000008005857
[TCP] TX bytes=28 raw=aa550001e6fe0000000000001600000008004d363630e60100002859
[TCP] RX serial=45 dst=E6 code=00 reg=0x14000000 len=88 raw=55aa0045fee6000000000000000000145800ea57
[TCP] TX bytes=108 raw=aa550045e6fe0000000000000000001458004e5354520405060708090a0b0c0d0e0f101112131415161718191a1b1c1d1e1f20212223242526272829...
[TCP] RX serial=F8 dst=E6 code=00 reg=0x00000006 len=1 raw=55aa00f8fee60000000000000600000001003858
[TCP] TX bytes=21 raw=aa5500f8e6fe000000000000060000000100013958
[TCP] RX serial=98 dst=E7 code=00 reg=0x00000002 len=2 raw=55aa0098fee7000000000000020000000200d657
[TCP] TX bytes=22 raw=aa550098e7fe00000000000002000000020066064258
[TCP] RX serial=A9 dst=E7 code=00 reg=0x00000016 len=8 raw=55aa00a9fee70000000000001600000008000158
[TCP] TX bytes=28 raw=aa5500a9e7fe0000000000001600000008004d363630e7010000d259
[TCP] RX serial=31 dst=E7 code=00 reg=0x14000000 len=88 raw=55aa0031fee7000000000000000000145800d757
[TCP] TX bytes=108 raw=aa550031e7fe0000000000000000001458004e5354520405060708090a0b0c0d0e0f101112131415161718191a1b1c1d1e1f20212223242526272829...
[TCP] RX serial=EF dst=E7 code=00 reg=0x00000006 len=1 raw=55aa00effee70000000000000600000001003058
[TCP] TX bytes=21 raw=aa5500efe7fe000000000000060000000100013158
[TCP] RX serial=A9 dst=E8 code=00 reg=0x00000002 len=2 raw=55aa00a9fee8000000000000020000000200e857
[TCP] TX bytes=22 raw=aa5500a9e8fe00000000000002000000020066065458
[TCP] RX serial=62 dst=E8 code=00 reg=0x00000016 len=8 raw=55aa0062fee8000000000000160000000800bb57
[TCP] TX bytes=28 raw=aa550062e8fe0000000000001600000008004d363630e80100008d59
[TCP] RX serial=D0 dst=E8 code=00 reg=0x14000000 len=88 raw=55aa00d0fee80000000000000000001458007758
[TCP] TX bytes=108 raw=aa5500d0e8fe0000000000000000001458004e5354520405060708090a0b0c0d0e0f101112131415161718191a1b1c1d1e1f20212223242526272829...
[TCP] RX serial=91 dst=E8 code=00 reg=0x00000006 len=1 raw=55aa0091fee8000000000000060000000100d357
[TCP] TX bytes=21 raw=aa550091e8fe00000000000006000000010001d457
[TCP] RX serial=28 dst=E9 code=00 reg=0x00000002 len=2 raw=55aa0028fee90000000000000200000002006857
[TCP] TX bytes=22 raw=aa550028e9fe0000000000000200000002006606d457
[TCP] RX serial=22 dst=E9 code=00 reg=0x00000016 len=8 raw=55aa0022fee90000000000001600000008007c57
[TCP] TX bytes=28 raw=aa550022e9fe0000000000001600000008004d363630e90100004f59
[TCP] RX serial=C7 dst=E9 code=00 reg=0x14000000 len=88 raw=55aa00c7fee90000000000000000001458006f58
[TCP] TX bytes=108 raw=aa5500c7e9fe0000000000000000001458004e5354520405060708090a0b0c0d0e0f101112131415161718191a1b1c1d1e1f20212223242526272829...
[TCP] RX serial=A3 dst=E9 code=00 reg=0x00000006 len=1 raw=55aa00a3fee9000000000000060000000100e657
[TCP] TX bytes=21 raw=aa5500a3e9fe00000000000006000000010001e757
[TCP] RX serial=E1 dst=EA code=00 reg=0x00000002 len=2 raw=55aa00e1feea0000000000000200000002002258
[TCP] TX bytes=22 raw=aa5500e1eafe00000000000002000000020066068e58
[TCP] RX serial=86 dst=EA code=00 reg=0x00000016 len=8 raw=55aa0086feea000000000000160000000800e157
[TCP] TX bytes=28 raw=aa550086eafe0000000000001600000008004d363630ea010000b559
[TCP] RX serial=DB dst=EA code=00 reg=0x14000000 len=88 raw=55aa00dbfeea0000000000000000001458008458
[TCP] TX bytes=108 raw=aa5500dbeafe0000000000000000001458004e5354520405060708090a0b0c0d0e0f101112131415161718191a1b1c1d1e1f20212223242526272829...
[TCP] RX serial=F4 dst=EA code=00 reg=0x00000006 len=1 raw=55aa00f4feea0000000000000600000001003858
[TCP] TX bytes=21 raw=aa5500f4eafe000000000000060000000100013958
[TCP] RX serial=92 dst=EB code=00 reg=0x00000002 len=2 raw=55aa0092feeb000000000000020000000200d457
[TCP] TX bytes=22 raw=aa550092ebfe00000000000002000000020066064058
[TCP] RX serial=25 dst=EB code=00 reg=0x00000016 len=8 raw=55aa0025feeb0000000000001600000008008157
[TCP] TX bytes=28 raw=aa550025ebfe0000000000001600000008004d363630eb0100005659
[TCP] RX serial=51 dst=EB code=00 reg=0x14000000 len=88 raw=55aa0051feeb000000000000000000145800fb57
[TCP] TX bytes=108 raw=aa550051ebfe0000000000000000001458004e5354520405060708090a0b0c0d0e0f101112131415161718191a1b1c1d1e1f20212223242526272829...
[TCP] RX serial=BA dst=EB code=00 reg=0x00000006 len=1 raw=55aa00bafeeb000000000000060000000100ff57
[TCP] TX bytes=21 raw=aa5500baebfe000000000000060000000100010058
[TCP] RX serial=95 dst=EC code=00 reg=0x00000002 len=2 raw=55aa0095feec000000000000020000000200d857
[TCP] TX bytes=22 raw=aa550095ecfe00000000000002000000020066064458
[TCP] RX serial=E3 dst=EC code=00 reg=0x00000016 len=8 raw=55aa00e3feec0000000000001600000008004058
[TCP] TX bytes=28 raw=aa5500e3ecfe0000000000001600000008004d363630ec010000165a
[TCP] RX serial=07 dst=EC code=00 reg=0x14000000 len=88 raw=55aa0007feec000000000000000000145800b257
[TCP] TX bytes=108 raw=aa550007ecfe0000000000000000001458004e5354520405060708090a0b0c0d0e0f101112131415161718191a1b1c1d1e1f20212223242526272829...
[TCP] RX serial=2B dst=EC code=00 reg=0x00000006 len=1 raw=55aa002bfeec0000000000000600000001007157
[TCP] TX bytes=21 raw=aa55002becfe000000000000060000000100017257
[TCP] RX serial=05 dst=ED code=00 reg=0x00000002 len=2 raw=55aa0005feed0000000000000200000002004957
[TCP] TX bytes=22 raw=aa550005edfe0000000000000200000002006606b557
[TCP] RX serial=68 dst=ED code=00 reg=0x00000016 len=8 raw=55aa0068feed000000000000160000000800c657
[TCP] TX bytes=28 raw=aa550068edfe0000000000001600000008004d363630ed0100009d59
[TCP] RX serial=D3 dst=ED code=00 reg=0x14000000 len=88 raw=55aa00d3feed0000000000000000001458007f58
[TCP] TX bytes=108 raw=aa5500d3edfe0000000000000000001458004e5354520405060708090a0b0c0d0e0f101112131415161718191a1b1c1d1e1f20212223242526272829...
[TCP] RX serial=BB dst=ED code=00 reg=0x00000006 len=1 raw=55aa00bbfeed0000000000000600000001000258
[TCP] TX bytes=21 raw=aa5500bbedfe000000000000060000000100010358
[TCP] RX serial=85 dst=EE code=00 reg=0x00000002 len=2 raw=55aa0085feee000000000000020000000200ca57
[TCP] TX bytes=22 raw=aa550085eefe00000000000002000000020066063658
[TCP] RX serial=54 dst=EE code=00 reg=0x00000016 len=8 raw=55aa0054feee000000000000160000000800b357
[TCP] TX bytes=28 raw=aa550054eefe0000000000001600000008004d363630ee0100008b59
[TCP] RX serial=26 dst=EE code=00 reg=0x14000000 len=88 raw=55aa0026feee000000000000000000145800d357
[TCP] TX bytes=108 raw=aa550026eefe0000000000000000001458004e5354520405060708090a0b0c0d0e0f101112131415161718191a1b1c1d1e1f20212223242526272829...
[TCP] RX serial=97 dst=EE code=00 reg=0x00000006 len=1 raw=55aa0097feee000000000000060000000100df57
[TCP] TX bytes=21 raw=aa550097eefe00000000000006000000010001e057
[TCP] RX serial=EC dst=EF code=00 reg=0x00000002 len=2 raw=55aa00ecfeef0000000000000200000002003258
[TCP] TX bytes=22 raw=aa5500eceffe00000000000002000000020066069e58
[TCP] RX serial=44 dst=EF code=00 reg=0x00000016 len=8 raw=55aa0044feef000000000000160000000800a457
[TCP] TX bytes=28 raw=aa550044effe0000000000001600000008004d363630ef0100007d59
[TCP] RX serial=B0 dst=EF code=00 reg=0x14000000 len=88 raw=55aa00b0feef0000000000000000001458005e58
[TCP] TX bytes=108 raw=aa5500b0effe0000000000000000001458004e5354520405060708090a0b0c0d0e0f101112131415161718191a1b1c1d1e1f20212223242526272829...
[TCP] RX serial=70 dst=EF code=00 reg=0x00000006 len=1 raw=55aa0070feef000000000000060000000100b957
[TCP] TX bytes=21 raw=aa550070effe00000000000006000000010001ba57
[TCP] RX serial=3E dst=F0 code=00 reg=0x00000002 len=2 raw=55aa003efef00000000000000200000002008557
[TCP] TX bytes=22 raw=aa55003ef0fe0000000000000200000002006606f157
[TCP] RX serial=CB dst=F0 code=00 reg=0x00000016 len=8 raw=55aa00cbfef00000000000001600000008002c58
[TCP] TX bytes=28 raw=aa5500cbf0fe0000000000001600000008004d363630f0010000065a
[TCP] RX serial=A4 dst=F0 code=00 reg=0x14000000 len=88 raw=55aa00a4fef00000000000000000001458005358
[TCP] TX bytes=108 raw=aa5500a4f0fe0000000000000000001458004e5354520405060708090a0b0c0d0e0f101112131415161718191a1b1c1d1e1f20212223242526272829...
[TCP] RX serial=32 dst=F0 code=00 reg=0x00000006 len=1 raw=55aa0032fef00000000000000600000001007c57
[TCP] TX bytes=21 raw=aa550032f0fe000000000000060000000100017d57
[TCP] RX serial=92 dst=F1 code=00 reg=0x00000002 len=2 raw=55aa0092fef1000000000000020000000200da57
[TCP] TX bytes=22 raw=aa550092f1fe00000000000002000000020066064658
[TCP] RX serial=BD dst=F1 code=00 reg=0x00000016 len=8 raw=55aa00bdfef10000000000001600000008001f58
[TCP] TX bytes=28 raw=aa5500bdf1fe0000000000001600000008004d363630f1010000fa59
[TCP] RX serial=11 dst=F1 code=00 reg=0x14000000 len=88 raw=55aa0011fef1000000000000000000145800c157
[TCP] TX bytes=108 raw=aa550011f1fe0000000000000000001458004e5354520405060708090a0b0c0d0e0f101112131415161718191a1b1c1d1e1f20212223242526272829...
[TCP] RX serial=19 dst=F1 code=00 reg=0x00000006 len=1 raw=55aa0019fef10000000000000600000001006457
[TCP] TX bytes=21 raw=aa550019f1fe000000000000060000000100016557
[TCP] RX serial=78 dst=F2 code=00 reg=0x00000002 len=2 raw=55aa0078fef2000000000000020000000200c157
[TCP] TX bytes=22 raw=aa550078f2fe00000000000002000000020066062d58
[TCP] RX serial=9C dst=F2 code=00 reg=0x00000016 len=8 raw=55aa009cfef2000000000000160000000800ff57
[TCP] TX bytes=28 raw=aa55009cf2fe0000000000001600000008004d363630f2010000db59
[TCP] RX serial=70 dst=F2 code=00 reg=0x14000000 len=88 raw=55aa0070fef20000000000000000001458002158
[TCP] TX bytes=108 raw=aa550070f2fe0000000000000000001458004e5354520405060708090a0b0c0d0e0f101112131415161718191a1b1c1d1e1f20212223242526272829...
[TCP] RX serial=40 dst=F2 code=00 reg=0x00000006 len=1 raw=55aa0040fef20000000000000600000001008c57
[TCP] TX bytes=21 raw=aa550040f2fe000000000000060000000100018d57
[TCP] RX serial=18 dst=F3 code=00 reg=0x00000002 len=2 raw=55aa0018fef30000000000000200000002006257
[TCP] TX bytes=22 raw=aa550018f3fe0000000000000200000002006606ce57
[TCP] RX serial=14 dst=F3 code=00 reg=0x00000016 len=8 raw=55aa0014fef30000000000001600000008007857
[TCP] TX bytes=28 raw=aa550014f3fe0000000000001600000008004d363630f30100005559
[TCP] RX serial=7C dst=F3 code=00 reg=0x14000000 len=88 raw=55aa007cfef30000000000000000001458002e58
[TCP] TX bytes=108 raw=aa55007cf3fe0000000000000000001458004e5354520405060708090a0b0c0d0e0f101112131415161718191a1b1c1d1e1f20212223242526272829...
[TCP] RX serial=E7 dst=F3 code=00 reg=0x00000006 len=1 raw=55aa00e7fef30000000000000600000001003458
[TCP] TX bytes=21 raw=aa5500e7f3fe000000000000060000000100013558
[TCP] RX serial=AF dst=F4 code=00 reg=0x00000002 len=2 raw=55aa00affef4000000000000020000000200fa57
[TCP] TX bytes=22 raw=aa5500aff4fe00000000000002000000020066066658
[TCP] RX serial=8A dst=F4 code=00 reg=0x00000016 len=8 raw=55aa008afef4000000000000160000000800ef57
[TCP] TX bytes=28 raw=aa55008af4fe0000000000001600000008004d363630f4010000cd59
[TCP] RX serial=62 dst=F4 code=00 reg=0x14000000 len=88 raw=55aa0062fef40000000000000000001458001558
[TCP] TX bytes=108 raw=aa550062f4fe0000000000000000001458004e5354520405060708090a0b0c0d0e0f101112131415161718191a1b1c1d1e1f20212223242526272829...
[TCP] RX serial=B4 dst=F4 code=00 reg=0x00000006 len=1 raw=55aa00b4fef40000000000000600000001000258
[TCP] TX bytes=21 raw=aa5500b4f4fe000000000000060000000100010358
[TCP] RX serial=A2 dst=F5 code=00 reg=0x00000002 len=2 raw=55aa00a2fef5000000000000020000000200ee57
[TCP] TX bytes=22 raw=aa5500a2f5fe00000000000002000000020066065a58
[TCP] RX serial=06 dst=F5 code=00 reg=0x00000016 len=8 raw=55aa0006fef50000000000001600000008006c57
[TCP] TX bytes=28 raw=aa550006f5fe0000000000001600000008004d363630f50100004b59
[TCP] RX serial=E9 dst=F5 code=00 reg=0x14000000 len=88 raw=55aa00e9fef50000000000000000001458009d58
[TCP] TX bytes=108 raw=aa5500e9f5fe0000000000000000001458004e5354520405060708090a0b0c0d0e0f101112131415161718191a1b1c1d1e1f20212223242526272829...
[TCP] RX serial=41 dst=F5 code=00 reg=0x00000006 len=1 raw=55aa0041fef50000000000000600000001009057
[TCP] TX bytes=21 raw=aa550041f5fe000000000000060000000100019157
[TCP] RX serial=8E dst=F6 code=00 reg=0x00000002 len=2 raw=55aa008efef6000000000000020000000200db57
[TCP] TX bytes=22 raw=aa55008ef6fe00000000000002000000020066064758
[TCP] RX serial=14 dst=F6 code=00 reg=0x00000016 len=8 raw=55aa0014fef60000000000001600000008007b57
[TCP] TX bytes=28 raw=aa550014f6fe0000000000001600000008004d363630f60100005b59
[TCP] RX serial=0C dst=F6 code=00 reg=0x14000000 len=88 raw=55aa000cfef6000000000000000000145800c157
[TCP] TX bytes=108 raw=aa55000cf6fe0000000000000000001458004e5354520405060708090a0b0c0d0e0f101112131415161718191a1b1c1d1e1f20212223242526272829...
[TCP] RX serial=D3 dst=F6 code=00 reg=0x00000006 len=1 raw=55aa00d3fef60000000000000600000001002358
[TCP] TX bytes=21 raw=aa5500d3f6fe000000000000060000000100012458
[TCP] RX serial=FA dst=F7 code=00 reg=0x00000002 len=2 raw=55aa00fafef70000000000000200000002004858
[TCP] TX bytes=22 raw=aa5500faf7fe0000000000000200000002006606b458
[TCP] RX serial=2F dst=F7 code=00 reg=0x00000016 len=8 raw=55aa002ffef70000000000001600000008009757
[TCP] TX bytes=28 raw=aa55002ff7fe0000000000001600000008004d363630f70100007859
[TCP] RX serial=B6 dst=F7 code=00 reg=0x14000000 len=88 raw=55aa00b6fef70000000000000000001458006c58
[TCP] TX bytes=108 raw=aa5500b6f7fe0000000000000000001458004e5354520405060708090a0b0c0d0e0f101112131415161718191a1b1c1d1e1f20212223242526272829...
[TCP] RX serial=9C dst=F7 code=00 reg=0x00000006 len=1 raw=55aa009cfef7000000000000060000000100ed57
[TCP] TX bytes=21 raw=aa55009cf7fe00000000000006000000010001ee57
[TCP] RX serial=D4 dst=F8 code=00 reg=0x00000002 len=2 raw=55aa00d4fef80000000000000200000002002358
[TCP] TX bytes=22 raw=aa5500d4f8fe00000000000002000000020066068f58
[TCP] RX serial=6B dst=F8 code=00 reg=0x00000016 len=8 raw=55aa006bfef8000000000000160000000800d457
[TCP] TX bytes=28 raw=aa55006bf8fe0000000000001600000008004d363630f8010000b659
[TCP] RX serial=B6 dst=F8 code=00 reg=0x14000000 len=88 raw=55aa00b6fef80000000000000000001458006d58
[TCP] TX bytes=108 raw=aa5500b6f8fe0000000000000000001458004e5354520405060708090a0b0c0d0e0f101112131415161718191a1b1c1d1e1f20212223242526272829...
[TCP] RX serial=C5 dst=F8 code=00 reg=0x00000006 len=1 raw=55aa00c5fef80000000000000600000001001758
[TCP] TX bytes=21 raw=aa5500c5f8fe000000000000060000000100011858
[TCP] RX serial=7F dst=F9 code=00 reg=0x00000002 len=2 raw=55aa007ffef9000000000000020000000200cf57
[TCP] TX bytes=22 raw=aa55007ff9fe00000000000002000000020066063b58
[TCP] RX serial=1E dst=F9 code=00 reg=0x00000016 len=8 raw=55aa001efef90000000000001600000008008857
[TCP] TX bytes=28 raw=aa55001ef9fe0000000000001600000008004d363630f90100006b59
[TCP] RX serial=27 dst=F9 code=00 reg=0x14000000 len=88 raw=55aa0027fef9000000000000000000145800df57
[TCP] TX bytes=108 raw=aa550027f9fe0000000000000000001458004e5354520405060708090a0b0c0d0e0f101112131415161718191a1b1c1d1e1f20212223242526272829...
[TCP] RX serial=D7 dst=F9 code=00 reg=0x00000006 len=1 raw=55aa00d7fef90000000000000600000001002a58
[TCP] TX bytes=21 raw=aa5500d7f9fe000000000000060000000100012b58
[TCP] RX serial=D1 dst=FA code=00 reg=0x00000002 len=2 raw=55aa00d1fefa0000000000000200000002002258
[TCP] TX bytes=22 raw=aa5500d1fafe00000000000002000000020066068e58
[TCP] RX serial=ED dst=FA code=00 reg=0x00000016 len=8 raw=55aa00edfefa0000000000001600000008005858
[TCP] TX bytes=28 raw=aa5500edfafe0000000000001600000008004d363630fa0100003c5a
[TCP] RX serial=B2 dst=FA code=00 reg=0x14000000 len=88 raw=55aa00b2fefa0000000000000000001458006b58
[TCP] TX bytes=108 raw=aa5500b2fafe0000000000000000001458004e5354520405060708090a0b0c0d0e0f101112131415161718191a1b1c1d1e1f20212223242526272829...
[TCP] RX serial=67 dst=FA code=00 reg=0x00000006 len=1 raw=55aa0067fefa000000000000060000000100bb57
[TCP] TX bytes=21 raw=aa550067fafe00000000000006000000010001bc57
[TCP] RX serial=F6 dst=FB code=00 reg=0x00000002 len=2 raw=55aa00f6fefb0000000000000200000002004858
[TCP] TX bytes=22 raw=aa5500f6fbfe0000000000000200000002006606b458
[TCP] RX serial=93 dst=FB code=00 reg=0x00000016 len=8 raw=55aa0093fefb000000000000160000000800ff57
[TCP] TX bytes=28 raw=aa550093fbfe0000000000001600000008004d363630fb010000e459
[TCP] RX serial=A2 dst=FB code=00 reg=0x14000000 len=88 raw=55aa00a2fefb0000000000000000001458005c58
[TCP] TX bytes=108 raw=aa5500a2fbfe0000000000000000001458004e5354520405060708090a0b0c0d0e0f101112131415161718191a1b1c1d1e1f20212223242526272829...
[TCP] RX serial=70 dst=FB code=00 reg=0x00000006 len=1 raw=55aa0070fefb000000000000060000000100c557
[TCP] TX bytes=21 raw=aa550070fbfe00000000000006000000010001c657
[TCP] RX serial=D6 dst=FC code=00 reg=0x00000002 len=2 raw=55aa00d6fefc0000000000000200000002002958
[TCP] TX bytes=22 raw=aa5500d6fcfe00000000000002000000020066069558
[TCP] RX serial=3E dst=FC code=00 reg=0x00000016 len=8 raw=55aa003efefc000000000000160000000800ab57
[TCP] TX bytes=28 raw=aa55003efcfe0000000000001600000008004d363630fc0100009159
[TCP] RX serial=E7 dst=FC code=00 reg=0x14000000 len=88 raw=55aa00e7fefc000000000000000000145800a258
[TCP] TX bytes=108 raw=aa5500e7fcfe0000000000000000001458004e5354520405060708090a0b0c0d0e0f101112131415161718191a1b1c1d1e1f20212223242526272829...
[TCP] RX serial=62 dst=FC code=00 reg=0x00000006 len=1 raw=55aa0062fefc000000000000060000000100b857
[TCP] TX bytes=21 raw=aa550062fcfe00000000000006000000010001b957
[TCP] RX serial=E1 dst=FD code=00 reg=0x00000002 len=2 raw=55aa00e1fefd0000000000000200000002003558
[TCP] TX bytes=22 raw=aa5500e1fdfe0000000000000200000002006606a158
[TCP] RX serial=FA dst=FD code=00 reg=0x00000016 len=8 raw=55aa00fafefd0000000000001600000008006858
[TCP] TX bytes=28 raw=aa5500fafdfe0000000000001600000008004d363630fd0100004f5a
[TCP] RX serial=CD dst=FD code=00 reg=0x14000000 len=88 raw=55aa00cdfefd0000000000000000001458008958
[TCP] TX bytes=108 raw=aa5500cdfdfe0000000000000000001458004e5354520405060708090a0b0c0d0e0f101112131415161718191a1b1c1d1e1f20212223242526272829...
[TCP] RX serial=38 dst=FD code=00 reg=0x00000006 len=1 raw=55aa0038fefd0000000000000600000001008f57
[TCP] TX bytes=21 raw=aa550038fdfe000000000000060000000100019057
[TCP] RX serial=E1 dst=FE code=00 reg=0x00000002 len=2 raw=55aa00e1fefe0000000000000200000002003658
[TCP] TX bytes=22 raw=aa5500e1fefe0000000000000200000002006606a258
[TCP] RX serial=63 dst=FE code=00 reg=0x00000016 len=8 raw=55aa0063fefe000000000000160000000800d257
[TCP] TX bytes=28 raw=aa550063fefe0000000000001600000008004d363630fe010000ba59
[TCP] RX serial=A3 dst=FE code=00 reg=0x14000000 len=88 raw=55aa00a3fefe0000000000000000001458006058
[TCP] TX bytes=108 raw=aa5500a3fefe0000000000000000001458004e5354520405060708090a0b0c0d0e0f101112131415161718191a1b1c1d1e1f20212223242526272829...
[TCP] RX serial=7D dst=FE code=00 reg=0x00000006 len=1 raw=55aa007dfefe000000000000060000000100d557
[TCP] TX bytes=21 raw=aa55007dfefe00000000000006000000010001d657
[TCP] RX serial=B1 dst=FF code=00 reg=0x00000002 len=2 raw=55aa00b1feff0000000000000200000002000758
[TCP] TX bytes=22 raw=aa5500b1fffe00000000000002000000020066067358
[TCP] RX serial=3D dst=FF code=00 reg=0x00000016 len=8 raw=55aa003dfeff000000000000160000000800ad57
[TCP] TX bytes=28 raw=aa55003dfffe0000000000001600000008004d363630ff0100009659
[TCP] RX serial=1E dst=FF code=00 reg=0x14000000 len=88 raw=55aa001efeff000000000000000000145800dc57
[TCP] TX bytes=108 raw=aa55001efffe0000000000000000001458004e5354520405060708090a0b0c0d0e0f101112131415161718191a1b1c1d1e1f20212223242526272829...
[TCP] RX serial=48 dst=FF code=00 reg=0x00000006 len=1 raw=55aa0048feff000000000000060000000100a157
[TCP] TX bytes=21 raw=aa550048fffe00000000000006000000010001a257
[TCP] RX serial=E5 dst=00 code=00 reg=0x00000002 len=2 raw=55aa00e5fe000000000000000200000002003c57
[TCP] TX bytes=22 raw=aa5500e500fe0000000000000200000002006606a857
[TCP] RX serial=D2 dst=00 code=00 reg=0x00000016 len=8 raw=55aa00d2fe000000000000001600000008004357
[TCP] TX bytes=28 raw=aa5500d200fe0000000000001600000008004d363630000100002d58
[TCP] RX serial=6A dst=00 code=00 reg=0x14000000 len=88 raw=55aa006afe000000000000000000001458002957
[TCP] TX bytes=108 raw=aa55006a00fe0000000000000000001458004e5354520405060708090a0b0c0d0e0f101112131415161718191a1b1c1d1e1f20212223242526272829...
[TCP] RX serial=AC dst=00 code=00 reg=0x00000006 len=1 raw=55aa00acfe000000000000000600000001000657
[TCP] TX bytes=21 raw=aa5500ac00fe000000000000060000000100010757
[TCP] RX serial=5D dst=01 code=00 reg=0x00000002 len=2 raw=55aa005dfe01000000000000020000000200b556
[TCP] TX bytes=22 raw=aa55005d01fe00000000000002000000020066062157
[TCP] RX serial=B5 dst=01 code=00 reg=0x00000016 len=8 raw=55aa00b5fe010000000000001600000008002757
[TCP] TX bytes=28 raw=aa5500b501fe0000000000001600000008004d363630010100001258
[TCP] RX serial=68 dst=01 code=00 reg=0x14000000 len=88 raw=55aa0068fe010000000000000000001458002857
[TCP] TX bytes=108 raw=aa55006801fe0000000000000000001458004e5354520405060708090a0b0c0d0e0f101112131415161718191a1b1c1d1e1f20212223242526272829...
[TCP] RX serial=91 dst=01 code=00 reg=0x00000006 len=1 raw=55aa0091fe01000000000000060000000100ec56
[TCP] TX bytes=21 raw=aa55009101fe00000000000006000000010001ed56
[TCP] RX serial=62 dst=02 code=00 reg=0x00000002 len=2 raw=55aa0062fe02000000000000020000000200bb56
[TCP] TX bytes=22 raw=aa55006202fe00000000000002000000020066062757
[TCP] RX serial=89 dst=02 code=00 reg=0x00000016 len=8 raw=55aa0089fe02000000000000160000000800fc56
[TCP] TX bytes=28 raw=aa55008902fe0000000000001600000008004d36363002010000e857
[TCP] RX serial=E1 dst=02 code=00 reg=0x14000000 len=88 raw=55aa00e1fe02000000000000000000145800a257
[TCP] TX bytes=108 raw=aa5500e102fe0000000000000000001458004e5354520405060708090a0b0c0d0e0f101112131415161718191a1b1c1d1e1f20212223242526272829...
[TCP] RX serial=B3 dst=02 code=00 reg=0x00000006 len=1 raw=55aa00b3fe020000000000000600000001000f57
[TCP] TX bytes=21 raw=aa5500b302fe000000000000060000000100011057
[TCP] RX serial=53 dst=03 code=00 reg=0x00000002 len=2 raw=55aa0053fe03000000000000020000000200ad56
[TCP] TX bytes=22 raw=aa55005303fe00000000000002000000020066061957
[TCP] RX serial=81 dst=03 code=00 reg=0x00000016 len=8 raw=55aa0081fe03000000000000160000000800f556
[TCP] TX bytes=28 raw=aa55008103fe0000000000001600000008004d36363003010000e257
[TCP] RX serial=4A dst=03 code=00 reg=0x14000000 len=88 raw=55aa004afe030000000000000000001458000c57
[TCP] TX bytes=108 raw=aa55004a03fe0000000000000000001458004e5354520405060708090a0b0c0d0e0f101112131415161718191a1b1c1d1e1f20212223242526272829...
[TCP] RX serial=F9 dst=03 code=00 reg=0x00000006 len=1 raw=55aa00f9fe030000000000000600000001005657
[TCP] TX bytes=21 raw=aa5500f903fe000000000000060000000100015757
[TCP] RX serial=71 dst=04 code=00 reg=0x00000002 len=2 raw=55aa0071fe04000000000000020000000200cc56
[TCP] TX bytes=22 raw=aa55007104fe00000000000002000000020066063857
[TCP] RX serial=9A dst=04 code=00 reg=0x00000016 len=8 raw=55aa009afe040000000000001600000008000f57
[TCP] TX bytes=28 raw=aa55009a04fe0000000000001600000008004d36363004010000fd57
[TCP] RX serial=FB dst=04 code=00 reg=0x14000000 len=88 raw=55aa00fbfe04000000000000000000145800be57
[TCP] TX bytes=108 raw=aa5500fb04fe0000000000000000001458004e5354520405060708090a0b0c0d0e0f101112131415161718191a1b1c1d1e1f20212223242526272829...
[TCP] RX serial=BC dst=04 code=00 reg=0x00000006 len=1 raw=55aa00bcfe040000000000000600000001001a57
[TCP] TX bytes=21 raw=aa5500bc04fe000000000000060000000100011b57
[TCP] RX serial=47 dst=05 code=00 reg=0x00000002 len=2 raw=55aa0047fe05000000000000020000000200a356
[TCP] TX bytes=22 raw=aa55004705fe00000000000002000000020066060f57
[TCP] RX serial=53 dst=05 code=00 reg=0x00000016 len=8 raw=55aa0053fe05000000000000160000000800c956
[TCP] TX bytes=28 raw=aa55005305fe0000000000001600000008004d36363005010000b857
[TCP] RX serial=BA dst=05 code=00 reg=0x14000000 len=88 raw=55aa00bafe050000000000000000001458007e57
[TCP] TX bytes=108 raw=aa5500ba05fe0000000000000000001458004e5354520405060708090a0b0c0d0e0f101112131415161718191a1b1c1d1e1f20212223242526272829...
[TCP] RX serial=D9 dst=05 code=00 reg=0x00000006 len=1 raw=55aa00d9fe050000000000000600000001003857
[TCP] TX bytes=21 raw=aa5500d905fe000000000000060000000100013957
[TCP] RX serial=9C dst=06 code=00 reg=0x00000002 len=2 raw=55aa009cfe06000000000000020000000200f956
[TCP] TX bytes=22 raw=aa55009c06fe00000000000002000000020066066557
[TCP] RX serial=7D dst=06 code=00 reg=0x00000016 len=8 raw=55aa007dfe06000000000000160000000800f456
[TCP] TX bytes=28 raw=aa55007d06fe0000000000001600000008004d36363006010000e457
[TCP] RX serial=E3 dst=06 code=00 reg=0x14000000 len=88 raw=55aa00e3fe06000000000000000000145800a857
[TCP] TX bytes=108 raw=aa5500e306fe0000000000000000001458004e5354520405060708090a0b0c0d0e0f101112131415161718191a1b1c1d1e1f20212223242526272829...
[TCP] RX serial=1C dst=06 code=00 reg=0x00000006 len=1 raw=55aa001cfe060000000000000600000001007c56
[TCP] TX bytes=21 raw=aa55001c06fe000000000000060000000100017d56
[TCP] RX serial=79 dst=07 code=00 reg=0x00000002 len=2 raw=55aa0079fe07000000000000020000000200d756
[TCP] TX bytes=22 raw=aa55007907fe00000000000002000000020066064357
[TCP] RX serial=A9 dst=07 code=00 reg=0x00000016 len=8 raw=55aa00a9fe070000000000001600000008002157
[TCP] TX bytes=28 raw=aa5500a907fe0000000000001600000008004d363630070100001258
[TCP] RX serial=26 dst=07 code=00 reg=0x14000000 len=88 raw=55aa0026fe07000000000000000000145800ec56
[TCP] TX bytes=108 raw=aa55002607fe0000000000000000001458004e5354520405060708090a0b0c0d0e0f101112131415161718191a1b1c1d1e1f20212223242526272829...
[TCP] RX serial=94 dst=07 code=00 reg=0x00000006 len=1 raw=55aa0094fe07000000000000060000000100f556
[TCP] TX bytes=21 raw=aa55009407fe00000000000006000000010001f656
[TCP] RX serial=CE dst=08 code=00 reg=0x00000002 len=2 raw=55aa00cefe080000000000000200000002002d57
[TCP] TX bytes=22 raw=aa5500ce08fe00000000000002000000020066069957
[TCP] RX serial=69 dst=08 code=00 reg=0x00000016 len=8 raw=55aa0069fe08000000000000160000000800e256
[TCP] TX bytes=28 raw=aa55006908fe0000000000001600000008004d36363008010000d457
[TCP] RX serial=81 dst=08 code=00 reg=0x14000000 len=88 raw=55aa0081fe080000000000000000001458004857
[TCP] TX bytes=108 raw=aa55008108fe0000000000000000001458004e5354520405060708090a0b0c0d0e0f101112131415161718191a1b1c1d1e1f20212223242526272829...
[TCP] RX serial=23 dst=08 code=00 reg=0x00000006 len=1 raw=55aa0023fe080000000000000600000001008556
[TCP] TX bytes=21 raw=aa55002308fe000000000000060000000100018656
[TCP] RX serial=29 dst=09 code=00 reg=0x00000002 len=2 raw=55aa0029fe090000000000000200000002008956
[TCP] TX bytes=22 raw=aa55002909fe0000000000000200000002006606f556
[TCP] RX serial=F4 dst=09 code=00 reg=0x00000016 len=8 raw=55aa00f4fe090000000000001600000008006e57
[TCP] TX bytes=28 raw=aa5500f409fe0000000000001600000008004d363630090100006158
[TCP] RX serial=13 dst=09 code=00 reg=0x14000000 len=88 raw=55aa0013fe09000000000000000000145800db56
[TCP] TX bytes=108 raw=aa55001309fe0000000000000000001458004e5354520405060708090a0b0c0d0e0f101112131415161718191a1b1c1d1e1f20212223242526272829...
[TCP] RX serial=20 dst=09 code=00 reg=0x00000006 len=1 raw=55aa0020fe090000000000000600000001008356
[TCP] TX bytes=21 raw=aa55002009fe000000000000060000000100018456
[TCP] RX serial=D5 dst=0A code=00 reg=0x00000002 len=2 raw=55aa00d5fe0a0000000000000200000002003657
[TCP] TX bytes=22 raw=aa5500d50afe0000000000000200000002006606a257
[TCP] RX serial=56 dst=0A code=00 reg=0x00000016 len=8 raw=55aa0056fe0a000000000000160000000800d156
[TCP] TX bytes=28 raw=aa5500560afe0000000000001600000008004d3636300a010000c557
[TCP] RX serial=00 dst=0A code=00 reg=0x14000000 len=88 raw=55aa0000fe0a000000000000000000145800c956
[TCP] TX bytes=108 raw=aa5500000afe0000000000000000001458004e5354520405060708090a0b0c0d0e0f101112131415161718191a1b1c1d1e1f20212223242526272829...
[TCP] RX serial=57 dst=0A code=00 reg=0x00000006 len=1 raw=55aa0057fe0a000000000000060000000100bb56
[TCP] TX bytes=21 raw=aa5500570afe00000000000006000000010001bc56
[TCP] RX serial=18 dst=0B code=00 reg=0x00000002 len=2 raw=55aa0018fe0b0000000000000200000002007a56
[TCP] TX bytes=22 raw=aa5500180bfe0000000000000200000002006606e656
[TCP] RX serial=19 dst=0B code=00 reg=0x00000016 len=8 raw=55aa0019fe0b0000000000001600000008009556
[TCP] TX bytes=28 raw=aa5500190bfe0000000000001600000008004d3636300b0100008a57
[TCP] RX serial=E4 dst=0B code=00 reg=0x14000000 len=88 raw=55aa00e4fe0b000000000000000000145800ae57
[TCP] TX bytes=108 raw=aa5500e40bfe0000000000000000001458004e5354520405060708090a0b0c0d0e0f101112131415161718191a1b1c1d1e1f20212223242526272829...
[TCP] RX serial=5F dst=0B code=00 reg=0x00000006 len=1 raw=55aa005ffe0b000000000000060000000100c456
[TCP] TX bytes=21 raw=aa55005f0bfe00000000000006000000010001c556
[TCP] RX serial=19 dst=0C code=00 reg=0x00000002 len=2 raw=55aa0019fe0c0000000000000200000002007c56
[TCP] TX bytes=22 raw=aa5500190cfe0000000000000200000002006606e856
[TCP] RX serial=A8 dst=0C code=00 reg=0x00000016 len=8 raw=55aa00a8fe0c0000000000001600000008002557
[TCP] TX bytes=28 raw=aa5500a80cfe0000000000001600000008004d3636300c0100001b58
[TCP] RX serial=0C dst=0C code=00 reg=0x14000000 len=88 raw=55aa000cfe0c000000000000000000145800d756
[TCP] TX bytes=108 raw=aa55000c0cfe0000000000000000001458004e5354520405060708090a0b0c0d0e0f101112131415161718191a1b1c1d1e1f20212223242526272829...
[TCP] RX serial=16 dst=0C code=00 reg=0x00000006 len=1 raw=55aa0016fe0c0000000000000600000001007c56
[TCP] TX bytes=21 raw=aa5500160cfe000000000000060000000100017d56
[TCP] RX serial=41 dst=0D code=00 reg=0x00000002 len=2 raw=55aa0041fe0d000000000000020000000200a556
[TCP] TX bytes=22 raw=aa5500410dfe00000000000002000000020066061157
[TCP] RX serial=61 dst=0D code=00 reg=0x00000016 len=8 raw=55aa0061fe0d000000000000160000000800df56
[TCP] TX bytes=28 raw=aa5500610dfe0000000000001600000008004d3636300d010000d657
[TCP] RX serial=01 dst=0D code=00 reg=0x14000000 len=88 raw=55aa0001fe0d000000000000000000145800cd56
[TCP] TX bytes=108 raw=aa5500010dfe0000000000000000001458004e5354520405060708090a0b0c0d0e0f101112131415161718191a1b1c1d1e1f20212223242526272829...
[TCP] RX serial=91 dst=0D code=00 reg=0x00000006 len=1 raw=55aa0091fe0d000000000000060000000100f856
[TCP] TX bytes=21 raw=aa5500910dfe00000000000006000000010001f956
[TCP] RX serial=18 dst=0E code=00 reg=0x00000002 len=2 raw=55aa0018fe0e0000000000000200000002007d56
[TCP] TX bytes=22 raw=aa5500180efe0000000000000200000002006606e956
[TCP] RX serial=90 dst=0E code=00 reg=0x00000016 len=8 raw=55aa0090fe0e0000000000001600000008000f57
[TCP] TX bytes=28 raw=aa5500900efe0000000000001600000008004d3636300e0100000758
[TCP] RX serial=10 dst=0E code=00 reg=0x14000000 len=88 raw=55aa0010fe0e000000000000000000145800dd56
[TCP] TX bytes=108 raw=aa5500100efe0000000000000000001458004e5354520405060708090a0b0c0d0e0f101112131415161718191a1b1c1d1e1f20212223242526272829...
[TCP] RX serial=DF dst=0E code=00 reg=0x00000006 len=1 raw=55aa00dffe0e0000000000000600000001004757
[TCP] TX bytes=21 raw=aa5500df0efe000000000000060000000100014857
[TCP] RX serial=D1 dst=0F code=00 reg=0x00000002 len=2 raw=55aa00d1fe0f0000000000000200000002003757
[TCP] TX bytes=22 raw=aa5500d10ffe0000000000000200000002006606a357
[TCP] RX serial=4B dst=0F code=00 reg=0x00000016 len=8 raw=55aa004bfe0f000000000000160000000800cb56
[TCP] TX bytes=28 raw=aa55004b0ffe0000000000001600000008004d3636300f010000c457
[TCP] RX serial=17 dst=0F code=00 reg=0x14000000 len=88 raw=55aa0017fe0f000000000000000000145800e556
[TCP] TX bytes=108 raw=aa5500170ffe0000000000000000001458004e5354520405060708090a0b0c0d0e0f101112131415161718191a1b1c1d1e1f20212223242526272829...
[TCP] RX serial=B7 dst=0F code=00 reg=0x00000006 len=1 raw=55aa00b7fe0f0000000000000600000001002057
[TCP] TX bytes=21 raw=aa5500b70ffe000000000000060000000100012157
[TCP] RX serial=63 dst=10 code=00 reg=0x00000002 len=2 raw=55aa0063fe10000000000000020000000200ca56
[TCP] TX bytes=22 raw=aa55006310fe00000000000002000000020066063657
[TCP] RX serial=4D dst=10 code=00 reg=0x00000016 len=8 raw=55aa004dfe10000000000000160000000800ce56
[TCP] TX bytes=28 raw=aa55004d10fe0000000000001600000008004d36363010010000c857
[TCP] RX serial=E4 dst=10 code=00 reg=0x14000000 len=88 raw=55aa00e4fe10000000000000000000145800b357
[TCP] TX bytes=108 raw=aa5500e410fe0000000000000000001458004e5354520405060708090a0b0c0d0e0f101112131415161718191a1b1c1d1e1f20212223242526272829...
[TCP] RX serial=E8 dst=10 code=00 reg=0x00000006 len=1 raw=55aa00e8fe100000000000000600000001005257
[TCP] TX bytes=21 raw=aa5500e810fe000000000000060000000100015357
[TCP] RX serial=00 dst=11 code=00 reg=0x00000002 len=2 raw=55aa0000fe110000000000000200000002006856
[TCP] TX bytes=22 raw=aa55000011fe0000000000000200000002006606d456
[TCP] RX serial=26 dst=11 code=00 reg=0x00000016 len=8 raw=55aa0026fe11000000000000160000000800a856
[TCP] TX bytes=28 raw=aa55002611fe0000000000001600000008004d36363011010000a357
[TCP] RX serial=D0 dst=11 code=00 reg=0x14000000 len=88 raw=55aa00d0fe11000000000000000000145800a057
[TCP] TX bytes=108 raw=aa5500d011fe0000000000000000001458004e5354520405060708090a0b0c0d0e0f101112131415161718191a1b1c1d1e1f20212223242526272829...
[TCP] RX serial=7B dst=11 code=00 reg=0x00000006 len=1 raw=55aa007bfe11000000000000060000000100e656
[TCP] TX bytes=21 raw=aa55007b11fe00000000000006000000010001e756
[TCP] RX serial=87 dst=12 code=00 reg=0x00000002 len=2 raw=55aa0087fe12000000000000020000000200f056
[TCP] TX bytes=22 raw=aa55008712fe00000000000002000000020066065c57
[TCP] RX serial=DA dst=12 code=00 reg=0x00000016 len=8 raw=55aa00dafe120000000000001600000008005d57
[TCP] TX bytes=28 raw=aa5500da12fe0000000000001600000008004d363630120100005958
[TCP] RX serial=E6 dst=12 code=00 reg=0x14000000 len=88 raw=55aa00e6fe12000000000000000000145800b757
[TCP] TX bytes=108 raw=aa5500e612fe0000000000000000001458004e5354520405060708090a0b0c0d0e0f101112131415161718191a1b1c1d1e1f20212223242526272829...
[TCP] RX serial=F0 dst=12 code=00 reg=0x00000006 len=1 raw=55aa00f0fe120000000000000600000001005c57
[TCP] TX bytes=21 raw=aa5500f012fe000000000000060000000100015d57
[TCP] RX serial=53 dst=13 code=00 reg=0x00000002 len=2 raw=55aa0053fe13000000000000020000000200bd56
[TCP] TX bytes=22 raw=aa55005313fe00000000000002000000020066062957
[TCP] RX serial=62 dst=13 code=00 reg=0x00000016 len=8 raw=55aa0062fe13000000000000160000000800e656
[TCP] TX bytes=28 raw=aa55006213fe0000000000001600000008004d36363013010000e357
[TCP] RX serial=C0 dst=13 code=00 reg=0x14000000 len=88 raw=55aa00c0fe130000000000000000001458009257
[TCP] TX bytes=108 raw=aa5500c013fe0000000000000000001458004e5354520405060708090a0b0c0d0e0f101112131415161718191a1b1c1d1e1f20212223242526272829...
[TCP] RX serial=83 dst=13 code=00 reg=0x00000006 len=1 raw=55aa0083fe13000000000000060000000100f056
[TCP] TX bytes=21 raw=aa55008313fe00000000000006000000010001f156
[TCP] RX serial=97 dst=14 code=00 reg=0x00000002 len=2 raw=55aa0097fe140000000000000200000002000257
[TCP] TX bytes=22 raw=aa55009714fe00000000000002000000020066066e57
[TCP] RX serial=84 dst=14 code=00 reg=0x00000016 len=8 raw=55aa0084fe140000000000001600000008000957
[TCP] TX bytes=28 raw=aa55008414fe0000000000001600000008004d363630140100000758
[TCP] RX serial=03 dst=14 code=00 reg=0x14000000 len=88 raw=55aa0003fe14000000000000000000145800d656
[TCP] TX bytes=108 raw=aa55000314fe0000000000000000001458004e5354520405060708090a0b0c0d0e0f101112131415161718191a1b1c1d1e1f20212223242526272829...
[TCP] RX serial=CF dst=14 code=00 reg=0x00000006 len=1 raw=55aa00cffe140000000000000600000001003d57
[TCP] TX bytes=21 raw=aa5500cf14fe000000000000060000000100013e57
[TCP] RX serial=9D dst=15 code=00 reg=0x00000002 len=2 raw=55aa009dfe150000000000000200000002000957
[TCP] TX bytes=22 raw=aa55009d15fe00000000000002000000020066067557
[TCP] RX serial=0F dst=15 code=00 reg=0x00000016 len=8 raw=55aa000ffe150000000000001600000008009556
[TCP] TX bytes=28 raw=aa55000f15fe0000000000001600000008004d363630150100009457
[TCP] RX serial=53 dst=15 code=00 reg=0x14000000 len=88 raw=55aa0053fe150000000000000000001458002757
[TCP] TX bytes=108 raw=aa55005315fe0000000000000000001458004e5354520405060708090a0b0c0d0e0f101112131415161718191a1b1c1d1e1f20212223242526272829...
[TCP] RX serial=6D dst=15 code=00 reg=0x00000006 len=1 raw=55aa006dfe15000000000000060000000100dc56
[TCP] TX bytes=21 raw=aa55006d15fe00000000000006000000010001dd56
[TCP] RX serial=68 dst=16 code=00 reg=0x00000002 len=2 raw=55aa0068fe16000000000000020000000200d556
[TCP] TX bytes=22 raw=aa55006816fe00000000000002000000020066064157
[TCP] RX serial=EE dst=16 code=00 reg=0x00000016 len=8 raw=55aa00eefe160000000000001600000008007557
[TCP] TX bytes=28 raw=aa5500ee16fe0000000000001600000008004d363630160100007558
[TCP] RX serial=0B dst=16 code=00 reg=0x14000000 len=88 raw=55aa000bfe16000000000000000000145800e056
[TCP] TX bytes=108 raw=aa55000b16fe0000000000000000001458004e5354520405060708090a0b0c0d0e0f101112131415161718191a1b1c1d1e1f20212223242526272829...
[TCP] RX serial=98 dst=16 code=00 reg=0x00000006 len=1 raw=55aa0098fe160000000000000600000001000857
[TCP] TX bytes=21 raw=aa55009816fe000000000000060000000100010957
[TCP] RX serial=E4 dst=17 code=00 reg=0x00000002 len=2 raw=55aa00e4fe170000000000000200000002005257
[TCP] TX bytes=22 raw=aa5500e417fe0000000000000200000002006606be57
[TCP] RX serial=32 dst=17 code=00 reg=0x00000016 len=8 raw=55aa0032fe17000000000000160000000800ba56
[TCP] TX bytes=28 raw=aa55003217fe0000000000001600000008004d36363017010000bb57
[TCP] RX serial=4E dst=17 code=00 reg=0x14000000 len=88 raw=55aa004efe170000000000000000001458002457
[TCP] TX bytes=108 raw=aa55004e17fe0000000000000000001458004e5354520405060708090a0b0c0d0e0f101112131415161718191a1b1c1d1e1f20212223242526272829...
[TCP] RX serial=89 dst=17 code=00 reg=0x00000006 len=1 raw=55aa0089fe17000000000000060000000100fa56
[TCP] TX bytes=21 raw=aa55008917fe00000000000006000000010001fb56
[TCP] RX serial=3E dst=18 code=00 reg=0x00000002 len=2 raw=55aa003efe18000000000000020000000200ad56
[TCP] TX bytes=22 raw=aa55003e18fe00000000000002000000020066061957
[TCP] RX serial=47 dst=18 code=00 reg=0x00000016 len=8 raw=55aa0047fe18000000000000160000000800d056
[TCP] TX bytes=28 raw=aa55004718fe0000000000001600000008004d36363018010000d257
[TCP] RX serial=F2 dst=18 code=00 reg=0x14000000 len=88 raw=55aa00f2fe18000000000000000000145800c957
[TCP] TX bytes=108 raw=aa5500f218fe0000000000000000001458004e5354520405060708090a0b0c0d0e0f101112131415161718191a1b1c1d1e1f20212223242526272829...
[TCP] RX serial=CA dst=18 code=00 reg=0x00000006 len=1 raw=55aa00cafe180000000000000600000001003c57
[TCP] TX bytes=21 raw=aa5500ca18fe000000000000060000000100013d57
[TCP] RX serial=34 dst=19 code=00 reg=0x00000002 len=2 raw=55aa0034fe19000000000000020000000200a456
[TCP] TX bytes=22 raw=aa55003419fe00000000000002000000020066061057
[TCP] RX serial=FA dst=19 code=00 reg=0x00000016 len=8 raw=55aa00fafe190000000000001600000008008457
[TCP] TX bytes=28 raw=aa5500fa19fe0000000000001600000008004d363630190100008758
[TCP] RX serial=5F dst=19 code=00 reg=0x14000000 len=88 raw=55aa005ffe190000000000000000001458003757
[TCP] TX bytes=108 raw=aa55005f19fe0000000000000000001458004e5354520405060708090a0b0c0d0e0f101112131415161718191a1b1c1d1e1f20212223242526272829...
[TCP] RX serial=F1 dst=19 code=00 reg=0x00000006 len=1 raw=55aa00f1fe190000000000000600000001006457
[TCP] TX bytes=21 raw=aa5500f119fe000000000000060000000100016557
[TCP] RX serial=D7 dst=1A code=00 reg=0x00000002 len=2 raw=55aa00d7fe1a0000000000000200000002004857
[TCP] TX bytes=22 raw=aa5500d71afe0000000000000200000002006606b457
[TCP] RX serial=90 dst=1A code=00 reg=0x00000016 len=8 raw=55aa0090fe1a0000000000001600000008001b57
[TCP] TX bytes=28 raw=aa5500901afe0000000000001600000008004d3636301a0100001f58
[TCP] RX serial=8E dst=1A code=00 reg=0x14000000 len=88 raw=55aa008efe1a0000000000000000001458006757
[TCP] TX bytes=108 raw=aa55008e1afe0000000000000000001458004e5354520405060708090a0b0c0d0e0f101112131415161718191a1b1c1d1e1f20212223242526272829...
[TCP] RX serial=65 dst=1A code=00 reg=0x00000006 len=1 raw=55aa0065fe1a000000000000060000000100d956
[TCP] TX bytes=21 raw=aa5500651afe00000000000006000000010001da56
[TCP] RX serial=7A dst=1B code=00 reg=0x00000002 len=2 raw=55aa007afe1b000000000000020000000200ec56
[TCP] TX bytes=22 raw=aa55007a1bfe00000000000002000000020066065857
[TCP] RX serial=10 dst=1B code=00 reg=0x00000016 len=8 raw=55aa0010fe1b0000000000001600000008009c56
[TCP] TX bytes=28 raw=aa5500101bfe0000000000001600000008004d3636301b010000a157
[TCP] RX serial=3D dst=1B code=00 reg=0x14000000 len=88 raw=55aa003dfe1b0000000000000000001458001757
[TCP] TX bytes=108 raw=aa55003d1bfe0000000000000000001458004e5354520405060708090a0b0c0d0e0f101112131415161718191a1b1c1d1e1f20212223242526272829...
[TCP] RX serial=B4 dst=1B code=00 reg=0x00000006 len=1 raw=55aa00b4fe1b0000000000000600000001002957
[TCP] TX bytes=21 raw=aa5500b41bfe000000000000060000000100012a57
[TCP] RX serial=CE dst=1C code=00 reg=0x00000002 len=2 raw=55aa00cefe1c0000000000000200000002004157
[TCP] TX bytes=22 raw=aa5500ce1cfe0000000000000200000002006606ad57
[TCP] RX serial=8B dst=1C code=00 reg=0x00000016 len=8 raw=55aa008bfe1c0000000000001600000008001857
[TCP] TX bytes=28 raw=aa55008b1cfe0000000000001600000008004d3636301c0100001e58
[TCP] RX serial=47 dst=1C code=00 reg=0x14000000 len=88 raw=55aa0047fe1c0000000000000000001458002257
[TCP] TX bytes=108 raw=aa5500471cfe0000000000000000001458004e5354520405060708090a0b0c0d0e0f101112131415161718191a1b1c1d1e1f20212223242526272829...
[TCP] RX serial=4C dst=1C code=00 reg=0x00000006 len=1 raw=55aa004cfe1c000000000000060000000100c256
[TCP] TX bytes=21 raw=aa55004c1cfe00000000000006000000010001c356
[TCP] RX serial=48 dst=1D code=00 reg=0x00000002 len=2 raw=55aa0048fe1d000000000000020000000200bc56
[TCP] TX bytes=22 raw=aa5500481dfe00000000000002000000020066062857
[TCP] RX serial=46 dst=1D code=00 reg=0x00000016 len=8 raw=55aa0046fe1d000000000000160000000800d456
[TCP] TX bytes=28 raw=aa5500461dfe0000000000001600000008004d3636301d010000db57
[TCP] RX serial=1A dst=1D code=00 reg=0x14000000 len=88 raw=55aa001afe1d000000000000000000145800f656
[TCP] TX bytes=108 raw=aa55001a1dfe0000000000000000001458004e5354520405060708090a0b0c0d0e0f101112131415161718191a1b1c1d1e1f20212223242526272829...
[TCP] RX serial=54 dst=1D code=00 reg=0x00000006 len=1 raw=55aa0054fe1d000000000000060000000100cb56
[TCP] TX bytes=21 raw=aa5500541dfe00000000000006000000010001cc56
[TCP] RX serial=F9 dst=1E code=00 reg=0x00000002 len=2 raw=55aa00f9fe1e0000000000000200000002006e57
[TCP] TX bytes=22 raw=aa5500f91efe0000000000000200000002006606da57
[TCP] RX serial=76 dst=1E code=00 reg=0x00000016 len=8 raw=55aa0076fe1e0000000000001600000008000557
[TCP] TX bytes=28 raw=aa5500761efe0000000000001600000008004d3636301e0100000d58
[TCP] RX serial=80 dst=1E code=00 reg=0x14000000 len=88 raw=55aa0080fe1e0000000000000000001458005d57
[TCP] TX bytes=108 raw=aa5500801efe0000000000000000001458004e5354520405060708090a0b0c0d0e0f101112131415161718191a1b1c1d1e1f20212223242526272829...
[TCP] RX serial=10 dst=1E code=00 reg=0x00000006 len=1 raw=55aa0010fe1e0000000000000600000001008856
[TCP] TX bytes=21 raw=aa5500101efe000000000000060000000100018956
[TCP] RX serial=1B dst=1F code=00 reg=0x00000002 len=2 raw=55aa001bfe1f0000000000000200000002009156
[TCP] TX bytes=22 raw=aa55001b1ffe0000000000000200000002006606fd56
[TCP] RX serial=38 dst=1F code=00 reg=0x00000016 len=8 raw=55aa0038fe1f000000000000160000000800c856
[TCP] TX bytes=28 raw=aa5500381ffe0000000000001600000008004d3636301f010000d157
[TCP] RX serial=95 dst=1F code=00 reg=0x14000000 len=88 raw=55aa0095fe1f0000000000000000001458007357
[TCP] TX bytes=108 raw=aa5500951ffe0000000000000000001458004e5354520405060708090a0b0c0d0e0f101112131415161718191a1b1c1d1e1f20212223242526272829...
[TCP] RX serial=54 dst=1F code=00 reg=0x00000006 len=1 raw=55aa0054fe1f000000000000060000000100cd56
[TCP] TX bytes=21 raw=aa5500541ffe00000000000006000000010001ce56
[TCP] RX serial=8B dst=20 code=00 reg=0x00000002 len=2 raw=55aa008bfe200000000000000200000002000257
[TCP] TX bytes=22 raw=aa55008b20fe00000000000002000000020066066e57
[TCP] RX serial=5C dst=20 code=00 reg=0x00000016 len=8 raw=55aa005cfe20000000000000160000000800ed56
[TCP] TX bytes=28 raw=aa55005c20fe0000000000001600000008004d36363020010000f757
[TCP] RX serial=B1 dst=20 code=00 reg=0x14000000 len=88 raw=55aa00b1fe200000000000000000001458009057
[TCP] TX bytes=108 raw=aa5500b120fe0000000000000000001458004e5354520405060708090a0b0c0d0e0f101112131415161718191a1b1c1d1e1f20212223242526272829...
[TCP] RX serial=0C dst=20 code=00 reg=0x00000006 len=1 raw=55aa000cfe200000000000000600000001008656
[TCP] TX bytes=21 raw=aa55000c20fe000000000000060000000100018756
[TCP] RX serial=6E dst=21 code=00 reg=0x00000002 len=2 raw=55aa006efe21000000000000020000000200e656
[TCP] TX bytes=22 raw=aa55006e21fe00000000000002000000020066065257
[TCP] RX serial=F5 dst=21 code=00 reg=0x00000016 len=8 raw=55aa00f5fe210000000000001600000008008757
[TCP] TX bytes=28 raw=aa5500f521fe0000000000001600000008004d363630210100009258
[TCP] RX serial=4F dst=21 code=00 reg=0x14000000 len=88 raw=55aa004ffe210000000000000000001458002f57
[TCP] TX bytes=108 raw=aa55004f21fe0000000000000000001458004e5354520405060708090a0b0c0d0e0f101112131415161718191a1b1c1d1e1f20212223242526272829...
[TCP] RX serial=9C dst=21 code=00 reg=0x00000006 len=1 raw=55aa009cfe210000000000000600000001001757
[TCP] TX bytes=21 raw=aa55009c21fe000000000000060000000100011857
[TCP] RX serial=25 dst=22 code=00 reg=0x00000002 len=2 raw=55aa0025fe220000000000000200000002009e56
[TCP] TX bytes=22 raw=aa55002522fe00000000000002000000020066060a57
[TCP] RX serial=10 dst=22 code=00 reg=0x00000016 len=8 raw=55aa0010fe22000000000000160000000800a356
[TCP] TX bytes=28 raw=aa55001022fe0000000000001600000008004d36363022010000af57
[TCP] RX serial=F7 dst=22 code=00 reg=0x14000000 len=88 raw=55aa00f7fe22000000000000000000145800d857
[TCP] TX bytes=108 raw=aa5500f722fe0000000000000000001458004e5354520405060708090a0b0c0d0e0f101112131415161718191a1b1c1d1e1f20212223242526272829...
[TCP] RX serial=0D dst=22 code=00 reg=0x00000006 len=1 raw=55aa000dfe220000000000000600000001008956
[TCP] TX bytes=21 raw=aa55000d22fe000000000000060000000100018a56
[TCP] RX serial=7F dst=23 code=00 reg=0x00000002 len=2 raw=55aa007ffe23000000000000020000000200f956
[TCP] TX bytes=22 raw=aa55007f23fe00000000000002000000020066066557
[TCP] RX serial=EC dst=23 code=00 reg=0x00000016 len=8 raw=55aa00ecfe230000000000001600000008008057
[TCP] TX bytes=28 raw=aa5500ec23fe0000000000001600000008004d363630230100008d58
[TCP] RX serial=F2 dst=23 code=00 reg=0x14000000 len=88 raw=55aa00f2fe23000000000000000000145800d457
[TCP] TX bytes=108 raw=aa5500f223fe0000000000000000001458004e5354520405060708090a0b0c0d0e0f101112131415161718191a1b1c1d1e1f20212223242526272829...
[TCP] RX serial=57 dst=23 code=00 reg=0x00000006 len=1 raw=55aa0057fe23000000000000060000000100d456
[TCP] TX bytes=21 raw=aa55005723fe00000000000006000000010001d556
[TCP] RX serial=B0 dst=24 code=00 reg=0x00000002 len=2 raw=55aa00b0fe240000000000000200000002002b57
[TCP] TX bytes=22 raw=aa5500b024fe00000000000002000000020066069757
[TCP] RX serial=55 dst=24 code=00 reg=0x00000016 len=8 raw=55aa0055fe24000000000000160000000800ea56
[TCP] TX bytes=28 raw=aa55005524fe0000000000001600000008004d36363024010000f857
[TCP] RX serial=C8 dst=24 code=00 reg=0x14000000 len=88 raw=55aa00c8fe24000000000000000000145800ab57
[TCP] TX bytes=108 raw=aa5500c824fe0000000000000000001458004e5354520405060708090a0b0c0d0e0f101112131415161718191a1b1c1d1e1f20212223242526272829...
[TCP] RX serial=59 dst=24 code=00 reg=0x00000006 len=1 raw=55aa0059fe24000000000000060000000100d756
[TCP] TX bytes=21 raw=aa55005924fe00000000000006000000010001d856
[TCP] RX serial=E9 dst=25 code=00 reg=0x00000002 len=2 raw=55aa00e9fe250000000000000200000002006557
[TCP] TX bytes=22 raw=aa5500e925fe0000000000000200000002006606d157
[TCP] RX serial=01 dst=25 code=00 reg=0x00000016 len=8 raw=55aa0001fe250000000000001600000008009756
[TCP] TX bytes=28 raw=aa55000125fe0000000000001600000008004d36363025010000a657
[TCP] RX serial=40 dst=25 code=00 reg=0x14000000 len=88 raw=55aa0040fe250000000000000000001458002457
[TCP] TX bytes=108 raw=aa55004025fe0000000000000000001458004e5354520405060708090a0b0c0d0e0f101112131415161718191a1b1c1d1e1f20212223242526272829...
[TCP] RX serial=F6 dst=25 code=00 reg=0x00000006 len=1 raw=55aa00f6fe250000000000000600000001007557
[TCP] TX bytes=21 raw=aa5500f625fe000000000000060000000100017657
[TCP] RX serial=2C dst=26 code=00 reg=0x00000002 len=2 raw=55aa002cfe26000000000000020000000200a956
[TCP] TX bytes=22 raw=aa55002c26fe00000000000002000000020066061557
[TCP] RX serial=9E dst=26 code=00 reg=0x00000016 len=8 raw=55aa009efe260000000000001600000008003557
[TCP] TX bytes=28 raw=aa55009e26fe0000000000001600000008004d363630260100004558
[TCP] RX serial=CF dst=26 code=00 reg=0x14000000 len=88 raw=55aa00cffe26000000000000000000145800b457
[TCP] TX bytes=108 raw=aa5500cf26fe0000000000000000001458004e5354520405060708090a0b0c0d0e0f101112131415161718191a1b1c1d1e1f20212223242526272829...
[TCP] RX serial=BC dst=26 code=00 reg=0x00000006 len=1 raw=55aa00bcfe260000000000000600000001003c57
[TCP] TX bytes=21 raw=aa5500bc26fe000000000000060000000100013d57
[TCP] RX serial=7A dst=27 code=00 reg=0x00000002 len=2 raw=55aa007afe27000000000000020000000200f856
[TCP] TX bytes=22 raw=aa55007a27fe00000000000002000000020066066457
[TCP] RX serial=4E dst=27 code=00 reg=0x00000016 len=8 raw=55aa004efe27000000000000160000000800e656
[TCP] TX bytes=28 raw=aa55004e27fe0000000000001600000008004d36363027010000f757
[TCP] RX serial=D6 dst=27 code=00 reg=0x14000000 len=88 raw=55aa00d6fe27000000000000000000145800bc57
[TCP] TX bytes=108 raw=aa5500d627fe0000000000000000001458004e5354520405060708090a0b0c0d0e0f101112131415161718191a1b1c1d1e1f20212223242526272829...
[TCP] RX serial=9E dst=27 code=00 reg=0x00000006 len=1 raw=55aa009efe270000000000000600000001001f57
[TCP] TX bytes=21 raw=aa55009e27fe000000000000060000000100012057
[TCP] RX serial=F9 dst=28 code=00 reg=0x00000002 len=2 raw=55aa00f9fe280000000000000200000002007857
[TCP] TX bytes=22 raw=aa5500f928fe0000000000000200000002006606e457
[TCP] RX serial=3A dst=28 code=00 reg=0x00000016 len=8 raw=55aa003afe28000000000000160000000800d356
[TCP] TX bytes=28 raw=aa55003a28fe0000000000001600000008004d36363028010000e557
[TCP] RX serial=D8 dst=28 code=00 reg=0x14000000 len=88 raw=55aa00d8fe28000000000000000000145800bf57
[TCP] TX bytes=108 raw=aa5500d828fe0000000000000000001458004e5354520405060708090a0b0c0d0e0f101112131415161718191a1b1c1d1e1f20212223242526272829...
[TCP] RX serial=1D dst=28 code=00 reg=0x00000006 len=1 raw=55aa001dfe280000000000000600000001009f56
[TCP] TX bytes=21 raw=aa55001d28fe00000000000006000000010001a056
[TCP] RX serial=5D dst=29 code=00 reg=0x00000002 len=2 raw=55aa005dfe29000000000000020000000200dd56
[TCP] TX bytes=22 raw=aa55005d29fe00000000000002000000020066064957
[TCP] RX serial=31 dst=29 code=00 reg=0x00000016 len=8 raw=55aa0031fe29000000000000160000000800cb56
[TCP] TX bytes=28 raw=aa55003129fe0000000000001600000008004d36363029010000de57
[TCP] RX serial=45 dst=29 code=00 reg=0x14000000 len=88 raw=55aa0045fe290000000000000000001458002d57
[TCP] TX bytes=108 raw=aa55004529fe0000000000000000001458004e5354520405060708090a0b0c0d0e0f101112131415161718191a1b1c1d1e1f20212223242526272829...
[TCP] RX serial=D8 dst=29 code=00 reg=0x00000006 len=1 raw=55aa00d8fe290000000000000600000001005b57
[TCP] TX bytes=21 raw=aa5500d829fe000000000000060000000100015c57
[TCP] RX serial=3C dst=2A code=00 reg=0x00000002 len=2 raw=55aa003cfe2a000000000000020000000200bd56
[TCP] TX bytes=22 raw=aa55003c2afe00000000000002000000020066062957
[TCP] RX serial=AA dst=2A code=00 reg=0x00000016 len=8 raw=55aa00aafe2a0000000000001600000008004557
[TCP] TX bytes=28 raw=aa5500aa2afe0000000000001600000008004d3636302a0100005958
[TCP] RX serial=27 dst=2A code=00 reg=0x14000000 len=88 raw=55aa0027fe2a0000000000000000001458001057
[TCP] TX bytes=108 raw=aa5500272afe0000000000000000001458004e5354520405060708090a0b0c0d0e0f101112131415161718191a1b1c1d1e1f20212223242526272829...
[TCP] RX serial=37 dst=2A code=00 reg=0x00000006 len=1 raw=55aa0037fe2a000000000000060000000100bb56
[TCP] TX bytes=21 raw=aa5500372afe00000000000006000000010001bc56
[TCP] RX serial=4E dst=2B code=00 reg=0x00000002 len=2 raw=55aa004efe2b000000000000020000000200d056
[TCP] TX bytes=22 raw=aa55004e2bfe00000000000002000000020066063c57
[TCP] RX serial=0D dst=2B code=00 reg=0x00000016 len=8 raw=55aa000dfe2b000000000000160000000800a956
[TCP] TX bytes=28 raw=aa55000d2bfe0000000000001600000008004d3636302b010000be57
[TCP] RX serial=D3 dst=2B code=00 reg=0x14000000 len=88 raw=55aa00d3fe2b000000000000000000145800bd57
[TCP] TX bytes=108 raw=aa5500d32bfe0000000000000000001458004e5354520405060708090a0b0c0d0e0f101112131415161718191a1b1c1d1e1f20212223242526272829...
[TCP] RX serial=0C dst=2B code=00 reg=0x00000006 len=1 raw=55aa000cfe2b0000000000000600000001009156
[TCP] TX bytes=21 raw=aa55000c2bfe000000000000060000000100019256
[TCP] RX serial=83 dst=2C code=00 reg=0x00000002 len=2 raw=55aa0083fe2c0000000000000200000002000657
[TCP] TX bytes=22 raw=aa5500832cfe00000000000002000000020066067257
[TCP] RX serial=28 dst=2C code=00 reg=0x00000016 len=8 raw=55aa0028fe2c000000000000160000000800c556
[TCP] TX bytes=28 raw=aa5500282cfe0000000000001600000008004d3636302c010000db57
[TCP] RX serial=5F dst=2C code=00 reg=0x14000000 len=88 raw=55aa005ffe2c0000000000000000001458004a57
[TCP] TX bytes=108 raw=aa55005f2cfe0000000000000000001458004e5354520405060708090a0b0c0d0e0f101112131415161718191a1b1c1d1e1f20212223242526272829...
[TCP] RX serial=C4 dst=2C code=00 reg=0x00000006 len=1 raw=55aa00c4fe2c0000000000000600000001004a57
[TCP] TX bytes=21 raw=aa5500c42cfe000000000000060000000100014b57
[TCP] RX serial=6F dst=2D code=00 reg=0x00000002 len=2 raw=55aa006ffe2d000000000000020000000200f356
[TCP] TX bytes=22 raw=aa55006f2dfe00000000000002000000020066065f57
[TCP] RX serial=3C dst=2D code=00 reg=0x00000016 len=8 raw=55aa003cfe2d000000000000160000000800da56
[TCP] TX bytes=28 raw=aa55003c2dfe0000000000001600000008004d3636302d010000f157
[TCP] RX serial=69 dst=2D code=00 reg=0x14000000 len=88 raw=55aa0069fe2d0000000000000000001458005557
[TCP] TX bytes=108 raw=aa5500692dfe0000000000000000001458004e5354520405060708090a0b0c0d0e0f101112131415161718191a1b1c1d1e1f20212223242526272829...
[TCP] RX serial=8A dst=2D code=00 reg=0x00000006 len=1 raw=55aa008afe2d0000000000000600000001001157
[TCP] TX bytes=21 raw=aa55008a2dfe000000000000060000000100011257
[TCP] RX serial=1B dst=2E code=00 reg=0x00000002 len=2 raw=55aa001bfe2e000000000000020000000200a056
[TCP] TX bytes=22 raw=aa55001b2efe00000000000002000000020066060c57
[TCP] RX serial=B9 dst=2E code=00 reg=0x00000016 len=8 raw=55aa00b9fe2e0000000000001600000008005857
[TCP] TX bytes=28 raw=aa5500b92efe0000000000001600000008004d3636302e0100007058
[TCP] RX serial=DF dst=2E code=00 reg=0x14000000 len=88 raw=55aa00dffe2e000000000000000000145800cc57
[TCP] TX bytes=108 raw=aa5500df2efe0000000000000000001458004e5354520405060708090a0b0c0d0e0f101112131415161718191a1b1c1d1e1f20212223242526272829...
[TCP] RX serial=CF dst=2E code=00 reg=0x00000006 len=1 raw=55aa00cffe2e0000000000000600000001005757
[TCP] TX bytes=21 raw=aa5500cf2efe000000000000060000000100015857
[TCP] RX serial=25 dst=2F code=00 reg=0x00000002 len=2 raw=55aa0025fe2f000000000000020000000200ab56
[TCP] TX bytes=22 raw=aa5500252ffe00000000000002000000020066061757
[TCP] RX serial=92 dst=2F code=00 reg=0x00000016 len=8 raw=55aa0092fe2f0000000000001600000008003257
[TCP] TX bytes=28 raw=aa5500922ffe0000000000001600000008004d3636302f0100004b58
[TCP] RX serial=22 dst=2F code=00 reg=0x14000000 len=88 raw=55aa0022fe2f0000000000000000001458001057
[TCP] TX bytes=108 raw=aa5500222ffe0000000000000000001458004e5354520405060708090a0b0c0d0e0f101112131415161718191a1b1c1d1e1f20212223242526272829...
[TCP] RX serial=D5 dst=2F code=00 reg=0x00000006 len=1 raw=55aa00d5fe2f0000000000000600000001005e57
[TCP] TX bytes=21 raw=aa5500d52ffe000000000000060000000100015f57
[TCP] RX serial=39 dst=30 code=00 reg=0x00000002 len=2 raw=55aa0039fe30000000000000020000000200c056
[TCP] TX bytes=22 raw=aa55003930fe00000000000002000000020066062c57
[TCP] RX serial=58 dst=30 code=00 reg=0x00000016 len=8 raw=55aa0058fe30000000000000160000000800f956
[TCP] TX bytes=28 raw=aa55005830fe0000000000001600000008004d363630300100001358
[TCP] RX serial=12 dst=30 code=00 reg=0x14000000 len=88 raw=55aa0012fe300000000000000000001458000157
[TCP] TX bytes=108 raw=aa55001230fe0000000000000000001458004e5354520405060708090a0b0c0d0e0f101112131415161718191a1b1c1d1e1f20212223242526272829...
[TCP] RX serial=45 dst=30 code=00 reg=0x00000006 len=1 raw=55aa0045fe30000000000000060000000100cf56
[TCP] TX bytes=21 raw=aa55004530fe00000000000006000000010001d056
[TCP] RX serial=13 dst=31 code=00 reg=0x00000002 len=2 raw=55aa0013fe310000000000000200000002009b56
[TCP] TX bytes=22 raw=aa55001331fe00000000000002000000020066060757
[TCP] RX serial=D5 dst=31 code=00 reg=0x00000016 len=8 raw=55aa00d5fe310000000000001600000008007757
[TCP] TX bytes=28 raw=aa5500d531fe0000000000001600000008004d363630310100009258
[TCP] RX serial=F9 dst=31 code=00 reg=0x14000000 len=88 raw=55aa00f9fe31000000000000000000145800e957
[TCP] TX bytes=108 raw=aa5500f931fe0000000000000000001458004e5354520405060708090a0b0c0d0e0f101112131415161718191a1b1c1d1e1f20212223242526272829...
[TCP] RX serial=7F dst=31 code=00 reg=0x00000006 len=1 raw=55aa007ffe310000000000000600000001000a57
[TCP] TX bytes=21 raw=aa55007f31fe000000000000060000000100010b57
[TCP] RX serial=0F dst=32 code=00 reg=0x00000002 len=2 raw=55aa000ffe320000000000000200000002009856
[TCP] TX bytes=22 raw=aa55000f32fe00000000000002000000020066060457
[TCP] RX serial=EE dst=32 code=00 reg=0x00000016 len=8 raw=55aa00eefe320000000000001600000008009157
[TCP] TX bytes=28 raw=aa5500ee32fe0000000000001600000008004d36363032010000ad58
[TCP] RX serial=1D dst=32 code=00 reg=0x14000000 len=88 raw=55aa001dfe320000000000000000001458000e57
[TCP] TX bytes=108 raw=aa55001d32fe0000000000000000001458004e5354520405060708090a0b0c0d0e0f101112131415161718191a1b1c1d1e1f20212223242526272829...
[TCP] RX serial=3F dst=32 code=00 reg=0x00000006 len=1 raw=55aa003ffe32000000000000060000000100cb56
[TCP] TX bytes=21 raw=aa55003f32fe00000000000006000000010001cc56
[TCP] RX serial=D8 dst=33 code=00 reg=0x00000002 len=2 raw=55aa00d8fe330000000000000200000002006257
[TCP] TX bytes=22 raw=aa5500d833fe0000000000000200000002006606ce57
[TCP] RX serial=09 dst=33 code=00 reg=0x00000016 len=8 raw=55aa0009fe33000000000000160000000800ad56
[TCP] TX bytes=28 raw=aa55000933fe0000000000001600000008004d36363033010000ca57
[TCP] RX serial=A7 dst=33 code=00 reg=0x14000000 len=88 raw=55aa00a7fe330000000000000000001458009957
[TCP] TX bytes=108 raw=aa5500a733fe0000000000000000001458004e5354520405060708090a0b0c0d0e0f101112131415161718191a1b1c1d1e1f20212223242526272829...
[TCP] RX serial=1F dst=33 code=00 reg=0x00000006 len=1 raw=55aa001ffe33000000000000060000000100ac56
[TCP] TX bytes=21 raw=aa55001f33fe00000000000006000000010001ad56
[TCP] RX serial=CA dst=34 code=00 reg=0x00000002 len=2 raw=55aa00cafe340000000000000200000002005557
[TCP] TX bytes=22 raw=aa5500ca34fe0000000000000200000002006606c157
[TCP] RX serial=C2 dst=34 code=00 reg=0x00000016 len=8 raw=55aa00c2fe340000000000001600000008006757
[TCP] TX bytes=28 raw=aa5500c234fe0000000000001600000008004d363630340100008558
[TCP] RX serial=39 dst=34 code=00 reg=0x14000000 len=88 raw=55aa0039fe340000000000000000001458002c57
[TCP] TX bytes=108 raw=aa55003934fe0000000000000000001458004e5354520405060708090a0b0c0d0e0f101112131415161718191a1b1c1d1e1f20212223242526272829...
[TCP] RX serial=51 dst=34 code=00 reg=0x00000006 len=1 raw=55aa0051fe34000000000000060000000100df56
[TCP] TX bytes=21 raw=aa55005134fe00000000000006000000010001e056
[TCP] RX serial=EE dst=35 code=00 reg=0x00000002 len=2 raw=55aa00eefe350000000000000200000002007a57
[TCP] TX bytes=22 raw=aa5500ee35fe0000000000000200000002006606e657
[TCP] RX serial=11 dst=35 code=00 reg=0x00000016 len=8 raw=55aa0011fe35000000000000160000000800b756
[TCP] TX bytes=28 raw=aa55001135fe0000000000001600000008004d36363035010000d657
[TCP] RX serial=2F dst=35 code=00 reg=0x14000000 len=88 raw=55aa002ffe350000000000000000001458002357
[TCP] TX bytes=108 raw=aa55002f35fe0000000000000000001458004e5354520405060708090a0b0c0d0e0f101112131415161718191a1b1c1d1e1f20212223242526272829...
[TCP] RX serial=BD dst=35 code=00 reg=0x00000006 len=1 raw=55aa00bdfe350000000000000600000001004c57
[TCP] TX bytes=21 raw=aa5500bd35fe000000000000060000000100014d57
[TCP] RX serial=CF dst=36 code=00 reg=0x00000002 len=2 raw=55aa00cffe360000000000000200000002005c57
[TCP] TX bytes=22 raw=aa5500cf36fe0000000000000200000002006606c857
[TCP] RX serial=4E dst=36 code=00 reg=0x00000016 len=8 raw=55aa004efe36000000000000160000000800f556
[TCP] TX bytes=28 raw=aa55004e36fe0000000000001600000008004d363630360100001558
[TCP] RX serial=01 dst=36 code=00 reg=0x14000000 len=88 raw=55aa0001fe36000000000000000000145800f656
[TCP] TX bytes=108 raw=aa55000136fe0000000000000000001458004e5354520405060708090a0b0c0d0e0f101112131415161718191a1b1c1d1e1f20212223242526272829...
[TCP] RX serial=A2 dst=36 code=00 reg=0x00000006 len=1 raw=55aa00a2fe360000000000000600000001003257
[TCP] TX bytes=21 raw=aa5500a236fe000000000000060000000100013357
[TCP] RX serial=51 dst=37 code=00 reg=0x00000002 len=2 raw=55aa0051fe37000000000000020000000200df56
[TCP] TX bytes=22 raw=aa55005137fe00000000000002000000020066064b57
[TCP] RX serial=75 dst=37 code=00 reg=0x00000016 len=8 raw=55aa0075fe370000000000001600000008001d57
[TCP] TX bytes=28 raw=aa55007537fe0000000000001600000008004d363630370100003e58
[TCP] RX serial=B3 dst=37 code=00 reg=0x14000000 len=88 raw=55aa00b3fe37000000000000000000145800a957
[TCP] TX bytes=108 raw=aa5500b337fe0000000000000000001458004e5354520405060708090a0b0c0d0e0f101112131415161718191a1b1c1d1e1f20212223242526272829...
[TCP] RX serial=A8 dst=37 code=00 reg=0x00000006 len=1 raw=55aa00a8fe370000000000000600000001003957
[TCP] TX bytes=21 raw=aa5500a837fe000000000000060000000100013a57
[TCP] RX serial=88 dst=38 code=00 reg=0x00000002 len=2 raw=55aa0088fe380000000000000200000002001757
[TCP] TX bytes=22 raw=aa55008838fe00000000000002000000020066068357
[TCP] RX serial=51 dst=38 code=00 reg=0x00000016 len=8 raw=55aa0051fe38000000000000160000000800fa56
[TCP] TX bytes=28 raw=aa55005138fe0000000000001600000008004d363630380100001c58
[TCP] RX serial=FC dst=38 code=00 reg=0x14000000 len=88 raw=55aa00fcfe38000000000000000000145800f357
[TCP] TX bytes=108 raw=aa5500fc38fe0000000000000000001458004e5354520405060708090a0b0c0d0e0f101112131415161718191a1b1c1d1e1f20212223242526272829...
[TCP] RX serial=F5 dst=38 code=00 reg=0x00000006 len=1 raw=55aa00f5fe380000000000000600000001008757
[TCP] TX bytes=21 raw=aa5500f538fe000000000000060000000100018857
[TCP] RX serial=F9 dst=39 code=00 reg=0x00000002 len=2 raw=55aa00f9fe390000000000000200000002008957
[TCP] TX bytes=22 raw=aa5500f939fe0000000000000200000002006606f557
[TCP] RX serial=8E dst=39 code=00 reg=0x00000016 len=8 raw=55aa008efe390000000000001600000008003857
[TCP] TX bytes=28 raw=aa55008e39fe0000000000001600000008004d363630390100005b58
[TCP] RX serial=F8 dst=39 code=00 reg=0x14000000 len=88 raw=55aa00f8fe39000000000000000000145800f057
[TCP] TX bytes=108 raw=aa5500f839fe0000000000000000001458004e5354520405060708090a0b0c0d0e0f101112131415161718191a1b1c1d1e1f20212223242526272829...
[TCP] RX serial=AC dst=39 code=00 reg=0x00000006 len=1 raw=55aa00acfe390000000000000600000001003f57
[TCP] TX bytes=21 raw=aa5500ac39fe000000000000060000000100014057
[TCP] RX serial=2E dst=3A code=00 reg=0x00000002 len=2 raw=55aa002efe3a000000000000020000000200bf56
[TCP] TX bytes=22 raw=aa55002e3afe00000000000002000000020066062b57
[TCP] RX serial=DE dst=3A code=00 reg=0x00000016 len=8 raw=55aa00defe3a0000000000001600000008008957
[TCP] TX bytes=28 raw=aa5500de3afe0000000000001600000008004d3636303a010000ad58
[TCP] RX serial=B4 dst=3A code=00 reg=0x14000000 len=88 raw=55aa00b4fe3a000000000000000000145800ad57
[TCP] TX bytes=108 raw=aa5500b43afe0000000000000000001458004e5354520405060708090a0b0c0d0e0f101112131415161718191a1b1c1d1e1f20212223242526272829...
[TCP] RX serial=7F dst=3A code=00 reg=0x00000006 len=1 raw=55aa007ffe3a0000000000000600000001001357
[TCP] TX bytes=21 raw=aa55007f3afe000000000000060000000100011457
[TCP] RX serial=1E dst=3B code=00 reg=0x00000002 len=2 raw=55aa001efe3b000000000000020000000200b056
[TCP] TX bytes=22 raw=aa55001e3bfe00000000000002000000020066061c57
[TCP] RX serial=2A dst=3B code=00 reg=0x00000016 len=8 raw=55aa002afe3b000000000000160000000800d656
[TCP] TX bytes=28 raw=aa55002a3bfe0000000000001600000008004d3636303b010000fb57
[TCP] RX serial=B0 dst=3B code=00 reg=0x14000000 len=88 raw=55aa00b0fe3b000000000000000000145800aa57
[TCP] TX bytes=108 raw=aa5500b03bfe0000000000000000001458004e5354520405060708090a0b0c0d0e0f101112131415161718191a1b1c1d1e1f20212223242526272829...
[TCP] RX serial=12 dst=3B code=00 reg=0x00000006 len=1 raw=55aa0012fe3b000000000000060000000100a756
[TCP] TX bytes=21 raw=aa5500123bfe00000000000006000000010001a856
[TCP] RX serial=12 dst=3C code=00 reg=0x00000002 len=2 raw=55aa0012fe3c000000000000020000000200a556
[TCP] TX bytes=22 raw=aa5500123cfe00000000000002000000020066061157
[TCP] RX serial=C0 dst=3C code=00 reg=0x00000016 len=8 raw=55aa00c0fe3c0000000000001600000008006d57
[TCP] TX bytes=28 raw=aa5500c03cfe0000000000001600000008004d3636303c0100009358
[TCP] RX serial=04 dst=3C code=00 reg=0x14000000 len=88 raw=55aa0004fe3c000000000000000000145800ff56
[TCP] TX bytes=108 raw=aa5500043cfe0000000000000000001458004e5354520405060708090a0b0c0d0e0f101112131415161718191a1b1c1d1e1f20212223242526272829...
[TCP] RX serial=61 dst=3C code=00 reg=0x00000006 len=1 raw=55aa0061fe3c000000000000060000000100f756
[TCP] TX bytes=21 raw=aa5500613cfe00000000000006000000010001f856
[TCP] RX serial=58 dst=3D code=00 reg=0x00000002 len=2 raw=55aa0058fe3d000000000000020000000200ec56
[TCP] TX bytes=22 raw=aa5500583dfe00000000000002000000020066065857
[TCP] RX serial=CF dst=3D code=00 reg=0x00000016 len=8 raw=55aa00cffe3d0000000000001600000008007d57
[TCP] TX bytes=28 raw=aa5500cf3dfe0000000000001600000008004d3636303d010000a458
[TCP] RX serial=E6 dst=3D code=00 reg=0x14000000 len=88 raw=55aa00e6fe3d000000000000000000145800e257
[TCP] TX bytes=108 raw=aa5500e63dfe0000000000000000001458004e5354520405060708090a0b0c0d0e0f101112131415161718191a1b1c1d1e1f20212223242526272829...
[TCP] RX serial=28 dst=3D code=00 reg=0x00000006 len=1 raw=55aa0028fe3d000000000000060000000100bf56
[TCP] TX bytes=21 raw=aa5500283dfe00000000000006000000010001c056
[TCP] RX serial=28 dst=3E code=00 reg=0x00000002 len=2 raw=55aa0028fe3e000000000000020000000200bd56
[TCP] TX bytes=22 raw=aa5500283efe00000000000002000000020066062957
[TCP] RX serial=54 dst=3E code=00 reg=0x00000016 len=8 raw=55aa0054fe3e0000000000001600000008000357
[TCP] TX bytes=28 raw=aa5500543efe0000000000001600000008004d3636303e0100002b58
[TCP] RX serial=74 dst=3E code=00 reg=0x14000000 len=88 raw=55aa0074fe3e0000000000000000001458007157
[TCP] TX bytes=108 raw=aa5500743efe0000000000000000001458004e5354520405060708090a0b0c0d0e0f101112131415161718191a1b1c1d1e1f20212223242526272829...
[TCP] RX serial=C4 dst=3E code=00 reg=0x00000006 len=1 raw=55aa00c4fe3e0000000000000600000001005c57
[TCP] TX bytes=21 raw=aa5500c43efe000000000000060000000100015d57
[TCP] RX serial=D3 dst=3F code=00 reg=0x00000002 len=2 raw=55aa00d3fe3f0000000000000200000002006957
[TCP] TX bytes=22 raw=aa5500d33ffe0000000000000200000002006606d557
[TCP] RX serial=56 dst=3F code=00 reg=0x00000016 len=8 raw=55aa0056fe3f0000000000001600000008000657
[TCP] TX bytes=28 raw=aa5500563ffe0000000000001600000008004d3636303f0100002f58
[TCP] RX serial=2E dst=3F code=00 reg=0x14000000 len=88 raw=55aa002efe3f0000000000000000001458002c57
[TCP] TX bytes=108 raw=aa55002e3ffe0000000000000000001458004e5354520405060708090a0b0c0d0e0f101112131415161718191a1b1c1d1e1f20212223242526272829...
[TCP] RX serial=99 dst=3F code=00 reg=0x00000006 len=1 raw=55aa0099fe3f0000000000000600000001003257
[TCP] TX bytes=21 raw=aa5500993ffe000000000000060000000100013357
[TCP] RX serial=3A dst=40 code=00 reg=0x00000002 len=2 raw=55aa003afe40000000000000020000000200d156
[TCP] TX bytes=22 raw=aa55003a40fe00000000000002000000020066063d57
[TCP] RX serial=73 dst=40 code=00 reg=0x00000016 len=8 raw=55aa0073fe400000000000001600000008002457
[TCP] TX bytes=28 raw=aa55007340fe0000000000001600000008004d363630400100004e58
[TCP] RX serial=B6 dst=40 code=00 reg=0x14000000 len=88 raw=55aa00b6fe40000000000000000000145800b557
[TCP] TX bytes=108 raw=aa5500b640fe0000000000000000001458004e5354520405060708090a0b0c0d0e0f101112131415161718191a1b1c1d1e1f20212223242526272829...
[TCP] RX serial=87 dst=40 code=00 reg=0x00000006 len=1 raw=55aa0087fe400000000000000600000001002157
[TCP] TX bytes=21 raw=aa55008740fe000000000000060000000100012257
[TCP] RX serial=0B dst=41 code=00 reg=0x00000002 len=2 raw=55aa000bfe41000000000000020000000200a356
[TCP] TX bytes=22 raw=aa55000b41fe00000000000002000000020066060f57
[TCP] RX serial=B1 dst=41 code=00 reg=0x00000016 len=8 raw=55aa00b1fe410000000000001600000008006357
[TCP] TX bytes=28 raw=aa5500b141fe0000000000001600000008004d363630410100008e58
[TCP] RX serial=24 dst=41 code=00 reg=0x14000000 len=88 raw=55aa0024fe410000000000000000001458002457
[TCP] TX bytes=108 raw=aa55002441fe0000000000000000001458004e5354520405060708090a0b0c0d0e0f101112131415161718191a1b1c1d1e1f20212223242526272829...
[TCP] RX serial=3C dst=41 code=00 reg=0x00000006 len=1 raw=55aa003cfe41000000000000060000000100d756
[TCP] TX bytes=21 raw=aa55003c41fe00000000000006000000010001d856
[TCP] RX serial=C9 dst=42 code=00 reg=0x00000002 len=2 raw=55aa00c9fe420000000000000200000002006257
[TCP] TX bytes=22 raw=aa5500c942fe0000000000000200000002006606ce57
[TCP] RX serial=8B dst=42 code=00 reg=0x00000016 len=8 raw=55aa008bfe420000000000001600000008003e57
[TCP] TX bytes=28 raw=aa55008b42fe0000000000001600000008004d363630420100006a58
[TCP] RX serial=22 dst=42 code=00 reg=0x14000000 len=88 raw=55aa0022fe420000000000000000001458002357
[TCP] TX bytes=108 raw=aa55002242fe0000000000000000001458004e5354520405060708090a0b0c0d0e0f101112131415161718191a1b1c1d1e1f20212223242526272829...
[TCP] RX serial=0F dst=42 code=00 reg=0x00000006 len=1 raw=55aa000ffe42000000000000060000000100ab56
[TCP] TX bytes=21 raw=aa55000f42fe00000000000006000000010001ac56
[TCP] RX serial=5B dst=43 code=00 reg=0x00000002 len=2 raw=55aa005bfe43000000000000020000000200f556
[TCP] TX bytes=22 raw=aa55005b43fe00000000000002000000020066066157
[TCP] RX serial=AE dst=43 code=00 reg=0x00000016 len=8 raw=55aa00aefe430000000000001600000008006257
[TCP] TX bytes=28 raw=aa5500ae43fe0000000000001600000008004d363630430100008f58
[TCP] RX serial=9E dst=43 code=00 reg=0x14000000 len=88 raw=55aa009efe43000000000000000000145800a057
[TCP] TX bytes=108 raw=aa55009e43fe0000000000000000001458004e5354520405060708090a0b0c0d0e0f101112131415161718191a1b1c1d1e1f20212223242526272829...
[TCP] RX serial=A5 dst=43 code=00 reg=0x00000006 len=1 raw=55aa00a5fe430000000000000600000001004257
[TCP] TX bytes=21 raw=aa5500a543fe000000000000060000000100014357
[TCP] RX serial=9C dst=44 code=00 reg=0x00000002 len=2 raw=55aa009cfe440000000000000200000002003757
[TCP] TX bytes=22 raw=aa55009c44fe0000000000000200000002006606a357
[TCP] RX serial=EE dst=44 code=00 reg=0x00000016 len=8 raw=55aa00eefe44000000000000160000000800a357
[TCP] TX bytes=28 raw=aa5500ee44fe0000000000001600000008004d36363044010000d158
[TCP] RX serial=90 dst=44 code=00 reg=0x14000000 len=88 raw=55aa0090fe440000000000000000001458009357
[TCP] TX bytes=108 raw=aa55009044fe0000000000000000001458004e5354520405060708090a0b0c0d0e0f101112131415161718191a1b1c1d1e1f20212223242526272829...
[TCP] RX serial=8F dst=44 code=00 reg=0x00000006 len=1 raw=55aa008ffe440000000000000600000001002d57
[TCP] TX bytes=21 raw=aa55008f44fe000000000000060000000100012e57
[TCP] RX serial=70 dst=45 code=00 reg=0x00000002 len=2 raw=55aa0070fe450000000000000200000002000c57
[TCP] TX bytes=22 raw=aa55007045fe00000000000002000000020066067857
[TCP] RX serial=51 dst=45 code=00 reg=0x00000016 len=8 raw=55aa0051fe450000000000001600000008000757
[TCP] TX bytes=28 raw=aa55005145fe0000000000001600000008004d363630450100003658
[TCP] RX serial=50 dst=45 code=00 reg=0x14000000 len=88 raw=55aa0050fe450000000000000000001458005457
[TCP] TX bytes=108 raw=aa55005045fe0000000000000000001458004e5354520405060708090a0b0c0d0e0f101112131415161718191a1b1c1d1e1f20212223242526272829...
[TCP] RX serial=B7 dst=45 code=00 reg=0x00000006 len=1 raw=55aa00b7fe450000000000000600000001005657
[TCP] TX bytes=21 raw=aa5500b745fe000000000000060000000100015757
[TCP] RX serial=69 dst=46 code=00 reg=0x00000002 len=2 raw=55aa0069fe460000000000000200000002000657
[TCP] TX bytes=22 raw=aa55006946fe00000000000002000000020066067257
[TCP] RX serial=D4 dst=46 code=00 reg=0x00000016 len=8 raw=55aa00d4fe460000000000001600000008008b57
[TCP] TX bytes=28 raw=aa5500d446fe0000000000001600000008004d36363046010000bb58
[TCP] RX serial=CC dst=46 code=00 reg=0x14000000 len=88 raw=55aa00ccfe46000000000000000000145800d157
[TCP] TX bytes=108 raw=aa5500cc46fe0000000000000000001458004e5354520405060708090a0b0c0d0e0f101112131415161718191a1b1c1d1e1f20212223242526272829...
[TCP] RX serial=A5 dst=46 code=00 reg=0x00000006 len=1 raw=55aa00a5fe460000000000000600000001004557
[TCP] TX bytes=21 raw=aa5500a546fe000000000000060000000100014657
[TCP] RX serial=19 dst=47 code=00 reg=0x00000002 len=2 raw=55aa0019fe47000000000000020000000200b756
[TCP] TX bytes=22 raw=aa55001947fe00000000000002000000020066062357
[TCP] RX serial=33 dst=47 code=00 reg=0x00000016 len=8 raw=55aa0033fe47000000000000160000000800eb56
[TCP] TX bytes=28 raw=aa55003347fe0000000000001600000008004d363630470100001c58
[TCP] RX serial=D8 dst=47 code=00 reg=0x14000000 len=88 raw=55aa00d8fe47000000000000000000145800de57
[TCP] TX bytes=108 raw=aa5500d847fe0000000000000000001458004e5354520405060708090a0b0c0d0e0f101112131415161718191a1b1c1d1e1f20212223242526272829...
[TCP] RX serial=D7 dst=47 code=00 reg=0x00000006 len=1 raw=55aa00d7fe470000000000000600000001007857
[TCP] TX bytes=21 raw=aa5500d747fe000000000000060000000100017957
[TCP] RX serial=B0 dst=48 code=00 reg=0x00000002 len=2 raw=55aa00b0fe480000000000000200000002004f57
[TCP] TX bytes=22 raw=aa5500b048fe0000000000000200000002006606bb57
[TCP] RX serial=1B dst=48 code=00 reg=0x00000016 len=8 raw=55aa001bfe48000000000000160000000800d456
[TCP] TX bytes=28 raw=aa55001b48fe0000000000001600000008004d363630480100000658
[TCP] RX serial=45 dst=48 code=00 reg=0x14000000 len=88 raw=55aa0045fe480000000000000000001458004c57
[TCP] TX bytes=108 raw=aa55004548fe0000000000000000001458004e5354520405060708090a0b0c0d0e0f101112131415161718191a1b1c1d1e1f20212223242526272829...
[TCP] RX serial=AA dst=48 code=00 reg=0x00000006 len=1 raw=55aa00aafe480000000000000600000001004c57
[TCP] TX bytes=21 raw=aa5500aa48fe000000000000060000000100014d57
[TCP] RX serial=73 dst=49 code=00 reg=0x00000002 len=2 raw=55aa0073fe490000000000000200000002001357
[TCP] TX bytes=22 raw=aa55007349fe00000000000002000000020066067f57
[TCP] RX serial=29 dst=49 code=00 reg=0x00000016 len=8 raw=55aa0029fe49000000000000160000000800e356
[TCP] TX bytes=28 raw=aa55002949fe0000000000001600000008004d363630490100001658
[TCP] RX serial=06 dst=49 code=00 reg=0x14000000 len=88 raw=55aa0006fe490000000000000000001458000e57
[TCP] TX bytes=108 raw=aa55000649fe0000000000000000001458004e5354520405060708090a0b0c0d0e0f101112131415161718191a1b1c1d1e1f20212223242526272829...
[TCP] RX serial=5F dst=49 code=00 reg=0x00000006 len=1 raw=55aa005ffe490000000000000600000001000257
[TCP] TX bytes=21 raw=aa55005f49fe000000000000060000000100010357
[TCP] RX serial=9B dst=4A code=00 reg=0x00000002 len=2 raw=55aa009bfe4a0000000000000200000002003c57
[TCP] TX bytes=22 raw=aa55009b4afe0000000000000200000002006606a857
[TCP] RX serial=C7 dst=4A code=00 reg=0x00000016 len=8 raw=55aa00c7fe4a0000000000001600000008008257
[TCP] TX bytes=28 raw=aa5500c74afe0000000000001600000008004d3636304a010000b658
[TCP] RX serial=97 dst=4A code=00 reg=0x14000000 len=88 raw=55aa0097fe4a000000000000000000145800a057
[TCP] TX bytes=108 raw=aa5500974afe0000000000000000001458004e5354520405060708090a0b0c0d0e0f101112131415161718191a1b1c1d1e1f20212223242526272829...
[TCP] RX serial=CC dst=4A code=00 reg=0x00000006 len=1 raw=55aa00ccfe4a0000000000000600000001007057
[TCP] TX bytes=21 raw=aa5500cc4afe000000000000060000000100017157
[TCP] RX serial=AC dst=4B code=00 reg=0x00000002 len=2 raw=55aa00acfe4b0000000000000200000002004e57
[TCP] TX bytes=22 raw=aa5500ac4bfe0000000000000200000002006606ba57
[TCP] RX serial=D6 dst=4B code=00 reg=0x00000016 len=8 raw=55aa00d6fe4b0000000000001600000008009257
[TCP] TX bytes=28 raw=aa5500d64bfe0000000000001600000008004d3636304b010000c758
[TCP] RX serial=CB dst=4B code=00 reg=0x14000000 len=88 raw=55aa00cbfe4b000000000000000000145800d557
[TCP] TX bytes=108 raw=aa5500cb4bfe0000000000000000001458004e5354520405060708090a0b0c0d0e0f101112131415161718191a1b1c1d1e1f20212223242526272829...
[TCP] RX serial=79 dst=4B code=00 reg=0x00000006 len=1 raw=55aa0079fe4b0000000000000600000001001e57
[TCP] TX bytes=21 raw=aa5500794bfe000000000000060000000100011f57
[TCP] RX serial=B4 dst=4C code=00 reg=0x00000002 len=2 raw=55aa00b4fe4c0000000000000200000002005757
[TCP] TX bytes=22 raw=aa5500b44cfe0000000000000200000002006606c357
[TCP] RX serial=CE dst=4C code=00 reg=0x00000016 len=8 raw=55aa00cefe4c0000000000001600000008008b57
[TCP] TX bytes=28 raw=aa5500ce4cfe0000000000001600000008004d3636304c010000c158
[TCP] RX serial=27 dst=4C code=00 reg=0x14000000 len=88 raw=55aa0027fe4c0000000000000000001458003257
[TCP] TX bytes=108 raw=aa5500274cfe0000000000000000001458004e5354520405060708090a0b0c0d0e0f101112131415161718191a1b1c1d1e1f20212223242526272829...
[TCP] RX serial=E4 dst=4C code=00 reg=0x00000006 len=1 raw=55aa00e4fe4c0000000000000600000001008a57
[TCP] TX bytes=21 raw=aa5500e44cfe000000000000060000000100018b57
[TCP] RX serial=C4 dst=4D code=00 reg=0x00000002 len=2 raw=55aa00c4fe4d0000000000000200000002006857
[TCP] TX bytes=22 raw=aa5500c44dfe0000000000000200000002006606d457
[TCP] RX serial=9D dst=4D code=00 reg=0x00000016 len=8 raw=55aa009dfe4d0000000000001600000008005b57
[TCP] TX bytes=28 raw=aa55009d4dfe0000000000001600000008004d3636304d0100009258
[TCP] RX serial=28 dst=4D code=00 reg=0x14000000 len=88 raw=55aa0028fe4d0000000000000000001458003457
[TCP] TX bytes=108 raw=aa5500284dfe0000000000000000001458004e5354520405060708090a0b0c0d0e0f101112131415161718191a1b1c1d1e1f20212223242526272829...
[TCP] RX serial=E8 dst=4D code=00 reg=0x00000006 len=1 raw=55aa00e8fe4d0000000000000600000001008f57
[TCP] TX bytes=21 raw=aa5500e84dfe000000000000060000000100019057
[TCP] RX serial=23 dst=4E code=00 reg=0x00000002 len=2 raw=55aa0023fe4e000000000000020000000200c856
[TCP] TX bytes=22 raw=aa5500234efe00000000000002000000020066063457
[TCP] RX serial=FD dst=4E code=00 reg=0x00000016 len=8 raw=55aa00fdfe4e000000000000160000000800bc57
[TCP] TX bytes=28 raw=aa5500fd4efe0000000000001600000008004d3636304e010000f458
[TCP] RX serial=1D dst=4E code=00 reg=0x14000000 len=88 raw=55aa001dfe4e0000000000000000001458002a57
[TCP] TX bytes=108 raw=aa55001d4efe0000000000000000001458004e5354520405060708090a0b0c0d0e0f101112131415161718191a1b1c1d1e1f20212223242526272829...
[TCP] RX serial=36 dst=4E code=00 reg=0x00000006 len=1 raw=55aa0036fe4e000000000000060000000100de56
[TCP] TX bytes=21 raw=aa5500364efe00000000000006000000010001df56
[TCP] RX serial=E4 dst=4F code=00 reg=0x00000002 len=2 raw=55aa00e4fe4f0000000000000200000002008a57
[TCP] TX bytes=22 raw=aa5500e44ffe0000000000000200000002006606f657
[TCP] RX serial=7D dst=4F code=00 reg=0x00000016 len=8 raw=55aa007dfe4f0000000000001600000008003d57
[TCP] TX bytes=28 raw=aa55007d4ffe0000000000001600000008004d3636304f0100007658
[TCP] RX serial=23 dst=4F code=00 reg=0x14000000 len=88 raw=55aa0023fe4f0000000000000000001458003157
[TCP] TX bytes=108 raw=aa5500234ffe0000000000000000001458004e5354520405060708090a0b0c0d0e0f101112131415161718191a1b1c1d1e1f20212223242526272829...
[TCP] RX serial=96 dst=4F code=00 reg=0x00000006 len=1 raw=55aa0096fe4f0000000000000600000001003f57
[TCP] TX bytes=21 raw=aa5500964ffe000000000000060000000100014057
[TCP] RX serial=B1 dst=50 code=00 reg=0x00000002 len=2 raw=55aa00b1fe500000000000000200000002005857
[TCP] TX bytes=22 raw=aa5500b150fe0000000000000200000002006606c457
[TCP] RX serial=4A dst=50 code=00 reg=0x00000016 len=8 raw=55aa004afe500000000000001600000008000b57
[TCP] TX bytes=28 raw=aa55004a50fe0000000000001600000008004d363630500100004558
[TCP] RX serial=5E dst=50 code=00 reg=0x14000000 len=88 raw=55aa005efe500000000000000000001458006d57
[TCP] TX bytes=108 raw=aa55005e50fe0000000000000000001458004e5354520405060708090a0b0c0d0e0f101112131415161718191a1b1c1d1e1f20212223242526272829...
[TCP] RX serial=40 dst=50 code=00 reg=0x00000006 len=1 raw=55aa0040fe50000000000000060000000100ea56
[TCP] TX bytes=21 raw=aa55004050fe00000000000006000000010001eb56
[TCP] RX serial=69 dst=51 code=00 reg=0x00000002 len=2 raw=55aa0069fe510000000000000200000002001157
[TCP] TX bytes=22 raw=aa55006951fe00000000000002000000020066067d57
[TCP] RX serial=F2 dst=51 code=00 reg=0x00000016 len=8 raw=55aa00f2fe51000000000000160000000800b457
[TCP] TX bytes=28 raw=aa5500f251fe0000000000001600000008004d36363051010000ef58
[TCP] RX serial=32 dst=51 code=00 reg=0x14000000 len=88 raw=55aa0032fe510000000000000000001458004257
[TCP] TX bytes=108 raw=aa55003251fe0000000000000000001458004e5354520405060708090a0b0c0d0e0f101112131415161718191a1b1c1d1e1f20212223242526272829...
[TCP] RX serial=73 dst=51 code=00 reg=0x00000006 len=1 raw=55aa0073fe510000000000000600000001001e57
[TCP] TX bytes=21 raw=aa55007351fe000000000000060000000100011f57
[TCP] RX serial=E7 dst=52 code=00 reg=0x00000002 len=2 raw=55aa00e7fe520000000000000200000002009057
[TCP] TX bytes=22 raw=aa5500e752fe0000000000000200000002006606fc57
[TCP] RX serial=31 dst=52 code=00 reg=0x00000016 len=8 raw=55aa0031fe52000000000000160000000800f456
[TCP] TX bytes=28 raw=aa55003152fe0000000000001600000008004d363630520100003058
[TCP] RX serial=F2 dst=52 code=00 reg=0x14000000 len=88 raw=55aa00f2fe520000000000000000001458000358
[TCP] TX bytes=108 raw=aa5500f252fe0000000000000000001458004e5354520405060708090a0b0c0d0e0f101112131415161718191a1b1c1d1e1f20212223242526272829...
[TCP] RX serial=A8 dst=52 code=00 reg=0x00000006 len=1 raw=55aa00a8fe520000000000000600000001005457
[TCP] TX bytes=21 raw=aa5500a852fe000000000000060000000100015557
[TCP] RX serial=B9 dst=53 code=00 reg=0x00000002 len=2 raw=55aa00b9fe530000000000000200000002006357
[TCP] TX bytes=22 raw=aa5500b953fe0000000000000200000002006606cf57
[TCP] RX serial=82 dst=53 code=00 reg=0x00000016 len=8 raw=55aa0082fe530000000000001600000008004657
[TCP] TX bytes=28 raw=aa55008253fe0000000000001600000008004d363630530100008358
[TCP] RX serial=0A dst=53 code=00 reg=0x14000000 len=88 raw=55aa000afe530000000000000000001458001c57
[TCP] TX bytes=108 raw=aa55000a53fe0000000000000000001458004e5354520405060708090a0b0c0d0e0f101112131415161718191a1b1c1d1e1f20212223242526272829...
[TCP] RX serial=91 dst=53 code=00 reg=0x00000006 len=1 raw=55aa0091fe530000000000000600000001003e57
[TCP] TX bytes=21 raw=aa55009153fe000000000000060000000100013f57
[TCP] RX serial=08 dst=54 code=00 reg=0x00000002 len=2 raw=55aa0008fe54000000000000020000000200b356
[TCP] TX bytes=22 raw=aa55000854fe00000000000002000000020066061f57
[TCP] RX serial=53 dst=54 code=00 reg=0x00000016 len=8 raw=55aa0053fe540000000000001600000008001857
[TCP] TX bytes=28 raw=aa55005354fe0000000000001600000008004d363630540100005658
[TCP] RX serial=EF dst=54 code=00 reg=0x14000000 len=88 raw=55aa00effe540000000000000000001458000258
[TCP] TX bytes=108 raw=aa5500ef54fe0000000000000000001458004e5354520405060708090a0b0c0d0e0f101112131415161718191a1b1c1d1e1f20212223242526272829...
[TCP] RX serial=49 dst=54 code=00 reg=0x00000006 len=1 raw=55aa0049fe54000000000000060000000100f756
[TCP] TX bytes=21 raw=aa55004954fe00000000000006000000010001f856
[TCP] RX serial=0B dst=55 code=00 reg=0x00000002 len=2 raw=55aa000bfe55000000000000020000000200b756
[TCP] TX bytes=22 raw=aa55000b55fe00000000000002000000020066062357
[TCP] RX serial=F3 dst=55 code=00 reg=0x00000016 len=8 raw=55aa00f3fe55000000000000160000000800b957
[TCP] TX bytes=28 raw=aa5500f355fe0000000000001600000008004d36363055010000f858
[TCP] RX serial=12 dst=55 code=00 reg=0x14000000 len=88 raw=55aa0012fe550000000000000000001458002657
[TCP] TX bytes=108 raw=aa55001255fe0000000000000000001458004e5354520405060708090a0b0c0d0e0f101112131415161718191a1b1c1d1e1f20212223242526272829...
[TCP] RX serial=12 dst=55 code=00 reg=0x00000006 len=1 raw=55aa0012fe55000000000000060000000100c156
[TCP] TX bytes=21 raw=aa55001255fe00000000000006000000010001c256
[TCP] RX serial=F1 dst=56 code=00 reg=0x00000002 len=2 raw=55aa00f1fe560000000000000200000002009e57
[TCP] TX bytes=22 raw=aa5500f156fe00000000000002000000020066060a58
[TCP] RX serial=5B dst=56 code=00 reg=0x00000016 len=8 raw=55aa005bfe560000000000001600000008002257
[TCP] TX bytes=28 raw=aa55005b56fe0000000000001600000008004d363630560100006258
[TCP] RX serial=87 dst=56 code=00 reg=0x14000000 len=88 raw=55aa0087fe560000000000000000001458009c57
[TCP] TX bytes=108 raw=aa55008756fe0000000000000000001458004e5354520405060708090a0b0c0d0e0f101112131415161718191a1b1c1d1e1f20212223242526272829...
[TCP] RX serial=74 dst=56 code=00 reg=0x00000006 len=1 raw=55aa0074fe560000000000000600000001002457
[TCP] TX bytes=21 raw=aa55007456fe000000000000060000000100012557
[TCP] RX serial=0B dst=57 code=00 reg=0x00000002 len=2 raw=55aa000bfe57000000000000020000000200b956
[TCP] TX bytes=22 raw=aa55000b57fe00000000000002000000020066062557
[TCP] RX serial=CF dst=57 code=00 reg=0x00000016 len=8 raw=55aa00cffe570000000000001600000008009757
[TCP] TX bytes=28 raw=aa5500cf57fe0000000000001600000008004d36363057010000d858
[TCP] RX serial=79 dst=57 code=00 reg=0x14000000 len=88 raw=55aa0079fe570000000000000000001458008f57
[TCP] TX bytes=108 raw=aa55007957fe0000000000000000001458004e5354520405060708090a0b0c0d0e0f101112131415161718191a1b1c1d1e1f20212223242526272829...
[TCP] RX serial=1E dst=57 code=00 reg=0x00000006 len=1 raw=55aa001efe57000000000000060000000100cf56
[TCP] TX bytes=21 raw=aa55001e57fe00000000000006000000010001d056
[TCP] RX serial=A4 dst=58 code=00 reg=0x00000002 len=2 raw=55aa00a4fe580000000000000200000002005357
[TCP] TX bytes=22 raw=aa5500a458fe0000000000000200000002006606bf57
[TCP] RX serial=00 dst=58 code=00 reg=0x00000016 len=8 raw=55aa0000fe58000000000000160000000800c956
[TCP] TX bytes=28 raw=aa55000058fe0000000000001600000008004d363630580100000b58
[TCP] RX serial=1A dst=58 code=00 reg=0x14000000 len=88 raw=55aa001afe580000000000000000001458003157
[TCP] TX bytes=108 raw=aa55001a58fe0000000000000000001458004e5354520405060708090a0b0c0d0e0f101112131415161718191a1b1c1d1e1f20212223242526272829...
[TCP] RX serial=62 dst=58 code=00 reg=0x00000006 len=1 raw=55aa0062fe580000000000000600000001001457
[TCP] TX bytes=21 raw=aa55006258fe000000000000060000000100011557
[TCP] RX serial=78 dst=59 code=00 reg=0x00000002 len=2 raw=55aa0078fe590000000000000200000002002857
[TCP] TX bytes=22 raw=aa55007859fe00000000000002000000020066069457
[TCP] RX serial=8B dst=59 code=00 reg=0x00000016 len=8 raw=55aa008bfe590000000000001600000008005557
[TCP] TX bytes=28 raw=aa55008b59fe0000000000001600000008004d363630590100009858
[TCP] RX serial=0F dst=59 code=00 reg=0x14000000 len=88 raw=55aa000ffe590000000000000000001458002757
[TCP] TX bytes=108 raw=aa55000f59fe0000000000000000001458004e5354520405060708090a0b0c0d0e0f101112131415161718191a1b1c1d1e1f20212223242526272829...
[TCP] RX serial=C1 dst=59 code=00 reg=0x00000006 len=1 raw=55aa00c1fe590000000000000600000001007457
[TCP] TX bytes=21 raw=aa5500c159fe000000000000060000000100017557
[TCP] RX serial=9C dst=5A code=00 reg=0x00000002 len=2 raw=55aa009cfe5a0000000000000200000002004d57
[TCP] TX bytes=22 raw=aa55009c5afe0000000000000200000002006606b957
[TCP] RX serial=B3 dst=5A code=00 reg=0x00000016 len=8 raw=55aa00b3fe5a0000000000001600000008007e57
[TCP] TX bytes=28 raw=aa5500b35afe0000000000001600000008004d3636305a010000c258
[TCP] RX serial=FB dst=5A code=00 reg=0x14000000 len=88 raw=55aa00fbfe5a0000000000000000001458001458
[TCP] TX bytes=108 raw=aa5500fb5afe0000000000000000001458004e5354520405060708090a0b0c0d0e0f101112131415161718191a1b1c1d1e1f20212223242526272829...
[TCP] RX serial=93 dst=5A code=00 reg=0x00000006 len=1 raw=55aa0093fe5a0000000000000600000001004757
[TCP] TX bytes=21 raw=aa5500935afe000000000000060000000100014857
[TCP] RX serial=A9 dst=5B code=00 reg=0x00000002 len=2 raw=55aa00a9fe5b0000000000000200000002005b57
[TCP] TX bytes=22 raw=aa5500a95bfe0000000000000200000002006606c757
[TCP] RX serial=7E dst=5B code=00 reg=0x00000016 len=8 raw=55aa007efe5b0000000000001600000008004a57
[TCP] TX bytes=28 raw=aa55007e5bfe0000000000001600000008004d3636305b0100008f58
[TCP] RX serial=2E dst=5B code=00 reg=0x14000000 len=88 raw=55aa002efe5b0000000000000000001458004857
[TCP] TX bytes=108 raw=aa55002e5bfe0000000000000000001458004e5354520405060708090a0b0c0d0e0f101112131415161718191a1b1c1d1e1f20212223242526272829...
[TCP] RX serial=9F dst=5B code=00 reg=0x00000006 len=1 raw=55aa009ffe5b0000000000000600000001005457
[TCP] TX bytes=21 raw=aa55009f5bfe000000000000060000000100015557
[TCP] RX serial=F2 dst=5C code=00 reg=0x00000002 len=2 raw=55aa00f2fe5c000000000000020000000200a557
[TCP] TX bytes=22 raw=aa5500f25cfe00000000000002000000020066061158
[TCP] RX serial=8A dst=5C code=00 reg=0x00000016 len=8 raw=55aa008afe5c0000000000001600000008005757
[TCP] TX bytes=28 raw=aa55008a5cfe0000000000001600000008004d3636305c0100009d58
[TCP] RX serial=2D dst=5C code=00 reg=0x14000000 len=88 raw=55aa002dfe5c0000000000000000001458004857
[TCP] TX bytes=108 raw=aa55002d5cfe0000000000000000001458004e5354520405060708090a0b0c0d0e0f101112131415161718191a1b1c1d1e1f20212223242526272829...
[TCP] RX serial=91 dst=5C code=00 reg=0x00000006 len=1 raw=55aa0091fe5c0000000000000600000001004757
[TCP] TX bytes=21 raw=aa5500915cfe000000000000060000000100014857
[TCP] RX serial=8C dst=5D code=00 reg=0x00000002 len=2 raw=55aa008cfe5d0000000000000200000002004057
[TCP] TX bytes=22 raw=aa55008c5dfe0000000000000200000002006606ac57
[TCP] RX serial=D8 dst=5D code=00 reg=0x00000016 len=8 raw=55aa00d8fe5d000000000000160000000800a657
[TCP] TX bytes=28 raw=aa5500d85dfe0000000000001600000008004d3636305d010000ed58
[TCP] RX serial=8A dst=5D code=00 reg=0x14000000 len=88 raw=55aa008afe5d000000000000000000145800a657
[TCP] TX bytes=108 raw=aa55008a5dfe0000000000000000001458004e5354520405060708090a0b0c0d0e0f101112131415161718191a1b1c1d1e1f20212223242526272829...
[TCP] RX serial=BD dst=5D code=00 reg=0x00000006 len=1 raw=55aa00bdfe5d0000000000000600000001007457
[TCP] TX bytes=21 raw=aa5500bd5dfe000000000000060000000100017557
[TCP] RX serial=38 dst=5E code=00 reg=0x00000002 len=2 raw=55aa0038fe5e000000000000020000000200ed56
[TCP] TX bytes=22 raw=aa5500385efe00000000000002000000020066065957
[TCP] RX serial=4B dst=5E code=00 reg=0x00000016 len=8 raw=55aa004bfe5e0000000000001600000008001a57
[TCP] TX bytes=28 raw=aa55004b5efe0000000000001600000008004d3636305e0100006258
[TCP] RX serial=4D dst=5E code=00 reg=0x14000000 len=88 raw=55aa004dfe5e0000000000000000001458006a57
[TCP] TX bytes=108 raw=aa55004d5efe0000000000000000001458004e5354520405060708090a0b0c0d0e0f101112131415161718191a1b1c1d1e1f20212223242526272829...
[TCP] RX serial=0D dst=5E code=00 reg=0x00000006 len=1 raw=55aa000dfe5e000000000000060000000100c556
[TCP] TX bytes=21 raw=aa55000d5efe00000000000006000000010001c656
[TCP] RX serial=6A dst=5F code=00 reg=0x00000002 len=2 raw=55aa006afe5f0000000000000200000002002057
[TCP] TX bytes=22 raw=aa55006a5ffe00000000000002000000020066068c57
[TCP] RX serial=BC dst=5F code=00 reg=0x00000016 len=8 raw=55aa00bcfe5f0000000000001600000008008c57
[TCP] TX bytes=28 raw=aa5500bc5ffe0000000000001600000008004d3636305f010000d558
[TCP] RX serial=67 dst=5F code=00 reg=0x14000000 len=88 raw=55aa0067fe5f0000000000000000001458008557
[TCP] TX bytes=108 raw=aa5500675ffe0000000000000000001458004e5354520405060708090a0b0c0d0e0f101112131415161718191a1b1c1d1e1f20212223242526272829...
[TCP] RX serial=17 dst=5F code=00 reg=0x00000006 len=1 raw=55aa0017fe5f000000000000060000000100d056
[TCP] TX bytes=21 raw=aa5500175ffe00000000000006000000010001d156
[TCP] RX serial=B6 dst=60 code=00 reg=0x00000002 len=2 raw=55aa00b6fe600000000000000200000002006d57
[TCP] TX bytes=22 raw=aa5500b660fe0000000000000200000002006606d957
[TCP] RX serial=D4 dst=60 code=00 reg=0x00000016 len=8 raw=55aa00d4fe60000000000000160000000800a557
[TCP] TX bytes=28 raw=aa5500d460fe0000000000001600000008004d36363060010000ef58
[TCP] RX serial=04 dst=60 code=00 reg=0x14000000 len=88 raw=55aa0004fe600000000000000000001458002357
[TCP] TX bytes=108 raw=aa55000460fe0000000000000000001458004e5354520405060708090a0b0c0d0e0f101112131415161718191a1b1c1d1e1f20212223242526272829...
[TCP] RX serial=B8 dst=60 code=00 reg=0x00000006 len=1 raw=55aa00b8fe600000000000000600000001007257
[TCP] TX bytes=21 raw=aa5500b860fe000000000000060000000100017357
[TCP] RX serial=67 dst=61 code=00 reg=0x00000002 len=2 raw=55aa0067fe610000000000000200000002001f57
[TCP] TX bytes=22 raw=aa55006761fe00000000000002000000020066068b57
[TCP] RX serial=A7 dst=61 code=00 reg=0x00000016 len=8 raw=55aa00a7fe610000000000001600000008007957
[TCP] TX bytes=28 raw=aa5500a761fe0000000000001600000008004d36363061010000c458
[TCP] RX serial=19 dst=61 code=00 reg=0x14000000 len=88 raw=55aa0019fe610000000000000000001458003957
[TCP] TX bytes=108 raw=aa55001961fe0000000000000000001458004e5354520405060708090a0b0c0d0e0f101112131415161718191a1b1c1d1e1f20212223242526272829...
[TCP] RX serial=7B dst=61 code=00 reg=0x00000006 len=1 raw=55aa007bfe610000000000000600000001003657
[TCP] TX bytes=21 raw=aa55007b61fe000000000000060000000100013757
[TCP] RX serial=43 dst=62 code=00 reg=0x00000002 len=2 raw=55aa0043fe62000000000000020000000200fc56
[TCP] TX bytes=22 raw=aa55004362fe00000000000002000000020066066857
[TCP] RX serial=2E dst=62 code=00 reg=0x00000016 len=8 raw=55aa002efe620000000000001600000008000157
[TCP] TX bytes=28 raw=aa55002e62fe0000000000001600000008004d363630620100004d58
[TCP] RX serial=AC dst=62 code=00 reg=0x14000000 len=88 raw=55aa00acfe62000000000000000000145800cd57
[TCP] TX bytes=108 raw=aa5500ac62fe0000000000000000001458004e5354520405060708090a0b0c0d0e0f101112131415161718191a1b1c1d1e1f20212223242526272829...
[TCP] RX serial=57 dst=62 code=00 reg=0x00000006 len=1 raw=55aa0057fe620000000000000600000001001357
[TCP] TX bytes=21 raw=aa55005762fe000000000000060000000100011457
[TCP] RX serial=F7 dst=63 code=00 reg=0x00000002 len=2 raw=55aa00f7fe63000000000000020000000200b157
[TCP] TX bytes=22 raw=aa5500f763fe00000000000002000000020066061d58
[TCP] RX serial=7D dst=63 code=00 reg=0x00000016 len=8 raw=55aa007dfe630000000000001600000008005157
[TCP] TX bytes=28 raw=aa55007d63fe0000000000001600000008004d363630630100009e58
[TCP] RX serial=68 dst=63 code=00 reg=0x14000000 len=88 raw=55aa0068fe630000000000000000001458008a57
[TCP] TX bytes=108 raw=aa55006863fe0000000000000000001458004e5354520405060708090a0b0c0d0e0f101112131415161718191a1b1c1d1e1f20212223242526272829...
[TCP] RX serial=72 dst=63 code=00 reg=0x00000006 len=1 raw=55aa0072fe630000000000000600000001002f57
[TCP] TX bytes=21 raw=aa55007263fe000000000000060000000100013057
[TCP] RX serial=2D dst=64 code=00 reg=0x00000002 len=2 raw=55aa002dfe64000000000000020000000200e856
[TCP] TX bytes=22 raw=aa55002d64fe00000000000002000000020066065457
[TCP] RX serial=E7 dst=64 code=00 reg=0x00000016 len=8 raw=55aa00e7fe64000000000000160000000800bc57
[TCP] TX bytes=28 raw=aa5500e764fe0000000000001600000008004d363630640100000a59
[TCP] RX serial=81 dst=64 code=00 reg=0x14000000 len=88 raw=55aa0081fe64000000000000000000145800a457
[TCP] TX bytes=108 raw=aa55008164fe0000000000000000001458004e5354520405060708090a0b0c0d0e0f101112131415161718191a1b1c1d1e1f20212223242526272829...
[TCP] RX serial=80 dst=64 code=00 reg=0x00000006 len=1 raw=55aa0080fe640000000000000600000001003e57
[TCP] TX bytes=21 raw=aa55008064fe000000000000060000000100013f57
[TCP] RX serial=A2 dst=65 code=00 reg=0x00000002 len=2 raw=55aa00a2fe650000000000000200000002005e57
[TCP] TX bytes=22 raw=aa5500a265fe0000000000000200000002006606ca57
[TCP] RX serial=E7 dst=65 code=00 reg=0x00000016 len=8 raw=55aa00e7fe65000000000000160000000800bd57
[TCP] TX bytes=28 raw=aa5500e765fe0000000000001600000008004d363630650100000c59
[TCP] RX serial=90 dst=65 code=00 reg=0x14000000 len=88 raw=55aa0090fe65000000000000000000145800b457
[TCP] TX bytes=108 raw=aa55009065fe0000000000000000001458004e5354520405060708090a0b0c0d0e0f101112131415161718191a1b1c1d1e1f20212223242526272829...
[TCP] RX serial=CA dst=65 code=00 reg=0x00000006 len=1 raw=55aa00cafe650000000000000600000001008957
[TCP] TX bytes=21 raw=aa5500ca65fe000000000000060000000100018a57
[TCP] RX serial=75 dst=66 code=00 reg=0x00000002 len=2 raw=55aa0075fe660000000000000200000002003257
[TCP] TX bytes=22 raw=aa55007566fe00000000000002000000020066069e57
[TCP] RX serial=5C dst=66 code=00 reg=0x00000016 len=8 raw=55aa005cfe660000000000001600000008003357
[TCP] TX bytes=28 raw=aa55005c66fe0000000000001600000008004d363630660100008358
[TCP] RX serial=29 dst=66 code=00 reg=0x14000000 len=88 raw=55aa0029fe660000000000000000001458004e57
[TCP] TX bytes=108 raw=aa55002966fe0000000000000000001458004e5354520405060708090a0b0c0d0e0f101112131415161718191a1b1c1d1e1f20212223242526272829...
[TCP] RX serial=2D dst=66 code=00 reg=0x00000006 len=1 raw=55aa002dfe66000000000000060000000100ed56
[TCP] TX bytes=21 raw=aa55002d66fe00000000000006000000010001ee56
[TCP] RX serial=3E dst=67 code=00 reg=0x00000002 len=2 raw=55aa003efe67000000000000020000000200fc56
[TCP] TX bytes=22 raw=aa55003e67fe00000000000002000000020066066857
[TCP] RX serial=01 dst=67 code=00 reg=0x00000016 len=8 raw=55aa0001fe67000000000000160000000800d956
[TCP] TX bytes=28 raw=aa55000167fe0000000000001600000008004d363630670100002a58
[TCP] RX serial=56 dst=67 code=00 reg=0x14000000 len=88 raw=55aa0056fe670000000000000000001458007c57
[TCP] TX bytes=108 raw=aa55005667fe0000000000000000001458004e5354520405060708090a0b0c0d0e0f101112131415161718191a1b1c1d1e1f20212223242526272829...
[TCP] RX serial=DE dst=67 code=00 reg=0x00000006 len=1 raw=55aa00defe670000000000000600000001009f57
[TCP] TX bytes=21 raw=aa5500de67fe00000000000006000000010001a057
[TCP] RX serial=4B dst=68 code=00 reg=0x00000002 len=2 raw=55aa004bfe680000000000000200000002000a57
[TCP] TX bytes=22 raw=aa55004b68fe00000000000002000000020066067657
[TCP] RX serial=E3 dst=68 code=00 reg=0x00000016 len=8 raw=55aa00e3fe68000000000000160000000800bc57
[TCP] TX bytes=28 raw=aa5500e368fe0000000000001600000008004d363630680100000e59
[TCP] RX serial=DB dst=68 code=00 reg=0x14000000 len=88 raw=55aa00dbfe680000000000000000001458000258
[TCP] TX bytes=108 raw=aa5500db68fe0000000000000000001458004e5354520405060708090a0b0c0d0e0f101112131415161718191a1b1c1d1e1f20212223242526272829...
[TCP] RX serial=D4 dst=68 code=00 reg=0x00000006 len=1 raw=55aa00d4fe680000000000000600000001009657
[TCP] TX bytes=21 raw=aa5500d468fe000000000000060000000100019757
[TCP] RX serial=7A dst=69 code=00 reg=0x00000002 len=2 raw=55aa007afe690000000000000200000002003a57
[TCP] TX bytes=22 raw=aa55007a69fe0000000000000200000002006606a657
[TCP] RX serial=74 dst=69 code=00 reg=0x00000016 len=8 raw=55aa0074fe690000000000001600000008004e57
[TCP] TX bytes=28 raw=aa55007469fe0000000000001600000008004d36363069010000a158
[TCP] RX serial=37 dst=69 code=00 reg=0x14000000 len=88 raw=55aa0037fe690000000000000000001458005f57
[TCP] TX bytes=108 raw=aa55003769fe0000000000000000001458004e5354520405060708090a0b0c0d0e0f101112131415161718191a1b1c1d1e1f20212223242526272829...
[TCP] RX serial=4A dst=69 code=00 reg=0x00000006 len=1 raw=55aa004afe690000000000000600000001000d57
[TCP] TX bytes=21 raw=aa55004a69fe000000000000060000000100010e57
[TCP] RX serial=71 dst=6A code=00 reg=0x00000002 len=2 raw=55aa0071fe6a0000000000000200000002003257
[TCP] TX bytes=22 raw=aa5500716afe00000000000002000000020066069e57
[TCP] RX serial=B0 dst=6A code=00 reg=0x00000016 len=8 raw=55aa00b0fe6a0000000000001600000008008b57
[TCP] TX bytes=28 raw=aa5500b06afe0000000000001600000008004d3636306a010000df58
[TCP] RX serial=4E dst=6A code=00 reg=0x14000000 len=88 raw=55aa004efe6a0000000000000000001458007757
[TCP] TX bytes=108 raw=aa55004e6afe0000000000000000001458004e5354520405060708090a0b0c0d0e0f101112131415161718191a1b1c1d1e1f20212223242526272829...
[TCP] RX serial=5D dst=6A code=00 reg=0x00000006 len=1 raw=55aa005dfe6a0000000000000600000001002157
[TCP] TX bytes=21 raw=aa55005d6afe000000000000060000000100012257
[TCP] RX serial=2C dst=6B code=00 reg=0x00000002 len=2 raw=55aa002cfe6b000000000000020000000200ee56
[TCP] TX bytes=22 raw=aa55002c6bfe00000000000002000000020066065a57
[TCP] RX serial=33 dst=6B code=00 reg=0x00000016 len=8 raw=55aa0033fe6b0000000000001600000008000f57
[TCP] TX bytes=28 raw=aa5500336bfe0000000000001600000008004d3636306b0100006458
[TCP] RX serial=C5 dst=6B code=00 reg=0x14000000 len=88 raw=55aa00c5fe6b000000000000000000145800ef57
[TCP] TX bytes=108 raw=aa5500c56bfe0000000000000000001458004e5354520405060708090a0b0c0d0e0f101112131415161718191a1b1c1d1e1f20212223242526272829...
[TCP] RX serial=B9 dst=6B code=00 reg=0x00000006 len=1 raw=55aa00b9fe6b0000000000000600000001007e57
[TCP] TX bytes=21 raw=aa5500b96bfe000000000000060000000100017f57
[TCP] RX serial=E1 dst=6C code=00 reg=0x00000002 len=2 raw=55aa00e1fe6c000000000000020000000200a457
[TCP] TX bytes=22 raw=aa5500e16cfe00000000000002000000020066061058
[TCP] RX serial=D9 dst=6C code=00 reg=0x00000016 len=8 raw=55aa00d9fe6c000000000000160000000800b657
[TCP] TX bytes=28 raw=aa5500d96cfe0000000000001600000008004d3636306c0100000c59
[TCP] RX serial=DF dst=6C code=00 reg=0x14000000 len=88 raw=55aa00dffe6c0000000000000000001458000a58
[TCP] TX bytes=108 raw=aa5500df6cfe0000000000000000001458004e5354520405060708090a0b0c0d0e0f101112131415161718191a1b1c1d1e1f20212223242526272829...
[TCP] RX serial=82 dst=6C code=00 reg=0x00000006 len=1 raw=55aa0082fe6c0000000000000600000001004857
[TCP] TX bytes=21 raw=aa5500826cfe000000000000060000000100014957
[TCP] RX serial=3B dst=6D code=00 reg=0x00000002 len=2 raw=55aa003bfe6d000000000000020000000200ff56
[TCP] TX bytes=22 raw=aa55003b6dfe00000000000002000000020066066b57
[TCP] RX serial=E6 dst=6D code=00 reg=0x00000016 len=8 raw=55aa00e6fe6d000000000000160000000800c457
[TCP] TX bytes=28 raw=aa5500e66dfe0000000000001600000008004d3636306d0100001b59
[TCP] RX serial=74 dst=6D code=00 reg=0x14000000 len=88 raw=55aa0074fe6d000000000000000000145800a057
[TCP] TX bytes=108 raw=aa5500746dfe0000000000000000001458004e5354520405060708090a0b0c0d0e0f101112131415161718191a1b1c1d1e1f20212223242526272829...
[TCP] RX serial=CE dst=6D code=00 reg=0x00000006 len=1 raw=55aa00cefe6d0000000000000600000001009557
[TCP] TX bytes=21 raw=aa5500ce6dfe000000000000060000000100019657
[TCP] RX serial=43 dst=6E code=00 reg=0x00000002 len=2 raw=55aa0043fe6e0000000000000200000002000857
[TCP] TX bytes=22 raw=aa5500436efe00000000000002000000020066067457
[TCP] RX serial=38 dst=6E code=00 reg=0x00000016 len=8 raw=55aa0038fe6e0000000000001600000008001757
[TCP] TX bytes=28 raw=aa5500386efe0000000000001600000008004d3636306e0100006f58
[TCP] RX serial=43 dst=6E code=00 reg=0x14000000 len=88 raw=55aa0043fe6e0000000000000000001458007057
[TCP] TX bytes=108 raw=aa5500436efe0000000000000000001458004e5354520405060708090a0b0c0d0e0f101112131415161718191a1b1c1d1e1f20212223242526272829...
[TCP] RX serial=0B dst=6E code=00 reg=0x00000006 len=1 raw=55aa000bfe6e000000000000060000000100d356
[TCP] TX bytes=21 raw=aa55000b6efe00000000000006000000010001d456
[TCP] RX serial=7E dst=6F code=00 reg=0x00000002 len=2 raw=55aa007efe6f0000000000000200000002004457
[TCP] TX bytes=22 raw=aa55007e6ffe0000000000000200000002006606b057
[TCP] RX serial=EA dst=6F code=00 reg=0x00000016 len=8 raw=55aa00eafe6f000000000000160000000800ca57
[TCP] TX bytes=28 raw=aa5500ea6ffe0000000000001600000008004d3636306f0100002359
[TCP] RX serial=3D dst=6F code=00 reg=0x14000000 len=88 raw=55aa003dfe6f0000000000000000001458006b57
[TCP] TX bytes=108 raw=aa55003d6ffe0000000000000000001458004e5354520405060708090a0b0c0d0e0f101112131415161718191a1b1c1d1e1f20212223242526272829...
[TCP] RX serial=41 dst=6F code=00 reg=0x00000006 len=1 raw=55aa0041fe6f0000000000000600000001000a57
[TCP] TX bytes=21 raw=aa5500416ffe000000000000060000000100010b57
[TCP] RX serial=D7 dst=70 code=00 reg=0x00000002 len=2 raw=55aa00d7fe700000000000000200000002009e57
[TCP] TX bytes=22 raw=aa5500d770fe00000000000002000000020066060a58
[TCP] RX serial=CC dst=70 code=00 reg=0x00000016 len=8 raw=55aa00ccfe70000000000000160000000800ad57
[TCP] TX bytes=28 raw=aa5500cc70fe0000000000001600000008004d363630700100000759
[TCP] RX serial=0C dst=70 code=00 reg=0x14000000 len=88 raw=55aa000cfe700000000000000000001458003b57
[TCP] TX bytes=108 raw=aa55000c70fe0000000000000000001458004e5354520405060708090a0b0c0d0e0f101112131415161718191a1b1c1d1e1f20212223242526272829...
[TCP] RX serial=13 dst=70 code=00 reg=0x00000006 len=1 raw=55aa0013fe70000000000000060000000100dd56
[TCP] TX bytes=21 raw=aa55001370fe00000000000006000000010001de56
[TCP] RX serial=A0 dst=71 code=00 reg=0x00000002 len=2 raw=55aa00a0fe710000000000000200000002006857
[TCP] TX bytes=22 raw=aa5500a071fe0000000000000200000002006606d457
[TCP] RX serial=93 dst=71 code=00 reg=0x00000016 len=8 raw=55aa0093fe710000000000001600000008007557
[TCP] TX bytes=28 raw=aa55009371fe0000000000001600000008004d36363071010000d058
[TCP] RX serial=F7 dst=71 code=00 reg=0x14000000 len=88 raw=55aa00f7fe710000000000000000001458002758
[TCP] TX bytes=108 raw=aa5500f771fe0000000000000000001458004e5354520405060708090a0b0c0d0e0f101112131415161718191a1b1c1d1e1f20212223242526272829...
[TCP] RX serial=B7 dst=71 code=00 reg=0x00000006 len=1 raw=55aa00b7fe710000000000000600000001008257
[TCP] TX bytes=21 raw=aa5500b771fe000000000000060000000100018357
[TCP] RX serial=AF dst=72 code=00 reg=0x00000002 len=2 raw=55aa00affe720000000000000200000002007857
[TCP] TX bytes=22 raw=aa5500af72fe0000000000000200000002006606e457
[TCP] RX serial=36 dst=72 code=00 reg=0x00000016 len=8 raw=55aa0036fe720000000000001600000008001957
[TCP] TX bytes=28 raw=aa55003672fe0000000000001600000008004d363630720100007558
[TCP] RX serial=0F dst=72 code=00 reg=0x14000000 len=88 raw=55aa000ffe720000000000000000001458004057
[TCP] TX bytes=108 raw=aa55000f72fe0000000000000000001458004e5354520405060708090a0b0c0d0e0f101112131415161718191a1b1c1d1e1f20212223242526272829...
[TCP] RX serial=F0 dst=72 code=00 reg=0x00000006 len=1 raw=55aa00f0fe72000000000000060000000100bc57
[TCP] TX bytes=21 raw=aa5500f072fe00000000000006000000010001bd57
[TCP] RX serial=99 dst=73 code=00 reg=0x00000002 len=2 raw=55aa0099fe730000000000000200000002006357
[TCP] TX bytes=22 raw=aa55009973fe0000000000000200000002006606cf57
[TCP] RX serial=32 dst=73 code=00 reg=0x00000016 len=8 raw=55aa0032fe730000000000001600000008001657
[TCP] TX bytes=28 raw=aa55003273fe0000000000001600000008004d363630730100007358
[TCP] RX serial=9E dst=73 code=00 reg=0x14000000 len=88 raw=55aa009efe73000000000000000000145800d057
[TCP] TX bytes=108 raw=aa55009e73fe0000000000000000001458004e5354520405060708090a0b0c0d0e0f101112131415161718191a1b1c1d1e1f20212223242526272829...
[TCP] RX serial=42 dst=73 code=00 reg=0x00000006 len=1 raw=55aa0042fe730000000000000600000001000f57
[TCP] TX bytes=21 raw=aa55004273fe000000000000060000000100011057
[TCP] RX serial=96 dst=74 code=00 reg=0x00000002 len=2 raw=55aa0096fe740000000000000200000002006157
[TCP] TX bytes=22 raw=aa55009674fe0000000000000200000002006606cd57
[TCP] RX serial=6E dst=74 code=00 reg=0x00000016 len=8 raw=55aa006efe740000000000001600000008005357
[TCP] TX bytes=28 raw=aa55006e74fe0000000000001600000008004d36363074010000b158
[TCP] RX serial=4A dst=74 code=00 reg=0x14000000 len=88 raw=55aa004afe740000000000000000001458007d57
[TCP] TX bytes=108 raw=aa55004a74fe0000000000000000001458004e5354520405060708090a0b0c0d0e0f101112131415161718191a1b1c1d1e1f20212223242526272829...
[TCP] RX serial=64 dst=74 code=00 reg=0x00000006 len=1 raw=55aa0064fe740000000000000600000001003257
[TCP] TX bytes=21 raw=aa55006474fe000000000000060000000100013357
[TCP] RX serial=21 dst=75 code=00 reg=0x00000002 len=2 raw=55aa0021fe75000000000000020000000200ed56
[TCP] TX bytes=22 raw=aa55002175fe00000000000002000000020066065957
[TCP] RX serial=D2 dst=75 code=00 reg=0x00000016 len=8 raw=55aa00d2fe75000000000000160000000800b857
[TCP] TX bytes=28 raw=aa5500d275fe0000000000001600000008004d363630750100001759
[TCP] RX serial=A3 dst=75 code=00 reg=0x14000000 len=88 raw=55aa00a3fe75000000000000000000145800d757
[TCP] TX bytes=108 raw=aa5500a375fe0000000000000000001458004e5354520405060708090a0b0c0d0e0f101112131415161718191a1b1c1d1e1f20212223242526272829...
[TCP] RX serial=63 dst=75 code=00 reg=0x00000006 len=1 raw=55aa0063fe750000000000000600000001003257
[TCP] TX bytes=21 raw=aa55006375fe000000000000060000000100013357
[TCP] RX serial=6E dst=76 code=00 reg=0x00000002 len=2 raw=55aa006efe760000000000000200000002003b57
[TCP] TX bytes=22 raw=aa55006e76fe0000000000000200000002006606a757
[TCP] RX serial=0D dst=76 code=00 reg=0x00000016 len=8 raw=55aa000dfe76000000000000160000000800f456
[TCP] TX bytes=28 raw=aa55000d76fe0000000000001600000008004d363630760100005458
[TCP] RX serial=90 dst=76 code=00 reg=0x14000000 len=88 raw=55aa0090fe76000000000000000000145800c557
[TCP] TX bytes=108 raw=aa55009076fe0000000000000000001458004e5354520405060708090a0b0c0d0e0f101112131415161718191a1b1c1d1e1f20212223242526272829...
[TCP] RX serial=41 dst=76 code=00 reg=0x00000006 len=1 raw=55aa0041fe760000000000000600000001001157
[TCP] TX bytes=21 raw=aa55004176fe000000000000060000000100011257
[TCP] RX serial=30 dst=77 code=00 reg=0x00000002 len=2 raw=55aa0030fe77000000000000020000000200fe56
[TCP] TX bytes=22 raw=aa55003077fe00000000000002000000020066066a57
[TCP] RX serial=2C dst=77 code=00 reg=0x00000016 len=8 raw=55aa002cfe770000000000001600000008001457
[TCP] TX bytes=28 raw=aa55002c77fe0000000000001600000008004d363630770100007558
[TCP] RX serial=CB dst=77 code=00 reg=0x14000000 len=88 raw=55aa00cbfe770000000000000000001458000158
[TCP] TX bytes=108 raw=aa5500cb77fe0000000000000000001458004e5354520405060708090a0b0c0d0e0f101112131415161718191a1b1c1d1e1f20212223242526272829...
[TCP] RX serial=86 dst=77 code=00 reg=0x00000006 len=1 raw=55aa0086fe770000000000000600000001005757
[TCP] TX bytes=21 raw=aa55008677fe000000000000060000000100015857
[TCP] RX serial=73 dst=78 code=00 reg=0x00000002 len=2 raw=55aa0073fe780000000000000200000002004257
[TCP] TX bytes=22 raw=aa55007378fe0000000000000200000002006606ae57
[TCP] RX serial=0C dst=78 code=00 reg=0x00000016 len=8 raw=55aa000cfe78000000000000160000000800f556
[TCP] TX bytes=28 raw=aa55000c78fe0000000000001600000008004d363630780100005758
[TCP] RX serial=84 dst=78 code=00 reg=0x14000000 len=88 raw=55aa0084fe78000000000000000000145800bb57
[TCP] TX bytes=108 raw=aa55008478fe0000000000000000001458004e5354520405060708090a0b0c0d0e0f101112131415161718191a1b1c1d1e1f20212223242526272829...
[TCP] RX serial=5E dst=78 code=00 reg=0x00000006 len=1 raw=55aa005efe780000000000000600000001003057
[TCP] TX bytes=21 raw=aa55005e78fe000000000000060000000100013157
[TCP] RX serial=26 dst=79 code=00 reg=0x00000002 len=2 raw=55aa0026fe79000000000000020000000200f656
[TCP] TX bytes=22 raw=aa55002679fe00000000000002000000020066066257
[TCP] RX serial=B1 dst=79 code=00 reg=0x00000016 len=8 raw=55aa00b1fe790000000000001600000008009b57
[TCP] TX bytes=28 raw=aa5500b179fe0000000000001600000008004d36363079010000fe58
[TCP] RX serial=18 dst=79 code=00 reg=0x14000000 len=88 raw=55aa0018fe790000000000000000001458005057
[TCP] TX bytes=108 raw=aa55001879fe0000000000000000001458004e5354520405060708090a0b0c0d0e0f101112131415161718191a1b1c1d1e1f20212223242526272829...
[TCP] RX serial=4E dst=79 code=00 reg=0x00000006 len=1 raw=55aa004efe790000000000000600000001002157
[TCP] TX bytes=21 raw=aa55004e79fe000000000000060000000100012257
[TCP] RX serial=E0 dst=7A code=00 reg=0x00000002 len=2 raw=55aa00e0fe7a000000000000020000000200b157
[TCP] TX bytes=22 raw=aa5500e07afe00000000000002000000020066061d58
[TCP] RX serial=27 dst=7A code=00 reg=0x00000016 len=8 raw=55aa0027fe7a0000000000001600000008001257
[TCP] TX bytes=28 raw=aa5500277afe0000000000001600000008004d3636307a0100007658
[TCP] RX serial=D1 dst=7A code=00 reg=0x14000000 len=88 raw=55aa00d1fe7a0000000000000000001458000a58
[TCP] TX bytes=108 raw=aa5500d17afe0000000000000000001458004e5354520405060708090a0b0c0d0e0f101112131415161718191a1b1c1d1e1f20212223242526272829...
[TCP] RX serial=05 dst=7A code=00 reg=0x00000006 len=1 raw=55aa0005fe7a000000000000060000000100d956
[TCP] TX bytes=21 raw=aa5500057afe00000000000006000000010001da56
[TCP] RX serial=D7 dst=7B code=00 reg=0x00000002 len=2 raw=55aa00d7fe7b000000000000020000000200a957
[TCP] TX bytes=22 raw=aa5500d77bfe00000000000002000000020066061558
[TCP] RX serial=82 dst=7B code=00 reg=0x00000016 len=8 raw=55aa0082fe7b0000000000001600000008006e57
[TCP] TX bytes=28 raw=aa5500827bfe0000000000001600000008004d3636307b010000d358
[TCP] RX serial=35 dst=7B code=00 reg=0x14000000 len=88 raw=55aa0035fe7b0000000000000000001458006f57
[TCP] TX bytes=108 raw=aa5500357bfe0000000000000000001458004e5354520405060708090a0b0c0d0e0f101112131415161718191a1b1c1d1e1f20212223242526272829...
[TCP] RX serial=10 dst=7B code=00 reg=0x00000006 len=1 raw=55aa0010fe7b000000000000060000000100e556
[TCP] TX bytes=21 raw=aa5500107bfe00000000000006000000010001e656
[TCP] RX serial=99 dst=7C code=00 reg=0x00000002 len=2 raw=55aa0099fe7c0000000000000200000002006c57
[TCP] TX bytes=22 raw=aa5500997cfe0000000000000200000002006606d857
[TCP] RX serial=01 dst=7C code=00 reg=0x00000016 len=8 raw=55aa0001fe7c000000000000160000000800ee56
[TCP] TX bytes=28 raw=aa5500017cfe0000000000001600000008004d3636307c0100005458
[TCP] RX serial=73 dst=7C code=00 reg=0x14000000 len=88 raw=55aa0073fe7c000000000000000000145800ae57
[TCP] TX bytes=108 raw=aa5500737cfe0000000000000000001458004e5354520405060708090a0b0c0d0e0f101112131415161718191a1b1c1d1e1f20212223242526272829...
[TCP] RX serial=10 dst=7C code=00 reg=0x00000006 len=1 raw=55aa0010fe7c000000000000060000000100e656
[TCP] TX bytes=21 raw=aa5500107cfe00000000000006000000010001e756
[TCP] RX serial=9F dst=7D code=00 reg=0x00000002 len=2 raw=55aa009ffe7d0000000000000200000002007357
[TCP] TX bytes=22 raw=aa55009f7dfe0000000000000200000002006606df57
[TCP] RX serial=D8 dst=7D code=00 reg=0x00000016 len=8 raw=55aa00d8fe7d000000000000160000000800c657
[TCP] TX bytes=28 raw=aa5500d87dfe0000000000001600000008004d3636307d0100002d59
[TCP] RX serial=1F dst=7D code=00 reg=0x14000000 len=88 raw=55aa001ffe7d0000000000000000001458005b57
[TCP] TX bytes=108 raw=aa55001f7dfe0000000000000000001458004e5354520405060708090a0b0c0d0e0f101112131415161718191a1b1c1d1e1f20212223242526272829...
[TCP] RX serial=05 dst=7D code=00 reg=0x00000006 len=1 raw=55aa0005fe7d000000000000060000000100dc56
[TCP] TX bytes=21 raw=aa5500057dfe00000000000006000000010001dd56
[TCP] RX serial=29 dst=7E code=00 reg=0x00000002 len=2 raw=55aa0029fe7e000000000000020000000200fe56
[TCP] TX bytes=22 raw=aa5500297efe00000000000002000000020066066a57
[TCP] RX serial=A7 dst=7E code=00 reg=0x00000016 len=8 raw=55aa00a7fe7e0000000000001600000008009657
[TCP] TX bytes=28 raw=aa5500a77efe0000000000001600000008004d3636307e010000fe58
[TCP] RX serial=A3 dst=7E code=00 reg=0x14000000 len=88 raw=55aa00a3fe7e000000000000000000145800e057
[TCP] TX bytes=108 raw=aa5500a37efe0000000000000000001458004e5354520405060708090a0b0c0d0e0f101112131415161718191a1b1c1d1e1f20212223242526272829...
[TCP] RX serial=93 dst=7E code=00 reg=0x00000006 len=1 raw=55aa0093fe7e0000000000000600000001006b57
[TCP] TX bytes=21 raw=aa5500937efe000000000000060000000100016c57
[TCP] RX serial=02 dst=7F code=00 reg=0x00000002 len=2 raw=55aa0002fe7f000000000000020000000200d856
[TCP] TX bytes=22 raw=aa5500027ffe00000000000002000000020066064457
[TCP] RX serial=B5 dst=7F code=00 reg=0x00000016 len=8 raw=55aa00b5fe7f000000000000160000000800a557
[TCP] TX bytes=28 raw=aa5500b57ffe0000000000001600000008004d3636307f0100000e59
[TCP] RX serial=86 dst=7F code=00 reg=0x14000000 len=88 raw=55aa0086fe7f000000000000000000145800c457
[TCP] TX bytes=108 raw=aa5500867ffe0000000000000000001458004e5354520405060708090a0b0c0d0e0f101112131415161718191a1b1c1d1e1f20212223242526272829...
[TCP] RX serial=83 dst=7F code=00 reg=0x00000006 len=1 raw=55aa0083fe7f0000000000000600000001005c57
[TCP] TX bytes=21 raw=aa5500837ffe000000000000060000000100015d57
[TCP] RX serial=69 dst=80 code=00 reg=0x00000002 len=2 raw=55aa0069fe800000000000000200000002004057
[TCP] TX bytes=22 raw=aa55006980fe0000000000000200000002006606ac57
[TCP] RX serial=87 dst=80 code=00 reg=0x00000016 len=8 raw=55aa0087fe800000000000001600000008007857
[TCP] TX bytes=28 raw=aa55008780fe0000000000001600000008004d36363080010000e258
[TCP] RX serial=7D dst=80 code=00 reg=0x14000000 len=88 raw=55aa007dfe80000000000000000000145800bc57
[TCP] TX bytes=108 raw=aa55007d80fe0000000000000000001458004e5354520405060708090a0b0c0d0e0f101112131415161718191a1b1c1d1e1f20212223242526272829...
[TCP] RX serial=8C dst=80 code=00 reg=0x00000006 len=1 raw=55aa008cfe800000000000000600000001006657
[TCP] TX bytes=21 raw=aa55008c80fe000000000000060000000100016757
[TCP] RX serial=AD dst=81 code=00 reg=0x00000002 len=2 raw=55aa00adfe810000000000000200000002008557
[TCP] TX bytes=22 raw=aa5500ad81fe0000000000000200000002006606f157
[TCP] RX serial=3F dst=81 code=00 reg=0x00000016 len=8 raw=55aa003ffe810000000000001600000008003157
[TCP] TX bytes=28 raw=aa55003f81fe0000000000001600000008004d363630810100009c58
[TCP] RX serial=1B dst=81 code=00 reg=0x14000000 len=88 raw=55aa001bfe810000000000000000001458005b57
[TCP] TX bytes=108 raw=aa55001b81fe0000000000000000001458004e5354520405060708090a0b0c0d0e0f101112131415161718191a1b1c1d1e1f20212223242526272829...
[TCP] RX serial=E3 dst=81 code=00 reg=0x00000006 len=1 raw=55aa00e3fe81000000000000060000000100be57
[TCP] TX bytes=21 raw=aa5500e381fe00000000000006000000010001bf57
[TCP] RX serial=55 dst=82 code=00 reg=0x00000002 len=2 raw=55aa0055fe820000000000000200000002002e57
[TCP] TX bytes=22 raw=aa55005582fe00000000000002000000020066069a57
[TCP] RX serial=FB dst=82 code=00 reg=0x00000016 len=8 raw=55aa00fbfe82000000000000160000000800ee57
[TCP] TX bytes=28 raw=aa5500fb82fe0000000000001600000008004d363630820100005a59
[TCP] RX serial=82 dst=82 code=00 reg=0x14000000 len=88 raw=55aa0082fe82000000000000000000145800c357
[TCP] TX bytes=108 raw=aa55008282fe0000000000000000001458004e5354520405060708090a0b0c0d0e0f101112131415161718191a1b1c1d1e1f20212223242526272829...
[TCP] RX serial=F9 dst=82 code=00 reg=0x00000006 len=1 raw=55aa00f9fe82000000000000060000000100d557
[TCP] TX bytes=21 raw=aa5500f982fe00000000000006000000010001d657
[TCP] RX serial=01 dst=83 code=00 reg=0x00000002 len=2 raw=55aa0001fe83000000000000020000000200db56
[TCP] TX bytes=22 raw=aa55000183fe00000000000002000000020066064757
[TCP] RX serial=9E dst=83 code=00 reg=0x00000016 len=8 raw=55aa009efe830000000000001600000008009257
[TCP] TX bytes=28 raw=aa55009e83fe0000000000001600000008004d36363083010000ff58
[TCP] RX serial=8B dst=83 code=00 reg=0x14000000 len=88 raw=55aa008bfe83000000000000000000145800cd57
[TCP] TX bytes=108 raw=aa55008b83fe0000000000000000001458004e5354520405060708090a0b0c0d0e0f101112131415161718191a1b1c1d1e1f20212223242526272829...
[TCP] RX serial=EB dst=83 code=00 reg=0x00000006 len=1 raw=55aa00ebfe83000000000000060000000100c857
[TCP] TX bytes=21 raw=aa5500eb83fe00000000000006000000010001c957
[TCP] RX serial=D7 dst=84 code=00 reg=0x00000002 len=2 raw=55aa00d7fe84000000000000020000000200b257
[TCP] TX bytes=22 raw=aa5500d784fe00000000000002000000020066061e58
[TCP] RX serial=7F dst=84 code=00 reg=0x00000016 len=8 raw=55aa007ffe840000000000001600000008007457
[TCP] TX bytes=28 raw=aa55007f84fe0000000000001600000008004d36363084010000e258
[TCP] RX serial=A6 dst=84 code=00 reg=0x14000000 len=88 raw=55aa00a6fe84000000000000000000145800e957
[TCP] TX bytes=108 raw=aa5500a684fe0000000000000000001458004e5354520405060708090a0b0c0d0e0f101112131415161718191a1b1c1d1e1f20212223242526272829...
[TCP] RX serial=2F dst=84 code=00 reg=0x00000006 len=1 raw=55aa002ffe840000000000000600000001000d57
[TCP] TX bytes=21 raw=aa55002f84fe000000000000060000000100010e57
[TCP] RX serial=B7 dst=85 code=00 reg=0x00000002 len=2 raw=55aa00b7fe850000000000000200000002009357
[TCP] TX bytes=22 raw=aa5500b785fe0000000000000200000002006606ff57
[TCP] RX serial=BB dst=85 code=00 reg=0x00000016 len=8 raw=55aa00bbfe85000000000000160000000800b157
[TCP] TX bytes=28 raw=aa5500bb85fe0000000000001600000008004d363630850100002059
[TCP] RX serial=E5 dst=85 code=00 reg=0x14000000 len=88 raw=55aa00e5fe850000000000000000001458002958
[TCP] TX bytes=108 raw=aa5500e585fe0000000000000000001458004e5354520405060708090a0b0c0d0e0f101112131415161718191a1b1c1d1e1f20212223242526272829...
[TCP] RX serial=9A dst=85 code=00 reg=0x00000006 len=1 raw=55aa009afe850000000000000600000001007957
[TCP] TX bytes=21 raw=aa55009a85fe000000000000060000000100017a57
[TCP] RX serial=EB dst=86 code=00 reg=0x00000002 len=2 raw=55aa00ebfe86000000000000020000000200c857
[TCP] TX bytes=22 raw=aa5500eb86fe00000000000002000000020066063458
[TCP] RX serial=7F dst=86 code=00 reg=0x00000016 len=8 raw=55aa007ffe860000000000001600000008007657
[TCP] TX bytes=28 raw=aa55007f86fe0000000000001600000008004d36363086010000e658
[TCP] RX serial=35 dst=86 code=00 reg=0x14000000 len=88 raw=55aa0035fe860000000000000000001458007a57
[TCP] TX bytes=108 raw=aa55003586fe0000000000000000001458004e5354520405060708090a0b0c0d0e0f101112131415161718191a1b1c1d1e1f20212223242526272829...
[TCP] RX serial=7E dst=86 code=00 reg=0x00000006 len=1 raw=55aa007efe860000000000000600000001005e57
[TCP] TX bytes=21 raw=aa55007e86fe000000000000060000000100015f57
[TCP] RX serial=0D dst=87 code=00 reg=0x00000002 len=2 raw=55aa000dfe87000000000000020000000200eb56
[TCP] TX bytes=22 raw=aa55000d87fe00000000000002000000020066065757
[TCP] RX serial=84 dst=87 code=00 reg=0x00000016 len=8 raw=55aa0084fe870000000000001600000008007c57
[TCP] TX bytes=28 raw=aa55008487fe0000000000001600000008004d36363087010000ed58
[TCP] RX serial=4B dst=87 code=00 reg=0x14000000 len=88 raw=55aa004bfe870000000000000000001458009157
[TCP] TX bytes=108 raw=aa55004b87fe0000000000000000001458004e5354520405060708090a0b0c0d0e0f101112131415161718191a1b1c1d1e1f20212223242526272829...
[TCP] RX serial=2A dst=87 code=00 reg=0x00000006 len=1 raw=55aa002afe870000000000000600000001000b57
[TCP] TX bytes=21 raw=aa55002a87fe000000000000060000000100010c57
[TCP] RX serial=9F dst=88 code=00 reg=0x00000002 len=2 raw=55aa009ffe880000000000000200000002007e57
[TCP] TX bytes=22 raw=aa55009f88fe0000000000000200000002006606ea57
[TCP] RX serial=4E dst=88 code=00 reg=0x00000016 len=8 raw=55aa004efe880000000000001600000008004757
[TCP] TX bytes=28 raw=aa55004e88fe0000000000001600000008004d36363088010000b958
[TCP] RX serial=9A dst=88 code=00 reg=0x14000000 len=88 raw=55aa009afe88000000000000000000145800e157
[TCP] TX bytes=108 raw=aa55009a88fe0000000000000000001458004e5354520405060708090a0b0c0d0e0f101112131415161718191a1b1c1d1e1f20212223242526272829...
[TCP] RX serial=4F dst=88 code=00 reg=0x00000006 len=1 raw=55aa004ffe880000000000000600000001003157
[TCP] TX bytes=21 raw=aa55004f88fe000000000000060000000100013257
[TCP] RX serial=05 dst=89 code=00 reg=0x00000002 len=2 raw=55aa0005fe89000000000000020000000200e556
[TCP] TX bytes=22 raw=aa55000589fe00000000000002000000020066065157
[TCP] RX serial=A7 dst=89 code=00 reg=0x00000016 len=8 raw=55aa00a7fe89000000000000160000000800a157
[TCP] TX bytes=28 raw=aa5500a789fe0000000000001600000008004d363630890100001459
[TCP] RX serial=62 dst=89 code=00 reg=0x14000000 len=88 raw=55aa0062fe89000000000000000000145800aa57
[TCP] TX bytes=108 raw=aa55006289fe0000000000000000001458004e5354520405060708090a0b0c0d0e0f101112131415161718191a1b1c1d1e1f20212223242526272829...
[TCP] RX serial=59 dst=89 code=00 reg=0x00000006 len=1 raw=55aa0059fe890000000000000600000001003c57
[TCP] TX bytes=21 raw=aa55005989fe000000000000060000000100013d57
[TCP] RX serial=E4 dst=8A code=00 reg=0x00000002 len=2 raw=55aa00e4fe8a000000000000020000000200c557
[TCP] TX bytes=22 raw=aa5500e48afe00000000000002000000020066063158
[TCP] RX serial=8F dst=8A code=00 reg=0x00000016 len=8 raw=55aa008ffe8a0000000000001600000008008a57
[TCP] TX bytes=28 raw=aa55008f8afe0000000000001600000008004d3636308a010000fe58
[TCP] RX serial=B9 dst=8A code=00 reg=0x14000000 len=88 raw=55aa00b9fe8a0000000000000000001458000258
[TCP] TX bytes=108 raw=aa5500b98afe0000000000000000001458004e5354520405060708090a0b0c0d0e0f101112131415161718191a1b1c1d1e1f20212223242526272829...
[TCP] RX serial=A3 dst=8A code=00 reg=0x00000006 len=1 raw=55aa00a3fe8a0000000000000600000001008757
[TCP] TX bytes=21 raw=aa5500a38afe000000000000060000000100018857
[TCP] RX serial=55 dst=8B code=00 reg=0x00000002 len=2 raw=55aa0055fe8b0000000000000200000002003757
[TCP] TX bytes=22 raw=aa5500558bfe0000000000000200000002006606a357
[TCP] RX serial=25 dst=8B code=00 reg=0x00000016 len=8 raw=55aa0025fe8b0000000000001600000008002157
[TCP] TX bytes=28 raw=aa5500258bfe0000000000001600000008004d3636308b0100009658
[TCP] RX serial=03 dst=8B code=00 reg=0x14000000 len=88 raw=55aa0003fe8b0000000000000000001458004d57
[TCP] TX bytes=108 raw=aa5500038bfe0000000000000000001458004e5354520405060708090a0b0c0d0e0f101112131415161718191a1b1c1d1e1f20212223242526272829...
[TCP] RX serial=8A dst=8B code=00 reg=0x00000006 len=1 raw=55aa008afe8b0000000000000600000001006f57
[TCP] TX bytes=21 raw=aa55008a8bfe000000000000060000000100017057
[TCP] RX serial=1C dst=8C code=00 reg=0x00000002 len=2 raw=55aa001cfe8c000000000000020000000200ff56
[TCP] TX bytes=22 raw=aa55001c8cfe00000000000002000000020066066b57
[TCP] RX serial=B7 dst=8C code=00 reg=0x00000016 len=8 raw=55aa00b7fe8c000000000000160000000800b457
[TCP] TX bytes=28 raw=aa5500b78cfe0000000000001600000008004d3636308c0100002a59
[TCP] RX serial=BB dst=8C code=00 reg=0x14000000 len=88 raw=55aa00bbfe8c0000000000000000001458000658
[TCP] TX bytes=108 raw=aa5500bb8cfe0000000000000000001458004e5354520405060708090a0b0c0d0e0f101112131415161718191a1b1c1d1e1f20212223242526272829...
[TCP] RX serial=82 dst=8C code=00 reg=0x00000006 len=1 raw=55aa0082fe8c0000000000000600000001006857
[TCP] TX bytes=21 raw=aa5500828cfe000000000000060000000100016957
[TCP] RX serial=0F dst=8D code=00 reg=0x00000002 len=2 raw=55aa000ffe8d000000000000020000000200f356
[TCP] TX bytes=22 raw=aa55000f8dfe00000000000002000000020066065f57
[TCP] RX serial=57 dst=8D code=00 reg=0x00000016 len=8 raw=55aa0057fe8d0000000000001600000008005557
[TCP] TX bytes=28 raw=aa5500578dfe0000000000001600000008004d3636308d010000cc58
[TCP] RX serial=CB dst=8D code=00 reg=0x14000000 len=88 raw=55aa00cbfe8d0000000000000000001458001758
[TCP] TX bytes=108 raw=aa5500cb8dfe0000000000000000001458004e5354520405060708090a0b0c0d0e0f101112131415161718191a1b1c1d1e1f20212223242526272829...
[TCP] RX serial=AD dst=8D code=00 reg=0x00000006 len=1 raw=55aa00adfe8d0000000000000600000001009457
[TCP] TX bytes=21 raw=aa5500ad8dfe000000000000060000000100019557
[TCP] RX serial=A1 dst=8E code=00 reg=0x00000002 len=2 raw=55aa00a1fe8e0000000000000200000002008657
[TCP] TX bytes=22 raw=aa5500a18efe0000000000000200000002006606f257
[TCP] RX serial=E1 dst=8E code=00 reg=0x00000016 len=8 raw=55aa00e1fe8e000000000000160000000800e057
[TCP] TX bytes=28 raw=aa5500e18efe0000000000001600000008004d3636308e0100005859
[TCP] RX serial=9F dst=8E code=00 reg=0x14000000 len=88 raw=55aa009ffe8e000000000000000000145800ec57
[TCP] TX bytes=108 raw=aa55009f8efe0000000000000000001458004e5354520405060708090a0b0c0d0e0f101112131415161718191a1b1c1d1e1f20212223242526272829...
[TCP] RX serial=2D dst=8E code=00 reg=0x00000006 len=1 raw=55aa002dfe8e0000000000000600000001001557
[TCP] TX bytes=21 raw=aa55002d8efe000000000000060000000100011657
[TCP] RX serial=0A dst=8F code=00 reg=0x00000002 len=2 raw=55aa000afe8f000000000000020000000200f056
[TCP] TX bytes=22 raw=aa55000a8ffe00000000000002000000020066065c57
[TCP] RX serial=9C dst=8F code=00 reg=0x00000016 len=8 raw=55aa009cfe8f0000000000001600000008009c57
[TCP] TX bytes=28 raw=aa55009c8ffe0000000000001600000008004d3636308f0100001559
[TCP] RX serial=D5 dst=8F code=00 reg=0x14000000 len=88 raw=55aa00d5fe8f0000000000000000001458002358
[TCP] TX bytes=108 raw=aa5500d58ffe0000000000000000001458004e5354520405060708090a0b0c0d0e0f101112131415161718191a1b1c1d1e1f20212223242526272829...
[TCP] RX serial=D0 dst=8F code=00 reg=0x00000006 len=1 raw=55aa00d0fe8f000000000000060000000100b957
[TCP] TX bytes=21 raw=aa5500d08ffe00000000000006000000010001ba57
[TCP] RX serial=AF dst=90 code=00 reg=0x00000002 len=2 raw=55aa00affe900000000000000200000002009657
[TCP] TX bytes=22 raw=aa5500af90fe00000000000002000000020066060258
[TCP] RX serial=57 dst=90 code=00 reg=0x00000016 len=8 raw=55aa0057fe900000000000001600000008005857
[TCP] TX bytes=28 raw=aa55005790fe0000000000001600000008004d36363090010000d258
[TCP] RX serial=5A dst=90 code=00 reg=0x14000000 len=88 raw=55aa005afe90000000000000000000145800a957
[TCP] TX bytes=108 raw=aa55005a90fe0000000000000000001458004e5354520405060708090a0b0c0d0e0f101112131415161718191a1b1c1d1e1f20212223242526272829...
[TCP] RX serial=B2 dst=90 code=00 reg=0x00000006 len=1 raw=55aa00b2fe900000000000000600000001009c57
[TCP] TX bytes=21 raw=aa5500b290fe000000000000060000000100019d57
[TCP] RX serial=03 dst=91 code=00 reg=0x00000002 len=2 raw=55aa0003fe91000000000000020000000200eb56
[TCP] TX bytes=22 raw=aa55000391fe00000000000002000000020066065757
[TCP] RX serial=3B dst=91 code=00 reg=0x00000016 len=8 raw=55aa003bfe910000000000001600000008003d57
[TCP] TX bytes=28 raw=aa55003b91fe0000000000001600000008004d36363091010000b858
[TCP] RX serial=E5 dst=91 code=00 reg=0x14000000 len=88 raw=55aa00e5fe910000000000000000001458003558
[TCP] TX bytes=108 raw=aa5500e591fe0000000000000000001458004e5354520405060708090a0b0c0d0e0f101112131415161718191a1b1c1d1e1f20212223242526272829...
[TCP] RX serial=2F dst=91 code=00 reg=0x00000006 len=1 raw=55aa002ffe910000000000000600000001001a57
[TCP] TX bytes=21 raw=aa55002f91fe000000000000060000000100011b57
[TCP] RX serial=1C dst=92 code=00 reg=0x00000002 len=2 raw=55aa001cfe920000000000000200000002000557
[TCP] TX bytes=22 raw=aa55001c92fe00000000000002000000020066067157
[TCP] RX serial=4D dst=92 code=00 reg=0x00000016 len=8 raw=55aa004dfe920000000000001600000008005057
[TCP] TX bytes=28 raw=aa55004d92fe0000000000001600000008004d36363092010000cc58
[TCP] RX serial=49 dst=92 code=00 reg=0x14000000 len=88 raw=55aa0049fe920000000000000000001458009a57
[TCP] TX bytes=108 raw=aa55004992fe0000000000000000001458004e5354520405060708090a0b0c0d0e0f101112131415161718191a1b1c1d1e1f20212223242526272829...
[TCP] RX serial=28 dst=92 code=00 reg=0x00000006 len=1 raw=55aa0028fe920000000000000600000001001457
[TCP] TX bytes=21 raw=aa55002892fe000000000000060000000100011557
[TCP] RX serial=01 dst=93 code=00 reg=0x00000002 len=2 raw=55aa0001fe93000000000000020000000200eb56
[TCP] TX bytes=22 raw=aa55000193fe00000000000002000000020066065757
[TCP] RX serial=42 dst=93 code=00 reg=0x00000016 len=8 raw=55aa0042fe930000000000001600000008004657
[TCP] TX bytes=28 raw=aa55004293fe0000000000001600000008004d36363093010000c358
[TCP] RX serial=44 dst=93 code=00 reg=0x14000000 len=88 raw=55aa0044fe930000000000000000001458009657
[TCP] TX bytes=108 raw=aa55004493fe0000000000000000001458004e5354520405060708090a0b0c0d0e0f101112131415161718191a1b1c1d1e1f20212223242526272829...
[TCP] RX serial=C6 dst=93 code=00 reg=0x00000006 len=1 raw=55aa00c6fe93000000000000060000000100b357
[TCP] TX bytes=21 raw=aa5500c693fe00000000000006000000010001b457
[TCP] RX serial=7C dst=94 code=00 reg=0x00000002 len=2 raw=55aa007cfe940000000000000200000002006757
[TCP] TX bytes=22 raw=aa55007c94fe0000000000000200000002006606d357
[TCP] RX serial=AA dst=94 code=00 reg=0x00000016 len=8 raw=55aa00aafe94000000000000160000000800af57
[TCP] TX bytes=28 raw=aa5500aa94fe0000000000001600000008004d363630940100002d59
[TCP] RX serial=61 dst=94 code=00 reg=0x14000000 len=88 raw=55aa0061fe94000000000000000000145800b457
[TCP] TX bytes=108 raw=aa55006194fe0000000000000000001458004e5354520405060708090a0b0c0d0e0f101112131415161718191a1b1c1d1e1f20212223242526272829...
[TCP] RX serial=55 dst=94 code=00 reg=0x00000006 len=1 raw=55aa0055fe940000000000000600000001004357
[TCP] TX bytes=21 raw=aa55005594fe000000000000060000000100014457
[TCP] RX serial=C7 dst=95 code=00 reg=0x00000002 len=2 raw=55aa00c7fe95000000000000020000000200b357
[TCP] TX bytes=22 raw=aa5500c795fe00000000000002000000020066061f58
[TCP] RX serial=C8 dst=95 code=00 reg=0x00000016 len=8 raw=55aa00c8fe95000000000000160000000800ce57
[TCP] TX bytes=28 raw=aa5500c895fe0000000000001600000008004d363630950100004d59
[TCP] RX serial=1B dst=95 code=00 reg=0x14000000 len=88 raw=55aa001bfe950000000000000000001458006f57
[TCP] TX bytes=108 raw=aa55001b95fe0000000000000000001458004e5354520405060708090a0b0c0d0e0f101112131415161718191a1b1c1d1e1f20212223242526272829...
[TCP] RX serial=47 dst=95 code=00 reg=0x00000006 len=1 raw=55aa0047fe950000000000000600000001003657
[TCP] TX bytes=21 raw=aa55004795fe000000000000060000000100013757
[TCP] RX serial=82 dst=96 code=00 reg=0x00000002 len=2 raw=55aa0082fe960000000000000200000002006f57
[TCP] TX bytes=22 raw=aa55008296fe0000000000000200000002006606db57
[TCP] RX serial=EB dst=96 code=00 reg=0x00000016 len=8 raw=55aa00ebfe96000000000000160000000800f257
[TCP] TX bytes=28 raw=aa5500eb96fe0000000000001600000008004d363630960100007259
[TCP] RX serial=AD dst=96 code=00 reg=0x14000000 len=88 raw=55aa00adfe960000000000000000001458000258
[TCP] TX bytes=108 raw=aa5500ad96fe0000000000000000001458004e5354520405060708090a0b0c0d0e0f101112131415161718191a1b1c1d1e1f20212223242526272829...
[TCP] RX serial=22 dst=96 code=00 reg=0x00000006 len=1 raw=55aa0022fe960000000000000600000001001257
[TCP] TX bytes=21 raw=aa55002296fe000000000000060000000100011357
[TCP] RX serial=07 dst=97 code=00 reg=0x00000002 len=2 raw=55aa0007fe97000000000000020000000200f556
[TCP] TX bytes=22 raw=aa55000797fe00000000000002000000020066066157
[TCP] RX serial=35 dst=97 code=00 reg=0x00000016 len=8 raw=55aa0035fe970000000000001600000008003d57
[TCP] TX bytes=28 raw=aa55003597fe0000000000001600000008004d36363097010000be58
[TCP] RX serial=4F dst=97 code=00 reg=0x14000000 len=88 raw=55aa004ffe97000000000000000000145800a557
[TCP] TX bytes=108 raw=aa55004f97fe0000000000000000001458004e5354520405060708090a0b0c0d0e0f101112131415161718191a1b1c1d1e1f20212223242526272829...
[TCP] RX serial=48 dst=97 code=00 reg=0x00000006 len=1 raw=55aa0048fe970000000000000600000001003957
[TCP] TX bytes=21 raw=aa55004897fe000000000000060000000100013a57
[TCP] RX serial=B8 dst=98 code=00 reg=0x00000002 len=2 raw=55aa00b8fe98000000000000020000000200a757
[TCP] TX bytes=22 raw=aa5500b898fe00000000000002000000020066061358
[TCP] RX serial=E8 dst=98 code=00 reg=0x00000016 len=8 raw=55aa00e8fe98000000000000160000000800f157
[TCP] TX bytes=28 raw=aa5500e898fe0000000000001600000008004d363630980100007359
[TCP] RX serial=F3 dst=98 code=00 reg=0x14000000 len=88 raw=55aa00f3fe980000000000000000001458004a58
[TCP] TX bytes=108 raw=aa5500f398fe0000000000000000001458004e5354520405060708090a0b0c0d0e0f101112131415161718191a1b1c1d1e1f20212223242526272829...
[TCP] RX serial=FD dst=98 code=00 reg=0x00000006 len=1 raw=55aa00fdfe98000000000000060000000100ef57
[TCP] TX bytes=21 raw=aa5500fd98fe00000000000006000000010001f057
[TCP] RX serial=CA dst=99 code=00 reg=0x00000002 len=2 raw=55aa00cafe99000000000000020000000200ba57
[TCP] TX bytes=22 raw=aa5500ca99fe00000000000002000000020066062658
[TCP] RX serial=50 dst=99 code=00 reg=0x00000016 len=8 raw=55aa0050fe990000000000001600000008005a57
[TCP] TX bytes=28 raw=aa55005099fe0000000000001600000008004d36363099010000dd58
[TCP] RX serial=86 dst=99 code=00 reg=0x14000000 len=88 raw=55aa0086fe99000000000000000000145800de57
[TCP] TX bytes=108 raw=aa55008699fe0000000000000000001458004e5354520405060708090a0b0c0d0e0f101112131415161718191a1b1c1d1e1f20212223242526272829...
[TCP] RX serial=DF dst=99 code=00 reg=0x00000006 len=1 raw=55aa00dffe99000000000000060000000100d257
[TCP] TX bytes=21 raw=aa5500df99fe00000000000006000000010001d357
[TCP] RX serial=D1 dst=9A code=00 reg=0x00000002 len=2 raw=55aa00d1fe9a000000000000020000000200c257
[TCP] TX bytes=22 raw=aa5500d19afe00000000000002000000020066062e58
[TCP] RX serial=8C dst=9A code=00 reg=0x00000016 len=8 raw=55aa008cfe9a0000000000001600000008009757
[TCP] TX bytes=28 raw=aa55008c9afe0000000000001600000008004d3636309a0100001b59
[TCP] RX serial=66 dst=9A code=00 reg=0x14000000 len=88 raw=55aa0066fe9a000000000000000000145800bf57
[TCP] TX bytes=108 raw=aa5500669afe0000000000000000001458004e5354520405060708090a0b0c0d0e0f101112131415161718191a1b1c1d1e1f20212223242526272829...
[TCP] RX serial=C0 dst=9A code=00 reg=0x00000006 len=1 raw=55aa00c0fe9a000000000000060000000100b457
[TCP] TX bytes=21 raw=aa5500c09afe00000000000006000000010001b557
[TCP] RX serial=0D dst=9B code=00 reg=0x00000002 len=2 raw=55aa000dfe9b000000000000020000000200ff56
[TCP] TX bytes=22 raw=aa55000d9bfe00000000000002000000020066066b57
[TCP] RX serial=A2 dst=9B code=00 reg=0x00000016 len=8 raw=55aa00a2fe9b000000000000160000000800ae57
[TCP] TX bytes=28 raw=aa5500a29bfe0000000000001600000008004d3636309b0100003359
[TCP] RX serial=AC dst=9B code=00 reg=0x14000000 len=88 raw=55aa00acfe9b0000000000000000001458000658
[TCP] TX bytes=108 raw=aa5500ac9bfe0000000000000000001458004e5354520405060708090a0b0c0d0e0f101112131415161718191a1b1c1d1e1f20212223242526272829...
[TCP] RX serial=5E dst=9B code=00 reg=0x00000006 len=1 raw=55aa005efe9b0000000000000600000001005357
[TCP] TX bytes=21 raw=aa55005e9bfe000000000000060000000100015457
[TCP] RX serial=9D dst=9C code=00 reg=0x00000002 len=2 raw=55aa009dfe9c0000000000000200000002009057
[TCP] TX bytes=22 raw=aa55009d9cfe0000000000000200000002006606fc57
[TCP] RX serial=D8 dst=9C code=00 reg=0x00000016 len=8 raw=55aa00d8fe9c000000000000160000000800e557
[TCP] TX bytes=28 raw=aa5500d89cfe0000000000001600000008004d3636309c0100006b59
[TCP] RX serial=B0 dst=9C code=00 reg=0x14000000 len=88 raw=55aa00b0fe9c0000000000000000001458000b58
[TCP] TX bytes=108 raw=aa5500b09cfe0000000000000000001458004e5354520405060708090a0b0c0d0e0f101112131415161718191a1b1c1d1e1f20212223242526272829...
[TCP] RX serial=5E dst=9C code=00 reg=0x00000006 len=1 raw=55aa005efe9c0000000000000600000001005457
[TCP] TX bytes=21 raw=aa55005e9cfe000000000000060000000100015557
[TCP] RX serial=3A dst=9D code=00 reg=0x00000002 len=2 raw=55aa003afe9d0000000000000200000002002e57
[TCP] TX bytes=22 raw=aa55003a9dfe00000000000002000000020066069a57
[TCP] RX serial=80 dst=9D code=00 reg=0x00000016 len=8 raw=55aa0080fe9d0000000000001600000008008e57
[TCP] TX bytes=28 raw=aa5500809dfe0000000000001600000008004d3636309d0100001559
[TCP] RX serial=08 dst=9D code=00 reg=0x14000000 len=88 raw=55aa0008fe9d0000000000000000001458006457
[TCP] TX bytes=108 raw=aa5500089dfe0000000000000000001458004e5354520405060708090a0b0c0d0e0f101112131415161718191a1b1c1d1e1f20212223242526272829...
[TCP] RX serial=E5 dst=9D code=00 reg=0x00000006 len=1 raw=55aa00e5fe9d000000000000060000000100dc57
[TCP] TX bytes=21 raw=aa5500e59dfe00000000000006000000010001dd57
[TCP] RX serial=3B dst=9E code=00 reg=0x00000002 len=2 raw=55aa003bfe9e0000000000000200000002003057
[TCP] TX bytes=22 raw=aa55003b9efe00000000000002000000020066069c57
[TCP] RX serial=12 dst=9E code=00 reg=0x00000016 len=8 raw=55aa0012fe9e0000000000001600000008002157
[TCP] TX bytes=28 raw=aa5500129efe0000000000001600000008004d3636309e010000a958
[TCP] RX serial=30 dst=9E code=00 reg=0x14000000 len=88 raw=55aa0030fe9e0000000000000000001458008d57
[TCP] TX bytes=108 raw=aa5500309efe0000000000000000001458004e5354520405060708090a0b0c0d0e0f101112131415161718191a1b1c1d1e1f20212223242526272829...
[TCP] RX serial=16 dst=9E code=00 reg=0x00000006 len=1 raw=55aa0016fe9e0000000000000600000001000e57
[TCP] TX bytes=21 raw=aa5500169efe000000000000060000000100010f57
[TCP] RX serial=8D dst=9F code=00 reg=0x00000002 len=2 raw=55aa008dfe9f0000000000000200000002008357
[TCP] TX bytes=22 raw=aa55008d9ffe0000000000000200000002006606ef57
[TCP] RX serial=C2 dst=9F code=00 reg=0x00000016 len=8 raw=55aa00c2fe9f000000000000160000000800d257
[TCP] TX bytes=28 raw=aa5500c29ffe0000000000001600000008004d3636309f0100005b59
[TCP] RX serial=27 dst=9F code=00 reg=0x14000000 len=88 raw=55aa0027fe9f0000000000000000001458008557
[TCP] TX bytes=108 raw=aa5500279ffe0000000000000000001458004e5354520405060708090a0b0c0d0e0f101112131415161718191a1b1c1d1e1f20212223242526272829...
[TCP] RX serial=E5 dst=9F code=00 reg=0x00000006 len=1 raw=55aa00e5fe9f000000000000060000000100de57
[TCP] TX bytes=21 raw=aa5500e59ffe00000000000006000000010001df57
[TCP] RX serial=FC dst=A0 code=00 reg=0x00000002 len=2 raw=55aa00fcfea0000000000000020000000200f357
[TCP] TX bytes=22 raw=aa5500fca0fe00000000000002000000020066065f58
[TCP] RX serial=01 dst=A0 code=00 reg=0x00000016 len=8 raw=55aa0001fea00000000000001600000008001257
[TCP] TX bytes=28 raw=aa550001a0fe0000000000001600000008004d363630a00100009c58
[TCP] RX serial=6F dst=A0 code=00 reg=0x14000000 len=88 raw=55aa006ffea0000000000000000000145800ce57
[TCP] TX bytes=108 raw=aa55006fa0fe0000000000000000001458004e5354520405060708090a0b0c0d0e0f101112131415161718191a1b1c1d1e1f20212223242526272829...
[TCP] RX serial=17 dst=A0 code=00 reg=0x00000006 len=1 raw=55aa0017fea00000000000000600000001001157
[TCP] TX bytes=21 raw=aa550017a0fe000000000000060000000100011257
[TCP] RX serial=4E dst=A1 code=00 reg=0x00000002 len=2 raw=55aa004efea10000000000000200000002004657
[TCP] TX bytes=22 raw=aa55004ea1fe0000000000000200000002006606b257
[TCP] RX serial=45 dst=A1 code=00 reg=0x00000016 len=8 raw=55aa0045fea10000000000001600000008005757
[TCP] TX bytes=28 raw=aa550045a1fe0000000000001600000008004d363630a1010000e258
[TCP] RX serial=FB dst=A1 code=00 reg=0x14000000 len=88 raw=55aa00fbfea10000000000000000001458005b58
[TCP] TX bytes=108 raw=aa5500fba1fe0000000000000000001458004e5354520405060708090a0b0c0d0e0f101112131415161718191a1b1c1d1e1f20212223242526272829...
[TCP] RX serial=2B dst=A1 code=00 reg=0x00000006 len=1 raw=55aa002bfea10000000000000600000001002657
[TCP] TX bytes=21 raw=aa55002ba1fe000000000000060000000100012757
[TCP] RX serial=24 dst=A2 code=00 reg=0x00000002 len=2 raw=55aa0024fea20000000000000200000002001d57
[TCP] TX bytes=22 raw=aa550024a2fe00000000000002000000020066068957
[TCP] RX serial=81 dst=A2 code=00 reg=0x00000016 len=8 raw=55aa0081fea20000000000001600000008009457
[TCP] TX bytes=28 raw=aa550081a2fe0000000000001600000008004d363630a20100002059
[TCP] RX serial=83 dst=A2 code=00 reg=0x14000000 len=88 raw=55aa0083fea2000000000000000000145800e457
[TCP] TX bytes=108 raw=aa550083a2fe0000000000000000001458004e5354520405060708090a0b0c0d0e0f101112131415161718191a1b1c1d1e1f20212223242526272829...
[TCP] RX serial=3B dst=A2 code=00 reg=0x00000006 len=1 raw=55aa003bfea20000000000000600000001003757
[TCP] TX bytes=21 raw=aa55003ba2fe000000000000060000000100013857
[TCP] RX serial=62 dst=A3 code=00 reg=0x00000002 len=2 raw=55aa0062fea30000000000000200000002005c57
[TCP] TX bytes=22 raw=aa550062a3fe0000000000000200000002006606c857
[TCP] RX serial=5A dst=A3 code=00 reg=0x00000016 len=8 raw=55aa005afea30000000000001600000008006e57
[TCP] TX bytes=28 raw=aa55005aa3fe0000000000001600000008004d363630a3010000fb58
[TCP] RX serial=3A dst=A3 code=00 reg=0x14000000 len=88 raw=55aa003afea30000000000000000001458009c57
[TCP] TX bytes=108 raw=aa55003aa3fe0000000000000000001458004e5354520405060708090a0b0c0d0e0f101112131415161718191a1b1c1d1e1f20212223242526272829...
[TCP] RX serial=DE dst=A3 code=00 reg=0x00000006 len=1 raw=55aa00defea3000000000000060000000100db57
[TCP] TX bytes=21 raw=aa5500dea3fe00000000000006000000010001dc57
[TCP] RX serial=3F dst=A4 code=00 reg=0x00000002 len=2 raw=55aa003ffea40000000000000200000002003a57
[TCP] TX bytes=22 raw=aa55003fa4fe0000000000000200000002006606a657
[TCP] RX serial=4E dst=A4 code=00 reg=0x00000016 len=8 raw=55aa004efea40000000000001600000008006357
[TCP] TX bytes=28 raw=aa55004ea4fe0000000000001600000008004d363630a4010000f158
[TCP] RX serial=84 dst=A4 code=00 reg=0x14000000 len=88 raw=55aa0084fea4000000000000000000145800e757
[TCP] TX bytes=108 raw=aa550084a4fe0000000000000000001458004e5354520405060708090a0b0c0d0e0f101112131415161718191a1b1c1d1e1f20212223242526272829...
[TCP] RX serial=2E dst=A4 code=00 reg=0x00000006 len=1 raw=55aa002efea40000000000000600000001002c57
[TCP] TX bytes=21 raw=aa55002ea4fe000000000000060000000100012d57
[TCP] RX serial=84 dst=A5 code=00 reg=0x00000002 len=2 raw=55aa0084fea50000000000000200000002008057
[TCP] TX bytes=22 raw=aa550084a5fe0000000000000200000002006606ec57
[TCP] RX serial=F0 dst=A5 code=00 reg=0x00000016 len=8 raw=55aa00f0fea50000000000001600000008000658
[TCP] TX bytes=28 raw=aa5500f0a5fe0000000000001600000008004d363630a50100009559
[TCP] RX serial=0D dst=A5 code=00 reg=0x14000000 len=88 raw=55aa000dfea50000000000000000001458007157
[TCP] TX bytes=108 raw=aa55000da5fe0000000000000000001458004e5354520405060708090a0b0c0d0e0f101112131415161718191a1b1c1d1e1f20212223242526272829...
[TCP] RX serial=37 dst=A5 code=00 reg=0x00000006 len=1 raw=55aa0037fea50000000000000600000001003657
[TCP] TX bytes=21 raw=aa550037a5fe000000000000060000000100013757
[TCP] RX serial=E0 dst=A6 code=00 reg=0x00000002 len=2 raw=55aa00e0fea6000000000000020000000200dd57
[TCP] TX bytes=22 raw=aa5500e0a6fe00000000000002000000020066064958
[TCP] RX serial=0D dst=A6 code=00 reg=0x00000016 len=8 raw=55aa000dfea60000000000001600000008002457
[TCP] TX bytes=28 raw=aa55000da6fe0000000000001600000008004d363630a6010000b458
[TCP] RX serial=C2 dst=A6 code=00 reg=0x14000000 len=88 raw=55aa00c2fea60000000000000000001458002758
[TCP] TX bytes=108 raw=aa5500c2a6fe0000000000000000001458004e5354520405060708090a0b0c0d0e0f101112131415161718191a1b1c1d1e1f20212223242526272829...
[TCP] RX serial=B7 dst=A6 code=00 reg=0x00000006 len=1 raw=55aa00b7fea6000000000000060000000100b757
[TCP] TX bytes=21 raw=aa5500b7a6fe00000000000006000000010001b857
[TCP] RX serial=20 dst=A7 code=00 reg=0x00000002 len=2 raw=55aa0020fea70000000000000200000002001e57
[TCP] TX bytes=22 raw=aa550020a7fe00000000000002000000020066068a57
[TCP] RX serial=6F dst=A7 code=00 reg=0x00000016 len=8 raw=55aa006ffea70000000000001600000008008757
[TCP] TX bytes=28 raw=aa55006fa7fe0000000000001600000008004d363630a70100001859
[TCP] RX serial=51 dst=A7 code=00 reg=0x14000000 len=88 raw=55aa0051fea7000000000000000000145800b757
[TCP] TX bytes=108 raw=aa550051a7fe0000000000000000001458004e5354520405060708090a0b0c0d0e0f101112131415161718191a1b1c1d1e1f20212223242526272829...
[TCP] RX serial=0E dst=A7 code=00 reg=0x00000006 len=1 raw=55aa000efea70000000000000600000001000f57
[TCP] TX bytes=21 raw=aa55000ea7fe000000000000060000000100011057
[TCP] RX serial=64 dst=A8 code=00 reg=0x00000002 len=2 raw=55aa0064fea80000000000000200000002006357
[TCP] TX bytes=22 raw=aa550064a8fe0000000000000200000002006606cf57
[TCP] RX serial=7F dst=A8 code=00 reg=0x00000016 len=8 raw=55aa007ffea80000000000001600000008009857
[TCP] TX bytes=28 raw=aa55007fa8fe0000000000001600000008004d363630a80100002a59
[TCP] RX serial=C3 dst=A8 code=00 reg=0x14000000 len=88 raw=55aa00c3fea80000000000000000001458002a58
[TCP] TX bytes=108 raw=aa5500c3a8fe0000000000000000001458004e5354520405060708090a0b0c0d0e0f101112131415161718191a1b1c1d1e1f20212223242526272829...
[TCP] RX serial=0C dst=A8 code=00 reg=0x00000006 len=1 raw=55aa000cfea80000000000000600000001000e57
[TCP] TX bytes=21 raw=aa55000ca8fe000000000000060000000100010f57
[TCP] RX serial=33 dst=A9 code=00 reg=0x00000002 len=2 raw=55aa0033fea90000000000000200000002003357
[TCP] TX bytes=22 raw=aa550033a9fe00000000000002000000020066069f57
[TCP] RX serial=94 dst=A9 code=00 reg=0x00000016 len=8 raw=55aa0094fea9000000000000160000000800ae57
[TCP] TX bytes=28 raw=aa550094a9fe0000000000001600000008004d363630a90100004159
[TCP] RX serial=10 dst=A9 code=00 reg=0x14000000 len=88 raw=55aa0010fea90000000000000000001458007857
[TCP] TX bytes=108 raw=aa550010a9fe0000000000000000001458004e5354520405060708090a0b0c0d0e0f101112131415161718191a1b1c1d1e1f20212223242526272829...
[TCP] RX serial=57 dst=A9 code=00 reg=0x00000006 len=1 raw=55aa0057fea90000000000000600000001005a57
[TCP] TX bytes=21 raw=aa550057a9fe000000000000060000000100015b57
[TCP] RX serial=DC dst=AA code=00 reg=0x00000002 len=2 raw=55aa00dcfeaa000000000000020000000200dd57
[TCP] TX bytes=22 raw=aa5500dcaafe00000000000002000000020066064958
[TCP] RX serial=84 dst=AA code=00 reg=0x00000016 len=8 raw=55aa0084feaa0000000000001600000008009f57
[TCP] TX bytes=28 raw=aa550084aafe0000000000001600000008004d363630aa0100003359
[TCP] RX serial=3A dst=AA code=00 reg=0x14000000 len=88 raw=55aa003afeaa000000000000000000145800a357
[TCP] TX bytes=108 raw=aa55003aaafe0000000000000000001458004e5354520405060708090a0b0c0d0e0f101112131415161718191a1b1c1d1e1f20212223242526272829...
[TCP] RX serial=B8 dst=AA code=00 reg=0x00000006 len=1 raw=55aa00b8feaa000000000000060000000100bc57
[TCP] TX bytes=21 raw=aa5500b8aafe00000000000006000000010001bd57
[TCP] RX serial=FC dst=AB code=00 reg=0x00000002 len=2 raw=55aa00fcfeab000000000000020000000200fe57
[TCP] TX bytes=22 raw=aa5500fcabfe00000000000002000000020066066a58
[TCP] RX serial=CB dst=AB code=00 reg=0x00000016 len=8 raw=55aa00cbfeab000000000000160000000800e757
[TCP] TX bytes=28 raw=aa5500cbabfe0000000000001600000008004d363630ab0100007c59
[TCP] RX serial=83 dst=AB code=00 reg=0x14000000 len=88 raw=55aa0083feab000000000000000000145800ed57
[TCP] TX bytes=108 raw=aa550083abfe0000000000000000001458004e5354520405060708090a0b0c0d0e0f101112131415161718191a1b1c1d1e1f20212223242526272829...
[TCP] RX serial=E0 dst=AB code=00 reg=0x00000006 len=1 raw=55aa00e0feab000000000000060000000100e557
[TCP] TX bytes=21 raw=aa5500e0abfe00000000000006000000010001e657
[TCP] RX serial=D6 dst=AC code=00 reg=0x00000002 len=2 raw=55aa00d6feac000000000000020000000200d957
[TCP] TX bytes=22 raw=aa5500d6acfe00000000000002000000020066064558
[TCP] RX serial=50 dst=AC code=00 reg=0x00000016 len=8 raw=55aa0050feac0000000000001600000008006d57
[TCP] TX bytes=28 raw=aa550050acfe0000000000001600000008004d363630ac0100000359
[TCP] RX serial=D6 dst=AC code=00 reg=0x14000000 len=88 raw=55aa00d6feac0000000000000000001458004158
[TCP] TX bytes=108 raw=aa5500d6acfe0000000000000000001458004e5354520405060708090a0b0c0d0e0f101112131415161718191a1b1c1d1e1f20212223242526272829...
[TCP] RX serial=3E dst=AC code=00 reg=0x00000006 len=1 raw=55aa003efeac0000000000000600000001004457
[TCP] TX bytes=21 raw=aa55003eacfe000000000000060000000100014557
[TCP] RX serial=3D dst=AD code=00 reg=0x00000002 len=2 raw=55aa003dfead0000000000000200000002004157
[TCP] TX bytes=22 raw=aa55003dadfe0000000000000200000002006606ad57
[TCP] RX serial=F8 dst=AD code=00 reg=0x00000016 len=8 raw=55aa00f8fead0000000000001600000008001658
[TCP] TX bytes=28 raw=aa5500f8adfe0000000000001600000008004d363630ad010000ad59
[TCP] RX serial=61 dst=AD code=00 reg=0x14000000 len=88 raw=55aa0061fead000000000000000000145800cd57
[TCP] TX bytes=108 raw=aa550061adfe0000000000000000001458004e5354520405060708090a0b0c0d0e0f101112131415161718191a1b1c1d1e1f20212223242526272829...
[TCP] RX serial=0C dst=AD code=00 reg=0x00000006 len=1 raw=55aa000cfead0000000000000600000001001357
[TCP] TX bytes=21 raw=aa55000cadfe000000000000060000000100011457
[TCP] RX serial=F2 dst=AE code=00 reg=0x00000002 len=2 raw=55aa00f2feae000000000000020000000200f757
[TCP] TX bytes=22 raw=aa5500f2aefe00000000000002000000020066066358
[TCP] RX serial=37 dst=AE code=00 reg=0x00000016 len=8 raw=55aa0037feae0000000000001600000008005657
[TCP] TX bytes=28 raw=aa550037aefe0000000000001600000008004d363630ae010000ee58
[TCP] RX serial=36 dst=AE code=00 reg=0x14000000 len=88 raw=55aa0036feae000000000000000000145800a357
[TCP] TX bytes=108 raw=aa550036aefe0000000000000000001458004e5354520405060708090a0b0c0d0e0f101112131415161718191a1b1c1d1e1f20212223242526272829...
[TCP] RX serial=40 dst=AE code=00 reg=0x00000006 len=1 raw=55aa0040feae0000000000000600000001004857
[TCP] TX bytes=21 raw=aa550040aefe000000000000060000000100014957
[TCP] RX serial=82 dst=AF code=00 reg=0x00000002 len=2 raw=55aa0082feaf0000000000000200000002008857
[TCP] TX bytes=22 raw=aa550082affe0000000000000200000002006606f457
[TCP] RX serial=43 dst=AF code=00 reg=0x00000016 len=8 raw=55aa0043feaf0000000000001600000008006357
[TCP] TX bytes=28 raw=aa550043affe0000000000001600000008004d363630af010000fc58
[TCP] RX serial=0A dst=AF code=00 reg=0x14000000 len=88 raw=55aa000afeaf0000000000000000001458007857
[TCP] TX bytes=108 raw=aa55000aaffe0000000000000000001458004e5354520405060708090a0b0c0d0e0f101112131415161718191a1b1c1d1e1f20212223242526272829...
[TCP] RX serial=B3 dst=AF code=00 reg=0x00000006 len=1 raw=55aa00b3feaf000000000000060000000100bc57
[TCP] TX bytes=21 raw=aa5500b3affe00000000000006000000010001bd57
[TCP] RX serial=2F dst=B0 code=00 reg=0x00000002 len=2 raw=55aa002ffeb00000000000000200000002003657
[TCP] TX bytes=22 raw=aa55002fb0fe0000000000000200000002006606a257
[TCP] RX serial=74 dst=B0 code=00 reg=0x00000016 len=8 raw=55aa0074feb00000000000001600000008009557
[TCP] TX bytes=28 raw=aa550074b0fe0000000000001600000008004d363630b00100002f59
[TCP] RX serial=D6 dst=B0 code=00 reg=0x14000000 len=88 raw=55aa00d6feb00000000000000000001458004558
[TCP] TX bytes=108 raw=aa5500d6b0fe0000000000000000001458004e5354520405060708090a0b0c0d0e0f101112131415161718191a1b1c1d1e1f20212223242526272829...
[TCP] RX serial=E2 dst=B0 code=00 reg=0x00000006 len=1 raw=55aa00e2feb0000000000000060000000100ec57
[TCP] TX bytes=21 raw=aa5500e2b0fe00000000000006000000010001ed57
[TCP] RX serial=95 dst=B1 code=00 reg=0x00000002 len=2 raw=55aa0095feb10000000000000200000002009d57
[TCP] TX bytes=22 raw=aa550095b1fe00000000000002000000020066060958
[TCP] RX serial=2E dst=B1 code=00 reg=0x00000016 len=8 raw=55aa002efeb10000000000001600000008005057
[TCP] TX bytes=28 raw=aa55002eb1fe0000000000001600000008004d363630b1010000eb58
[TCP] RX serial=AB dst=B1 code=00 reg=0x14000000 len=88 raw=55aa00abfeb10000000000000000001458001b58
[TCP] TX bytes=108 raw=aa5500abb1fe0000000000000000001458004e5354520405060708090a0b0c0d0e0f101112131415161718191a1b1c1d1e1f20212223242526272829...
[TCP] RX serial=AA dst=B1 code=00 reg=0x00000006 len=1 raw=55aa00aafeb1000000000000060000000100b557
[TCP] TX bytes=21 raw=aa5500aab1fe00000000000006000000010001b657
[TCP] RX serial=3E dst=B2 code=00 reg=0x00000002 len=2 raw=55aa003efeb20000000000000200000002004757
[TCP] TX bytes=22 raw=aa55003eb2fe0000000000000200000002006606b357
[TCP] RX serial=2D dst=B2 code=00 reg=0x00000016 len=8 raw=55aa002dfeb20000000000001600000008005057
[TCP] TX bytes=28 raw=aa55002db2fe0000000000001600000008004d363630b2010000ec58
[TCP] RX serial=51 dst=B2 code=00 reg=0x14000000 len=88 raw=55aa0051feb2000000000000000000145800c257
[TCP] TX bytes=108 raw=aa550051b2fe0000000000000000001458004e5354520405060708090a0b0c0d0e0f101112131415161718191a1b1c1d1e1f20212223242526272829...
[TCP] RX serial=FE dst=B2 code=00 reg=0x00000006 len=1 raw=55aa00fefeb20000000000000600000001000a58
[TCP] TX bytes=21 raw=aa5500feb2fe000000000000060000000100010b58
[TCP] RX serial=B5 dst=B3 code=00 reg=0x00000002 len=2 raw=55aa00b5feb3000000000000020000000200bf57
[TCP] TX bytes=22 raw=aa5500b5b3fe00000000000002000000020066062b58
[TCP] RX serial=54 dst=B3 code=00 reg=0x00000016 len=8 raw=55aa0054feb30000000000001600000008007857
[TCP] TX bytes=28 raw=aa550054b3fe0000000000001600000008004d363630b30100001559
[TCP] RX serial=3A dst=B3 code=00 reg=0x14000000 len=88 raw=55aa003afeb3000000000000000000145800ac57
[TCP] TX bytes=108 raw=aa55003ab3fe0000000000000000001458004e5354520405060708090a0b0c0d0e0f101112131415161718191a1b1c1d1e1f20212223242526272829...
[TCP] RX serial=14 dst=B3 code=00 reg=0x00000006 len=1 raw=55aa0014feb30000000000000600000001002157
[TCP] TX bytes=21 raw=aa550014b3fe000000000000060000000100012257
[TCP] RX serial=88 dst=B4 code=00 reg=0x00000002 len=2 raw=55aa0088feb40000000000000200000002009357
[TCP] TX bytes=22 raw=aa550088b4fe0000000000000200000002006606ff57
[TCP] RX serial=E1 dst=B4 code=00 reg=0x00000016 len=8 raw=55aa00e1feb40000000000001600000008000658
[TCP] TX bytes=28 raw=aa5500e1b4fe0000000000001600000008004d363630b4010000a459
[TCP] RX serial=E0 dst=B4 code=00 reg=0x14000000 len=88 raw=55aa00e0feb40000000000000000001458005358
[TCP] TX bytes=108 raw=aa5500e0b4fe0000000000000000001458004e5354520405060708090a0b0c0d0e0f101112131415161718191a1b1c1d1e1f20212223242526272829...
[TCP] RX serial=CF dst=B4 code=00 reg=0x00000006 len=1 raw=55aa00cffeb4000000000000060000000100dd57
[TCP] TX bytes=21 raw=aa5500cfb4fe00000000000006000000010001de57
[TCP] RX serial=98 dst=B5 code=00 reg=0x00000002 len=2 raw=55aa0098feb5000000000000020000000200a457
[TCP] TX bytes=22 raw=aa550098b5fe00000000000002000000020066061058
[TCP] RX serial=13 dst=B5 code=00 reg=0x00000016 len=8 raw=55aa0013feb50000000000001600000008003957
[TCP] TX bytes=28 raw=aa550013b5fe0000000000001600000008004d363630b5010000d858
[TCP] RX serial=D0 dst=B5 code=00 reg=0x14000000 len=88 raw=55aa00d0feb50000000000000000001458004458
[TCP] TX bytes=108 raw=aa5500d0b5fe0000000000000000001458004e5354520405060708090a0b0c0d0e0f101112131415161718191a1b1c1d1e1f20212223242526272829...
[TCP] RX serial=6A dst=B5 code=00 reg=0x00000006 len=1 raw=55aa006afeb50000000000000600000001007957
[TCP] TX bytes=21 raw=aa55006ab5fe000000000000060000000100017a57
[TCP] RX serial=1D dst=B6 code=00 reg=0x00000002 len=2 raw=55aa001dfeb60000000000000200000002002a57
[TCP] TX bytes=22 raw=aa55001db6fe00000000000002000000020066069657
[TCP] RX serial=B6 dst=B6 code=00 reg=0x00000016 len=8 raw=55aa00b6feb6000000000000160000000800dd57
[TCP] TX bytes=28 raw=aa5500b6b6fe0000000000001600000008004d363630b60100007d59
[TCP] RX serial=18 dst=B6 code=00 reg=0x14000000 len=88 raw=55aa0018feb60000000000000000001458008d57
[TCP] TX bytes=108 raw=aa550018b6fe0000000000000000001458004e5354520405060708090a0b0c0d0e0f101112131415161718191a1b1c1d1e1f20212223242526272829...
[TCP] RX serial=FA dst=B6 code=00 reg=0x00000006 len=1 raw=55aa00fafeb60000000000000600000001000a58
[TCP] TX bytes=21 raw=aa5500fab6fe000000000000060000000100010b58
[TCP] RX serial=5D dst=B7 code=00 reg=0x00000002 len=2 raw=55aa005dfeb70000000000000200000002006b57
[TCP] TX bytes=22 raw=aa55005db7fe0000000000000200000002006606d757
[TCP] RX serial=CE dst=B7 code=00 reg=0x00000016 len=8 raw=55aa00cefeb7000000000000160000000800f657
[TCP] TX bytes=28 raw=aa5500ceb7fe0000000000001600000008004d363630b70100009759
[TCP] RX serial=D4 dst=B7 code=00 reg=0x14000000 len=88 raw=55aa00d4feb70000000000000000001458004a58
[TCP] TX bytes=108 raw=aa5500d4b7fe0000000000000000001458004e5354520405060708090a0b0c0d0e0f101112131415161718191a1b1c1d1e1f20212223242526272829...
[TCP] RX serial=98 dst=B7 code=00 reg=0x00000006 len=1 raw=55aa0098feb7000000000000060000000100a957
[TCP] TX bytes=21 raw=aa550098b7fe00000000000006000000010001aa57
[TCP] RX serial=7A dst=B8 code=00 reg=0x00000002 len=2 raw=55aa007afeb80000000000000200000002008957
[TCP] TX bytes=22 raw=aa55007ab8fe0000000000000200000002006606f557
[TCP] RX serial=86 dst=B8 code=00 reg=0x00000016 len=8 raw=55aa0086feb8000000000000160000000800af57
[TCP] TX bytes=28 raw=aa550086b8fe0000000000001600000008004d363630b80100005159
[TCP] RX serial=88 dst=B8 code=00 reg=0x14000000 len=88 raw=55aa0088feb8000000000000000000145800ff57
[TCP] TX bytes=108 raw=aa550088b8fe0000000000000000001458004e5354520405060708090a0b0c0d0e0f101112131415161718191a1b1c1d1e1f20212223242526272829...
[TCP] RX serial=88 dst=B8 code=00 reg=0x00000006 len=1 raw=55aa0088feb80000000000000600000001009a57
[TCP] TX bytes=21 raw=aa550088b8fe000000000000060000000100019b57
[TCP] RX serial=F3 dst=B9 code=00 reg=0x00000002 len=2 raw=55aa00f3feb90000000000000200000002000358
[TCP] TX bytes=22 raw=aa5500f3b9fe00000000000002000000020066066f58
[TCP] RX serial=A0 dst=B9 code=00 reg=0x00000016 len=8 raw=55aa00a0feb9000000000000160000000800ca57
[TCP] TX bytes=28 raw=aa5500a0b9fe0000000000001600000008004d363630b90100006d59
[TCP] RX serial=4A dst=B9 code=00 reg=0x14000000 len=88 raw=55aa004afeb9000000000000000000145800c257
[TCP] TX bytes=108 raw=aa55004ab9fe0000000000000000001458004e5354520405060708090a0b0c0d0e0f101112131415161718191a1b1c1d1e1f20212223242526272829...
[TCP] RX serial=A8 dst=B9 code=00 reg=0x00000006 len=1 raw=55aa00a8feb9000000000000060000000100bb57
[TCP] TX bytes=21 raw=aa5500a8b9fe00000000000006000000010001bc57
[TCP] RX serial=A4 dst=BA code=00 reg=0x00000002 len=2 raw=55aa00a4feba000000000000020000000200b557
[TCP] TX bytes=22 raw=aa5500a4bafe00000000000002000000020066062158
[TCP] RX serial=2B dst=BA code=00 reg=0x00000016 len=8 raw=55aa002bfeba0000000000001600000008005657
[TCP] TX bytes=28 raw=aa55002bbafe0000000000001600000008004d363630ba010000fa58
[TCP] RX serial=00 dst=BA code=00 reg=0x14000000 len=88 raw=55aa0000feba0000000000000000001458007957
[TCP] TX bytes=108 raw=aa550000bafe0000000000000000001458004e5354520405060708090a0b0c0d0e0f101112131415161718191a1b1c1d1e1f20212223242526272829...
[TCP] RX serial=10 dst=BA code=00 reg=0x00000006 len=1 raw=55aa0010feba0000000000000600000001002457
[TCP] TX bytes=21 raw=aa550010bafe000000000000060000000100012557
[TCP] RX serial=A7 dst=BB code=00 reg=0x00000002 len=2 raw=55aa00a7febb000000000000020000000200b957
[TCP] TX bytes=22 raw=aa5500a7bbfe00000000000002000000020066062558
[TCP] RX serial=61 dst=BB code=00 reg=0x00000016 len=8 raw=55aa0061febb0000000000001600000008008d57
[TCP] TX bytes=28 raw=aa550061bbfe0000000000001600000008004d363630bb0100003259
[TCP] RX serial=56 dst=BB code=00 reg=0x14000000 len=88 raw=55aa0056febb000000000000000000145800d057
[TCP] TX bytes=108 raw=aa550056bbfe0000000000000000001458004e5354520405060708090a0b0c0d0e0f101112131415161718191a1b1c1d1e1f20212223242526272829...
[TCP] RX serial=9E dst=BB code=00 reg=0x00000006 len=1 raw=55aa009efebb000000000000060000000100b357
[TCP] TX bytes=21 raw=aa55009ebbfe00000000000006000000010001b457
[TCP] RX serial=FC dst=BC code=00 reg=0x00000002 len=2 raw=55aa00fcfebc0000000000000200000002000f58
[TCP] TX bytes=22 raw=aa5500fcbcfe00000000000002000000020066067b58
[TCP] RX serial=21 dst=BC code=00 reg=0x00000016 len=8 raw=55aa0021febc0000000000001600000008004e57
[TCP] TX bytes=28 raw=aa550021bcfe0000000000001600000008004d363630bc010000f458
[TCP] RX serial=B6 dst=BC code=00 reg=0x14000000 len=88 raw=55aa00b6febc0000000000000000001458003158
[TCP] TX bytes=108 raw=aa5500b6bcfe0000000000000000001458004e5354520405060708090a0b0c0d0e0f101112131415161718191a1b1c1d1e1f20212223242526272829...
[TCP] RX serial=9F dst=BC code=00 reg=0x00000006 len=1 raw=55aa009ffebc000000000000060000000100b557
[TCP] TX bytes=21 raw=aa55009fbcfe00000000000006000000010001b657
[TCP] RX serial=62 dst=BD code=00 reg=0x00000002 len=2 raw=55aa0062febd0000000000000200000002007657
[TCP] TX bytes=22 raw=aa550062bdfe0000000000000200000002006606e257
[TCP] RX serial=3A dst=BD code=00 reg=0x00000016 len=8 raw=55aa003afebd0000000000001600000008006857
[TCP] TX bytes=28 raw=aa55003abdfe0000000000001600000008004d363630bd0100000f59
[TCP] RX serial=1A dst=BD code=00 reg=0x14000000 len=88 raw=55aa001afebd0000000000000000001458009657
[TCP] TX bytes=108 raw=aa55001abdfe0000000000000000001458004e5354520405060708090a0b0c0d0e0f101112131415161718191a1b1c1d1e1f20212223242526272829...
[TCP] RX serial=1C dst=BD code=00 reg=0x00000006 len=1 raw=55aa001cfebd0000000000000600000001003357
[TCP] TX bytes=21 raw=aa55001cbdfe000000000000060000000100013457
[TCP] RX serial=A3 dst=BE code=00 reg=0x00000002 len=2 raw=55aa00a3febe000000000000020000000200b857
[TCP] TX bytes=22 raw=aa5500a3befe00000000000002000000020066062458
[TCP] RX serial=6B dst=BE code=00 reg=0x00000016 len=8 raw=55aa006bfebe0000000000001600000008009a57
[TCP] TX bytes=28 raw=aa55006bbefe0000000000001600000008004d363630be0100004259
[TCP] RX serial=C4 dst=BE code=00 reg=0x14000000 len=88 raw=55aa00c4febe0000000000000000001458004158
[TCP] TX bytes=108 raw=aa5500c4befe0000000000000000001458004e5354520405060708090a0b0c0d0e0f101112131415161718191a1b1c1d1e1f20212223242526272829...
[TCP] RX serial=DE dst=BE code=00 reg=0x00000006 len=1 raw=55aa00defebe000000000000060000000100f657
[TCP] TX bytes=21 raw=aa5500debefe00000000000006000000010001f757
[TCP] RX serial=15 dst=BF code=00 reg=0x00000002 len=2 raw=55aa0015febf0000000000000200000002002b57
[TCP] TX bytes=22 raw=aa550015bffe00000000000002000000020066069757
[TCP] RX serial=AF dst=BF code=00 reg=0x00000016 len=8 raw=55aa00affebf000000000000160000000800df57
[TCP] TX bytes=28 raw=aa5500afbffe0000000000001600000008004d363630bf0100008859
[TCP] RX serial=4C dst=BF code=00 reg=0x14000000 len=88 raw=55aa004cfebf000000000000000000145800ca57
[TCP] TX bytes=108 raw=aa55004cbffe0000000000000000001458004e5354520405060708090a0b0c0d0e0f101112131415161718191a1b1c1d1e1f20212223242526272829...
[TCP] RX serial=6E dst=BF code=00 reg=0x00000006 len=1 raw=55aa006efebf0000000000000600000001008757
[TCP] TX bytes=21 raw=aa55006ebffe000000000000060000000100018857
[TCP] RX serial=57 dst=C0 code=00 reg=0x00000002 len=2 raw=55aa0057fec00000000000000200000002006e57
[TCP] TX bytes=22 raw=aa550057c0fe0000000000000200000002006606da57
[TCP] RX serial=B7 dst=C0 code=00 reg=0x00000016 len=8 raw=55aa00b7fec0000000000000160000000800e857
[TCP] TX bytes=28 raw=aa5500b7c0fe0000000000001600000008004d363630c00100009259
[TCP] RX serial=84 dst=C0 code=00 reg=0x14000000 len=88 raw=55aa0084fec00000000000000000001458000358
[TCP] TX bytes=108 raw=aa550084c0fe0000000000000000001458004e5354520405060708090a0b0c0d0e0f101112131415161718191a1b1c1d1e1f20212223242526272829...
[TCP] RX serial=2F dst=C0 code=00 reg=0x00000006 len=1 raw=55aa002ffec00000000000000600000001004957
[TCP] TX bytes=21 raw=aa55002fc0fe000000000000060000000100014a57
[TCP] RX serial=CA dst=C1 code=00 reg=0x00000002 len=2 raw=55aa00cafec1000000000000020000000200e257
[TCP] TX bytes=22 raw=aa5500cac1fe00000000000002000000020066064e58
[TCP] RX serial=B0 dst=C1 code=00 reg=0x00000016 len=8 raw=55aa00b0fec1000000000000160000000800e257
[TCP] TX bytes=28 raw=aa5500b0c1fe0000000000001600000008004d363630c10100008d59
[TCP] RX serial=20 dst=C1 code=00 reg=0x14000000 len=88 raw=55aa0020fec1000000000000000000145800a057
[TCP] TX bytes=108 raw=aa550020c1fe0000000000000000001458004e5354520405060708090a0b0c0d0e0f101112131415161718191a1b1c1d1e1f20212223242526272829...
[TCP] RX serial=E7 dst=C1 code=00 reg=0x00000006 len=1 raw=55aa00e7fec10000000000000600000001000258
[TCP] TX bytes=21 raw=aa5500e7c1fe000000000000060000000100010358
[TCP] RX serial=97 dst=C2 code=00 reg=0x00000002 len=2 raw=55aa0097fec2000000000000020000000200b057
[TCP] TX bytes=22 raw=aa550097c2fe00000000000002000000020066061c58
[TCP] RX serial=37 dst=C2 code=00 reg=0x00000016 len=8 raw=55aa0037fec20000000000001600000008006a57
[TCP] TX bytes=28 raw=aa550037c2fe0000000000001600000008004d363630c20100001659
[TCP] RX serial=2A dst=C2 code=00 reg=0x14000000 len=88 raw=55aa002afec2000000000000000000145800ab57
[TCP] TX bytes=108 raw=aa55002ac2fe0000000000000000001458004e5354520405060708090a0b0c0d0e0f101112131415161718191a1b1c1d1e1f20212223242526272829...
[TCP] RX serial=6D dst=C2 code=00 reg=0x00000006 len=1 raw=55aa006dfec20000000000000600000001008957
[TCP] TX bytes=21 raw=aa55006dc2fe000000000000060000000100018a57
[TCP] RX serial=12 dst=C3 code=00 reg=0x00000002 len=2 raw=55aa0012fec30000000000000200000002002c57
[TCP] TX bytes=22 raw=aa550012c3fe00000000000002000000020066069857
[TCP] RX serial=BF dst=C3 code=00 reg=0x00000016 len=8 raw=55aa00bffec3000000000000160000000800f357
[TCP] TX bytes=28 raw=aa5500bfc3fe0000000000001600000008004d363630c3010000a059
[TCP] RX serial=C2 dst=C3 code=00 reg=0x14000000 len=88 raw=55aa00c2fec30000000000000000001458004458
[TCP] TX bytes=108 raw=aa5500c2c3fe0000000000000000001458004e5354520405060708090a0b0c0d0e0f101112131415161718191a1b1c1d1e1f20212223242526272829...
[TCP] RX serial=BA dst=C3 code=00 reg=0x00000006 len=1 raw=55aa00bafec3000000000000060000000100d757
[TCP] TX bytes=21 raw=aa5500bac3fe00000000000006000000010001d857
[TCP] RX serial=60 dst=C4 code=00 reg=0x00000002 len=2 raw=55aa0060fec40000000000000200000002007b57
[TCP] TX bytes=22 raw=aa550060c4fe0000000000000200000002006606e757
[TCP] RX serial=78 dst=C4 code=00 reg=0x00000016 len=8 raw=55aa0078fec4000000000000160000000800ad57
[TCP] TX bytes=28 raw=aa550078c4fe0000000000001600000008004d363630c40100005b59
[TCP] RX serial=FC dst=C4 code=00 reg=0x14000000 len=88 raw=55aa00fcfec40000000000000000001458007f58
[TCP] TX bytes=108 raw=aa5500fcc4fe0000000000000000001458004e5354520405060708090a0b0c0d0e0f101112131415161718191a1b1c1d1e1f20212223242526272829...
[TCP] RX serial=3C dst=C4 code=00 reg=0x00000006 len=1 raw=55aa003cfec40000000000000600000001005a57
[TCP] TX bytes=21 raw=aa55003cc4fe000000000000060000000100015b57
[TCP] RX serial=17 dst=C5 code=00 reg=0x00000002 len=2 raw=55aa0017fec50000000000000200000002003357
[TCP] TX bytes=22 raw=aa550017c5fe00000000000002000000020066069f57
[TCP] RX serial=34 dst=C5 code=00 reg=0x00000016 len=8 raw=55aa0034fec50000000000001600000008006a57
[TCP] TX bytes=28 raw=aa550034c5fe0000000000001600000008004d363630c50100001959
[TCP] RX serial=36 dst=C5 code=00 reg=0x14000000 len=88 raw=55aa0036fec5000000000000000000145800ba57
[TCP] TX bytes=108 raw=aa550036c5fe0000000000000000001458004e5354520405060708090a0b0c0d0e0f101112131415161718191a1b1c1d1e1f20212223242526272829...
[TCP] RX serial=3F dst=C5 code=00 reg=0x00000006 len=1 raw=55aa003ffec50000000000000600000001005e57
[TCP] TX bytes=21 raw=aa55003fc5fe000000000000060000000100015f57
[TCP] RX serial=6B dst=C6 code=00 reg=0x00000002 len=2 raw=55aa006bfec60000000000000200000002008857
[TCP] TX bytes=22 raw=aa55006bc6fe0000000000000200000002006606f457
[TCP] RX serial=6C dst=C6 code=00 reg=0x00000016 len=8 raw=55aa006cfec6000000000000160000000800a357
[TCP] TX bytes=28 raw=aa55006cc6fe0000000000001600000008004d363630c60100005359
[TCP] RX serial=E3 dst=C6 code=00 reg=0x14000000 len=88 raw=55aa00e3fec60000000000000000001458006858
[TCP] TX bytes=108 raw=aa5500e3c6fe0000000000000000001458004e5354520405060708090a0b0c0d0e0f101112131415161718191a1b1c1d1e1f20212223242526272829...
[TCP] RX serial=87 dst=C6 code=00 reg=0x00000006 len=1 raw=55aa0087fec6000000000000060000000100a757
[TCP] TX bytes=21 raw=aa550087c6fe00000000000006000000010001a857
[TCP] RX serial=DA dst=C7 code=00 reg=0x00000002 len=2 raw=55aa00dafec7000000000000020000000200f857
[TCP] TX bytes=22 raw=aa5500dac7fe00000000000002000000020066066458
[TCP] RX serial=6B dst=C7 code=00 reg=0x00000016 len=8 raw=55aa006bfec7000000000000160000000800a357
[TCP] TX bytes=28 raw=aa55006bc7fe0000000000001600000008004d363630c70100005459
[TCP] RX serial=92 dst=C7 code=00 reg=0x14000000 len=88 raw=55aa0092fec70000000000000000001458001858
[TCP] TX bytes=108 raw=aa550092c7fe0000000000000000001458004e5354520405060708090a0b0c0d0e0f101112131415161718191a1b1c1d1e1f20212223242526272829...
[TCP] RX serial=F3 dst=C7 code=00 reg=0x00000006 len=1 raw=55aa00f3fec70000000000000600000001001458
[TCP] TX bytes=21 raw=aa5500f3c7fe000000000000060000000100011558
[TCP] RX serial=DD dst=C8 code=00 reg=0x00000002 len=2 raw=55aa00ddfec8000000000000020000000200fc57
[TCP] TX bytes=22 raw=aa5500ddc8fe00000000000002000000020066066858
[TCP] RX serial=90 dst=C8 code=00 reg=0x00000016 len=8 raw=55aa0090fec8000000000000160000000800c957
[TCP] TX bytes=28 raw=aa550090c8fe0000000000001600000008004d363630c80100007b59
[TCP] RX serial=B7 dst=C8 code=00 reg=0x14000000 len=88 raw=55aa00b7fec80000000000000000001458003e58
[TCP] TX bytes=108 raw=aa5500b7c8fe0000000000000000001458004e5354520405060708090a0b0c0d0e0f101112131415161718191a1b1c1d1e1f20212223242526272829...
[TCP] RX serial=EE dst=C8 code=00 reg=0x00000006 len=1 raw=55aa00eefec80000000000000600000001001058
[TCP] TX bytes=21 raw=aa5500eec8fe000000000000060000000100011158
[TCP] RX serial=DC dst=C9 code=00 reg=0x00000002 len=2 raw=55aa00dcfec9000000000000020000000200fc57
[TCP] TX bytes=22 raw=aa5500dcc9fe00000000000002000000020066066858
[TCP] RX serial=26 dst=C9 code=00 reg=0x00000016 len=8 raw=55aa0026fec90000000000001600000008006057
[TCP] TX bytes=28 raw=aa550026c9fe0000000000001600000008004d363630c90100001359
[TCP] RX serial=D2 dst=C9 code=00 reg=0x14000000 len=88 raw=55aa00d2fec90000000000000000001458005a58
[TCP] TX bytes=108 raw=aa5500d2c9fe0000000000000000001458004e5354520405060708090a0b0c0d0e0f101112131415161718191a1b1c1d1e1f20212223242526272829...
[TCP] RX serial=4B dst=C9 code=00 reg=0x00000006 len=1 raw=55aa004bfec90000000000000600000001006e57
[TCP] TX bytes=21 raw=aa55004bc9fe000000000000060000000100016f57
[TCP] RX serial=01 dst=CA code=00 reg=0x00000002 len=2 raw=55aa0001feca0000000000000200000002002257
[TCP] TX bytes=22 raw=aa550001cafe00000000000002000000020066068e57
[TCP] RX serial=CE dst=CA code=00 reg=0x00000016 len=8 raw=55aa00cefeca0000000000001600000008000958
[TCP] TX bytes=28 raw=aa5500cecafe0000000000001600000008004d363630ca010000bd59
[TCP] RX serial=08 dst=CA code=00 reg=0x14000000 len=88 raw=55aa0008feca0000000000000000001458009157
[TCP] TX bytes=108 raw=aa550008cafe0000000000000000001458004e5354520405060708090a0b0c0d0e0f101112131415161718191a1b1c1d1e1f20212223242526272829...
[TCP] RX serial=2B dst=CA code=00 reg=0x00000006 len=1 raw=55aa002bfeca0000000000000600000001004f57
[TCP] TX bytes=21 raw=aa55002bcafe000000000000060000000100015057
[TCP] RX serial=0F dst=CB code=00 reg=0x00000002 len=2 raw=55aa000ffecb0000000000000200000002003157
[TCP] TX bytes=22 raw=aa55000fcbfe00000000000002000000020066069d57
[TCP] RX serial=AC dst=CB code=00 reg=0x00000016 len=8 raw=55aa00acfecb000000000000160000000800e857
[TCP] TX bytes=28 raw=aa5500accbfe0000000000001600000008004d363630cb0100009d59
[TCP] RX serial=09 dst=CB code=00 reg=0x14000000 len=88 raw=55aa0009fecb0000000000000000001458009357
[TCP] TX bytes=108 raw=aa550009cbfe0000000000000000001458004e5354520405060708090a0b0c0d0e0f101112131415161718191a1b1c1d1e1f20212223242526272829...
[TCP] RX serial=E2 dst=CB code=00 reg=0x00000006 len=1 raw=55aa00e2fecb0000000000000600000001000758
[TCP] TX bytes=21 raw=aa5500e2cbfe000000000000060000000100010858
[TCP] RX serial=A8 dst=CC code=00 reg=0x00000002 len=2 raw=55aa00a8fecc000000000000020000000200cb57
[TCP] TX bytes=22 raw=aa5500a8ccfe00000000000002000000020066063758
[TCP] RX serial=09 dst=CC code=00 reg=0x00000016 len=8 raw=55aa0009fecc0000000000001600000008004657
[TCP] TX bytes=28 raw=aa550009ccfe0000000000001600000008004d363630cc010000fc58
[TCP] RX serial=7D dst=CC code=00 reg=0x14000000 len=88 raw=55aa007dfecc0000000000000000001458000858
[TCP] TX bytes=108 raw=aa55007dccfe0000000000000000001458004e5354520405060708090a0b0c0d0e0f101112131415161718191a1b1c1d1e1f20212223242526272829...
[TCP] RX serial=9B dst=CC code=00 reg=0x00000006 len=1 raw=55aa009bfecc000000000000060000000100c157
[TCP] TX bytes=21 raw=aa55009bccfe00000000000006000000010001c257
[TCP] RX serial=B2 dst=CD code=00 reg=0x00000002 len=2 raw=55aa00b2fecd000000000000020000000200d657
[TCP] TX bytes=22 raw=aa5500b2cdfe00000000000002000000020066064258
[TCP] RX serial=10 dst=CD code=00 reg=0x00000016 len=8 raw=55aa0010fecd0000000000001600000008004e57
[TCP] TX bytes=28 raw=aa550010cdfe0000000000001600000008004d363630cd0100000559
[TCP] RX serial=57 dst=CD code=00 reg=0x14000000 len=88 raw=55aa0057fecd000000000000000000145800e357
[TCP] TX bytes=108 raw=aa550057cdfe0000000000000000001458004e5354520405060708090a0b0c0d0e0f101112131415161718191a1b1c1d1e1f20212223242526272829...
[TCP] RX serial=22 dst=CD code=00 reg=0x00000006 len=1 raw=55aa0022fecd0000000000000600000001004957
[TCP] TX bytes=21 raw=aa550022cdfe000000000000060000000100014a57
[TCP] RX serial=80 dst=CE code=00 reg=0x00000002 len=2 raw=55aa0080fece000000000000020000000200a557
[TCP] TX bytes=22 raw=aa550080cefe00000000000002000000020066061158
[TCP] RX serial=45 dst=CE code=00 reg=0x00000016 len=8 raw=55aa0045fece0000000000001600000008008457
[TCP] TX bytes=28 raw=aa550045cefe0000000000001600000008004d363630ce0100003c59
[TCP] RX serial=C2 dst=CE code=00 reg=0x14000000 len=88 raw=55aa00c2fece0000000000000000001458004f58
[TCP] TX bytes=108 raw=aa5500c2cefe0000000000000000001458004e5354520405060708090a0b0c0d0e0f101112131415161718191a1b1c1d1e1f20212223242526272829...
[TCP] RX serial=5D dst=CE code=00 reg=0x00000006 len=1 raw=55aa005dfece0000000000000600000001008557
[TCP] TX bytes=21 raw=aa55005dcefe000000000000060000000100018657
[TCP] RX serial=CC dst=CF code=00 reg=0x00000002 len=2 raw=55aa00ccfecf000000000000020000000200f257
[TCP] TX bytes=22 raw=aa5500cccffe00000000000002000000020066065e58
[TCP] RX serial=97 dst=CF code=00 reg=0x00000016 len=8 raw=55aa0097fecf000000000000160000000800d757
[TCP] TX bytes=28 raw=aa550097cffe0000000000001600000008004d363630cf0100009059
[TCP] RX serial=0C dst=CF code=00 reg=0x14000000 len=88 raw=55aa000cfecf0000000000000000001458009a57
[TCP] TX bytes=108 raw=aa55000ccffe0000000000000000001458004e5354520405060708090a0b0c0d0e0f101112131415161718191a1b1c1d1e1f20212223242526272829...
[TCP] RX serial=2C dst=CF code=00 reg=0x00000006 len=1 raw=55aa002cfecf0000000000000600000001005557
[TCP] TX bytes=21 raw=aa55002ccffe000000000000060000000100015657
[TCP] RX serial=A3 dst=D0 code=00 reg=0x00000002 len=2 raw=55aa00a3fed0000000000000020000000200ca57
[TCP] TX bytes=22 raw=aa5500a3d0fe00000000000002000000020066063658
[TCP] RX serial=36 dst=D0 code=00 reg=0x00000016 len=8 raw=55aa0036fed00000000000001600000008007757
[TCP] TX bytes=28 raw=aa550036d0fe0000000000001600000008004d363630d00100003159
[TCP] RX serial=8E dst=D0 code=00 reg=0x14000000 len=88 raw=55aa008efed00000000000000000001458001d58
[TCP] TX bytes=108 raw=aa55008ed0fe0000000000000000001458004e5354520405060708090a0b0c0d0e0f101112131415161718191a1b1c1d1e1f20212223242526272829...
[TCP] RX serial=80 dst=D0 code=00 reg=0x00000006 len=1 raw=55aa0080fed0000000000000060000000100aa57
[TCP] TX bytes=21 raw=aa550080d0fe00000000000006000000010001ab57
[TCP] RX serial=07 dst=D1 code=00 reg=0x00000002 len=2 raw=55aa0007fed10000000000000200000002002f57
[TCP] TX bytes=22 raw=aa550007d1fe00000000000002000000020066069b57
[TCP] RX serial=D2 dst=D1 code=00 reg=0x00000016 len=8 raw=55aa00d2fed10000000000001600000008001458
[TCP] TX bytes=28 raw=aa5500d2d1fe0000000000001600000008004d363630d1010000cf59
[TCP] RX serial=DD dst=D1 code=00 reg=0x14000000 len=88 raw=55aa00ddfed10000000000000000001458006d58
[TCP] TX bytes=108 raw=aa5500ddd1fe0000000000000000001458004e5354520405060708090a0b0c0d0e0f101112131415161718191a1b1c1d1e1f20212223242526272829...
[TCP] RX serial=39 dst=D1 code=00 reg=0x00000006 len=1 raw=55aa0039fed10000000000000600000001006457
[TCP] TX bytes=21 raw=aa550039d1fe000000000000060000000100016557
[TCP] RX serial=A4 dst=D2 code=00 reg=0x00000002 len=2 raw=55aa00a4fed2000000000000020000000200cd57
[TCP] TX bytes=22 raw=aa5500a4d2fe00000000000002000000020066063958
[TCP] RX serial=B0 dst=D2 code=00 reg=0x00000016 len=8 raw=55aa00b0fed2000000000000160000000800f357
[TCP] TX bytes=28 raw=aa5500b0d2fe0000000000001600000008004d363630d2010000af59
[TCP] RX serial=3A dst=D2 code=00 reg=0x14000000 len=88 raw=55aa003afed2000000000000000000145800cb57
[TCP] TX bytes=108 raw=aa55003ad2fe0000000000000000001458004e5354520405060708090a0b0c0d0e0f101112131415161718191a1b1c1d1e1f20212223242526272829...
[TCP] RX serial=48 dst=D2 code=00 reg=0x00000006 len=1 raw=55aa0048fed20000000000000600000001007457
[TCP] TX bytes=21 raw=aa550048d2fe000000000000060000000100017557
[TCP] RX serial=2C dst=D3 code=00 reg=0x00000002 len=2 raw=55aa002cfed30000000000000200000002005657
[TCP] TX bytes=22 raw=aa55002cd3fe0000000000000200000002006606c257
[TCP] RX serial=0B dst=D3 code=00 reg=0x00000016 len=8 raw=55aa000bfed30000000000001600000008004f57
[TCP] TX bytes=28 raw=aa55000bd3fe0000000000001600000008004d363630d30100000c59
[TCP] RX serial=2F dst=D3 code=00 reg=0x14000000 len=88 raw=55aa002ffed3000000000000000000145800c157
[TCP] TX bytes=108 raw=aa55002fd3fe0000000000000000001458004e5354520405060708090a0b0c0d0e0f101112131415161718191a1b1c1d1e1f20212223242526272829...
[TCP] RX serial=BE dst=D3 code=00 reg=0x00000006 len=1 raw=55aa00befed3000000000000060000000100eb57
[TCP] TX bytes=21 raw=aa5500bed3fe00000000000006000000010001ec57
[TCP] RX serial=62 dst=D4 code=00 reg=0x00000002 len=2 raw=55aa0062fed40000000000000200000002008d57
[TCP] TX bytes=22 raw=aa550062d4fe0000000000000200000002006606f957
[TCP] RX serial=01 dst=D4 code=00 reg=0x00000016 len=8 raw=55aa0001fed40000000000001600000008004657
[TCP] TX bytes=28 raw=aa550001d4fe0000000000001600000008004d363630d40100000459
[TCP] RX serial=DE dst=D4 code=00 reg=0x14000000 len=88 raw=55aa00defed40000000000000000001458007158
[TCP] TX bytes=108 raw=aa5500ded4fe0000000000000000001458004e5354520405060708090a0b0c0d0e0f101112131415161718191a1b1c1d1e1f20212223242526272829...
[TCP] RX serial=D1 dst=D4 code=00 reg=0x00000006 len=1 raw=55aa00d1fed4000000000000060000000100ff57
[TCP] TX bytes=21 raw=aa5500d1d4fe000000000000060000000100010058
[TCP] RX serial=EC dst=D5 code=00 reg=0x00000002 len=2 raw=55aa00ecfed50000000000000200000002001858
[TCP] TX bytes=22 raw=aa5500ecd5fe00000000000002000000020066068458
[TCP] RX serial=F5 dst=D5 code=00 reg=0x00000016 len=8 raw=55aa00f5fed50000000000001600000008003b58
[TCP] TX bytes=28 raw=aa5500f5d5fe0000000000001600000008004d363630d5010000fa59
[TCP] RX serial=41 dst=D5 code=00 reg=0x14000000 len=88 raw=55aa0041fed5000000000000000000145800d557
[TCP] TX bytes=108 raw=aa550041d5fe0000000000000000001458004e5354520405060708090a0b0c0d0e0f101112131415161718191a1b1c1d1e1f20212223242526272829...
[TCP] RX serial=CD dst=D5 code=00 reg=0x00000006 len=1 raw=55aa00cdfed5000000000000060000000100fc57
[TCP] TX bytes=21 raw=aa5500cdd5fe00000000000006000000010001fd57
[TCP] RX serial=39 dst=D6 code=00 reg=0x00000002 len=2 raw=55aa0039fed60000000000000200000002006657
[TCP] TX bytes=22 raw=aa550039d6fe0000000000000200000002006606d257
[TCP] RX serial=95 dst=D6 code=00 reg=0x00000016 len=8 raw=55aa0095fed6000000000000160000000800dc57
[TCP] TX bytes=28 raw=aa550095d6fe0000000000001600000008004d363630d60100009c59
[TCP] RX serial=6D dst=D6 code=00 reg=0x14000000 len=88 raw=55aa006dfed60000000000000000001458000258
[TCP] TX bytes=108 raw=aa55006dd6fe0000000000000000001458004e5354520405060708090a0b0c0d0e0f101112131415161718191a1b1c1d1e1f20212223242526272829...
[TCP] RX serial=96 dst=D6 code=00 reg=0x00000006 len=1 raw=55aa0096fed6000000000000060000000100c657
[TCP] TX bytes=21 raw=aa550096d6fe00000000000006000000010001c757
[TCP] RX serial=63 dst=D7 code=00 reg=0x00000002 len=2 raw=55aa0063fed70000000000000200000002009157
[TCP] TX bytes=22 raw=aa550063d7fe0000000000000200000002006606fd57
[TCP] RX serial=75 dst=D7 code=00 reg=0x00000016 len=8 raw=55aa0075fed7000000000000160000000800bd57
[TCP] TX bytes=28 raw=aa550075d7fe0000000000001600000008004d363630d70100007e59
[TCP] RX serial=7E dst=D7 code=00 reg=0x14000000 len=88 raw=55aa007efed70000000000000000001458001458
[TCP] TX bytes=108 raw=aa55007ed7fe0000000000000000001458004e5354520405060708090a0b0c0d0e0f101112131415161718191a1b1c1d1e1f20212223242526272829...
[TCP] RX serial=69 dst=D7 code=00 reg=0x00000006 len=1 raw=55aa0069fed70000000000000600000001009a57
[TCP] TX bytes=21 raw=aa550069d7fe000000000000060000000100019b57
[TCP] RX serial=C1 dst=D8 code=00 reg=0x00000002 len=2 raw=55aa00c1fed8000000000000020000000200f057
[TCP] TX bytes=22 raw=aa5500c1d8fe00000000000002000000020066065c58
[TCP] RX serial=DA dst=D8 code=00 reg=0x00000016 len=8 raw=55aa00dafed80000000000001600000008002358
[TCP] TX bytes=28 raw=aa5500dad8fe0000000000001600000008004d363630d8010000e559
[TCP] RX serial=86 dst=D8 code=00 reg=0x14000000 len=88 raw=55aa0086fed80000000000000000001458001d58
[TCP] TX bytes=108 raw=aa550086d8fe0000000000000000001458004e5354520405060708090a0b0c0d0e0f101112131415161718191a1b1c1d1e1f20212223242526272829...
[TCP] RX serial=D8 dst=D8 code=00 reg=0x00000006 len=1 raw=55aa00d8fed80000000000000600000001000a58
[TCP] TX bytes=21 raw=aa5500d8d8fe000000000000060000000100010b58
[TCP] RX serial=1E dst=D9 code=00 reg=0x00000002 len=2 raw=55aa001efed90000000000000200000002004e57
[TCP] TX bytes=22 raw=aa55001ed9fe0000000000000200000002006606ba57
[TCP] RX serial=87 dst=D9 code=00 reg=0x00000016 len=8 raw=55aa0087fed9000000000000160000000800d157
[TCP] TX bytes=28 raw=aa550087d9fe0000000000001600000008004d363630d90100009459
[TCP] RX serial=DB dst=D9 code=00 reg=0x14000000 len=88 raw=55aa00dbfed90000000000000000001458007358
[TCP] TX bytes=108 raw=aa5500dbd9fe0000000000000000001458004e5354520405060708090a0b0c0d0e0f101112131415161718191a1b1c1d1e1f20212223242526272829...
[TCP] RX serial=D5 dst=D9 code=00 reg=0x00000006 len=1 raw=55aa00d5fed90000000000000600000001000858
[TCP] TX bytes=21 raw=aa5500d5d9fe000000000000060000000100010958
[TCP] RX serial=2A dst=DA code=00 reg=0x00000002 len=2 raw=55aa002afeda0000000000000200000002005b57
[TCP] TX bytes=22 raw=aa55002adafe0000000000000200000002006606c757
[TCP] RX serial=43 dst=DA code=00 reg=0x00000016 len=8 raw=55aa0043feda0000000000001600000008008e57
[TCP] TX bytes=28 raw=aa550043dafe0000000000001600000008004d363630da0100005259
[TCP] RX serial=F6 dst=DA code=00 reg=0x14000000 len=88 raw=55aa00f6feda0000000000000000001458008f58
[TCP] TX bytes=108 raw=aa5500f6dafe0000000000000000001458004e5354520405060708090a0b0c0d0e0f101112131415161718191a1b1c1d1e1f20212223242526272829...
[TCP] RX serial=01 dst=DA code=00 reg=0x00000006 len=1 raw=55aa0001feda0000000000000600000001003557
[TCP] TX bytes=21 raw=aa550001dafe000000000000060000000100013657
[TCP] RX serial=D4 dst=DB code=00 reg=0x00000002 len=2 raw=55aa00d4fedb0000000000000200000002000658
[TCP] TX bytes=22 raw=aa5500d4dbfe00000000000002000000020066067258
[TCP] RX serial=0E dst=DB code=00 reg=0x00000016 len=8 raw=55aa000efedb0000000000001600000008005a57
[TCP] TX bytes=28 raw=aa55000edbfe0000000000001600000008004d363630db0100001f59
[TCP] RX serial=F4 dst=DB code=00 reg=0x14000000 len=88 raw=55aa00f4fedb0000000000000000001458008e58
[TCP] TX bytes=108 raw=aa5500f4dbfe0000000000000000001458004e5354520405060708090a0b0c0d0e0f101112131415161718191a1b1c1d1e1f20212223242526272829...
[TCP] RX serial=75 dst=DB code=00 reg=0x00000006 len=1 raw=55aa0075fedb000000000000060000000100aa57
[TCP] TX bytes=21 raw=aa550075dbfe00000000000006000000010001ab57
[TCP] RX serial=15 dst=DC code=00 reg=0x00000002 len=2 raw=55aa0015fedc0000000000000200000002004857
[TCP] TX bytes=22 raw=aa550015dcfe0000000000000200000002006606b457
[TCP] RX serial=04 dst=DC code=00 reg=0x00000016 len=8 raw=55aa0004fedc0000000000001600000008005157
[TCP] TX bytes=28 raw=aa550004dcfe0000000000001600000008004d363630dc0100001759
[TCP] RX serial=F9 dst=DC code=00 reg=0x14000000 len=88 raw=55aa00f9fedc0000000000000000001458009458
[TCP] TX bytes=108 raw=aa5500f9dcfe0000000000000000001458004e5354520405060708090a0b0c0d0e0f101112131415161718191a1b1c1d1e1f20212223242526272829...
[TCP] RX serial=CB dst=DC code=00 reg=0x00000006 len=1 raw=55aa00cbfedc0000000000000600000001000158
[TCP] TX bytes=21 raw=aa5500cbdcfe000000000000060000000100010258
[TCP] RX serial=B7 dst=DD code=00 reg=0x00000002 len=2 raw=55aa00b7fedd000000000000020000000200eb57
[TCP] TX bytes=22 raw=aa5500b7ddfe00000000000002000000020066065758
[TCP] RX serial=3A dst=DD code=00 reg=0x00000016 len=8 raw=55aa003afedd0000000000001600000008008857
[TCP] TX bytes=28 raw=aa55003addfe0000000000001600000008004d363630dd0100004f59
[TCP] RX serial=3E dst=DD code=00 reg=0x14000000 len=88 raw=55aa003efedd000000000000000000145800da57
[TCP] TX bytes=108 raw=aa55003eddfe0000000000000000001458004e5354520405060708090a0b0c0d0e0f101112131415161718191a1b1c1d1e1f20212223242526272829...
[TCP] RX serial=AC dst=DD code=00 reg=0x00000006 len=1 raw=55aa00acfedd000000000000060000000100e357
[TCP] TX bytes=21 raw=aa5500acddfe00000000000006000000010001e457
[TCP] RX serial=F4 dst=DE code=00 reg=0x00000002 len=2 raw=55aa00f4fede0000000000000200000002002958
[TCP] TX bytes=22 raw=aa5500f4defe00000000000002000000020066069558
[TCP] RX serial=BF dst=DE code=00 reg=0x00000016 len=8 raw=55aa00bffede0000000000001600000008000e58
[TCP] TX bytes=28 raw=aa5500bfdefe0000000000001600000008004d363630de010000d659
[TCP] RX serial=47 dst=DE code=00 reg=0x14000000 len=88 raw=55aa0047fede000000000000000000145800e457
[TCP] TX bytes=108 raw=aa550047defe0000000000000000001458004e5354520405060708090a0b0c0d0e0f101112131415161718191a1b1c1d1e1f20212223242526272829...
[TCP] RX serial=71 dst=DE code=00 reg=0x00000006 len=1 raw=55aa0071fede000000000000060000000100a957
[TCP] TX bytes=21 raw=aa550071defe00000000000006000000010001aa57
[TCP] RX serial=64 dst=DF code=00 reg=0x00000002 len=2 raw=55aa0064fedf0000000000000200000002009a57
[TCP] TX bytes=22 raw=aa550064dffe00000000000002000000020066060658
[TCP] RX serial=46 dst=DF code=00 reg=0x00000016 len=8 raw=55aa0046fedf0000000000001600000008009657
[TCP] TX bytes=28 raw=aa550046dffe0000000000001600000008004d363630df0100005f59
[TCP] RX serial=D5 dst=DF code=00 reg=0x14000000 len=88 raw=55aa00d5fedf0000000000000000001458007358
[TCP] TX bytes=108 raw=aa5500d5dffe0000000000000000001458004e5354520405060708090a0b0c0d0e0f101112131415161718191a1b1c1d1e1f20212223242526272829...
[TCP] RX serial=2F dst=DF code=00 reg=0x00000006 len=1 raw=55aa002ffedf0000000000000600000001006857
[TCP] TX bytes=21 raw=aa55002fdffe000000000000060000000100016957
[TCP] RX serial=32 dst=E0 code=00 reg=0x00000002 len=2 raw=55aa0032fee00000000000000200000002006957
[TCP] TX bytes=22 raw=aa550032e0fe0000000000000200000002006606d557
[TCP] RX serial=D0 dst=E0 code=00 reg=0x00000016 len=8 raw=55aa00d0fee00000000000001600000008002158
[TCP] TX bytes=28 raw=aa5500d0e0fe0000000000001600000008004d363630e0010000eb59
[TCP] RX serial=86 dst=E0 code=00 reg=0x14000000 len=88 raw=55aa0086fee00000000000000000001458002558
[TCP] TX bytes=108 raw=aa550086e0fe0000000000000000001458004e5354520405060708090a0b0c0d0e0f101112131415161718191a1b1c1d1e1f20212223242526272829...
[TCP] RX serial=51 dst=E0 code=00 reg=0x00000006 len=1 raw=55aa0051fee00000000000000600000001008b57
[TCP] TX bytes=21 raw=aa550051e0fe000000000000060000000100018c57
[TCP] RX serial=83 dst=E1 code=00 reg=0x00000002 len=2 raw=55aa0083fee1000000000000020000000200bb57
[TCP] TX bytes=22 raw=aa550083e1fe00000000000002000000020066062758
[TCP] RX serial=55 dst=E1 code=00 reg=0x00000016 len=8 raw=55aa0055fee1000000000000160000000800a757
[TCP] TX bytes=28 raw=aa550055e1fe0000000000001600000008004d363630e10100007259
[TCP] RX serial=9F dst=E1 code=00 reg=0x14000000 len=88 raw=55aa009ffee10000000000000000001458003f58
[TCP] TX bytes=108 raw=aa55009fe1fe0000000000000000001458004e5354520405060708090a0b0c0d0e0f101112131415161718191a1b1c1d1e1f20212223242526272829...
[TCP] RX serial=DA dst=E1 code=00 reg=0x00000006 len=1 raw=55aa00dafee10000000000000600000001001558
[TCP] TX bytes=21 raw=aa5500dae1fe000000000000060000000100011658
[TCP] RX serial=24 dst=E2 code=00 reg=0x00000002 len=2 raw=55aa0024fee20000000000000200000002005d57
[TCP] TX bytes=22 raw=aa550024e2fe0000000000000200000002006606c957
[TCP] RX serial=09 dst=E2 code=00 reg=0x00000016 len=8 raw=55aa0009fee20000000000001600000008005c57
[TCP] TX bytes=28 raw=aa550009e2fe0000000000001600000008004d363630e20100002859
[TCP] RX serial=A6 dst=E2 code=00 reg=0x14000000 len=88 raw=55aa00a6fee20000000000000000001458004758
[TCP] TX bytes=108 raw=aa5500a6e2fe0000000000000000001458004e5354520405060708090a0b0c0d0e0f101112131415161718191a1b1c1d1e1f20212223242526272829...
[TCP] RX serial=A9 dst=E2 code=00 reg=0x00000006 len=1 raw=55aa00a9fee2000000000000060000000100e557
[TCP] TX bytes=21 raw=aa5500a9e2fe00000000000006000000010001e657
[TCP] RX serial=FE dst=E3 code=00 reg=0x00000002 len=2 raw=55aa00fefee30000000000000200000002003858
[TCP] TX bytes=22 raw=aa5500fee3fe0000000000000200000002006606a458
[TCP] RX serial=3F dst=E3 code=00 reg=0x00000016 len=8 raw=55aa003ffee30000000000001600000008009357
[TCP] TX bytes=28 raw=aa55003fe3fe0000000000001600000008004d363630e30100006059
[TCP] RX serial=F7 dst=E3 code=00 reg=0x14000000 len=88 raw=55aa00f7fee30000000000000000001458009958
[TCP] TX bytes=108 raw=aa5500f7e3fe0000000000000000001458004e5354520405060708090a0b0c0d0e0f101112131415161718191a1b1c1d1e1f20212223242526272829...
[TCP] RX serial=2A dst=E3 code=00 reg=0x00000006 len=1 raw=55aa002afee30000000000000600000001006757
[TCP] TX bytes=21 raw=aa55002ae3fe000000000000060000000100016857
[TCP] RX serial=9F dst=E4 code=00 reg=0x00000002 len=2 raw=55aa009ffee4000000000000020000000200da57
[TCP] TX bytes=22 raw=aa55009fe4fe00000000000002000000020066064658
[TCP] RX serial=F7 dst=E4 code=00 reg=0x00000016 len=8 raw=55aa00f7fee40000000000001600000008004c58
[TCP] TX bytes=28 raw=aa5500f7e4fe0000000000001600000008004d363630e40100001a5a
[TCP] RX serial=80 dst=E4 code=00 reg=0x14000000 len=88 raw=55aa0080fee40000000000000000001458002358
[TCP] TX bytes=108 raw=aa550080e4fe0000000000000000001458004e5354520405060708090a0b0c0d0e0f101112131415161718191a1b1c1d1e1f20212223242526272829...
[TCP] RX serial=5F dst=E4 code=00 reg=0x00000006 len=1 raw=55aa005ffee40000000000000600000001009d57
[TCP] TX bytes=21 raw=aa55005fe4fe000000000000060000000100019e57
[TCP] RX serial=7A dst=E5 code=00 reg=0x00000002 len=2 raw=55aa007afee5000000000000020000000200b657
[TCP] TX bytes=22 raw=aa55007ae5fe00000000000002000000020066062258
[TCP] RX serial=B2 dst=E5 code=00 reg=0x00000016 len=8 raw=55aa00b2fee50000000000001600000008000858
[TCP] TX bytes=28 raw=aa5500b2e5fe0000000000001600000008004d363630e5010000d759
[TCP] RX serial=B0 dst=E5 code=00 reg=0x14000000 len=88 raw=55aa00b0fee50000000000000000001458005458
[TCP] TX bytes=108 raw=aa5500b0e5fe0000000000000000001458004e5354520405060708090a0b0c0d0e0f101112131415161718191a1b1c1d1e1f20212223242526272829...
[TCP] RX serial=86 dst=E5 code=00 reg=0x00000006 len=1 raw=55aa0086fee5000000000000060000000100c557
[TCP] TX bytes=21 raw=aa550086e5fe00000000000006000000010001c657
[TCP] RX serial=9C dst=E6 code=00 reg=0x00000002 len=2 raw=55aa009cfee6000000000000020000000200d957
[TCP] TX bytes=22 raw=aa55009ce6fe00000000000002000000020066064558
[TCP] RX serial=D9 dst=E6 code=00 reg=0x00000016 len=8 raw=55aa00d9fee60000000000001600000008003058
[TCP] TX bytes=28 raw=aa5500d9e6fe0000000000001600000008004d363630e6010000005a
[TCP] RX serial=E2 dst=E6 code=00 reg=0x14000000 len=88 raw=55aa00e2fee60000000000000000001458008758
[TCP] TX bytes=108 raw=aa5500e2e6fe0000000000000000001458004e5354520405060708090a0b0c0d0e0f101112131415161718191a1b1c1d1e1f20212223242526272829...
[TCP] RX serial=5D dst=E6 code=00 reg=0x00000006 len=1 raw=55aa005dfee60000000000000600000001009d57
[TCP] TX bytes=21 raw=aa55005de6fe000000000000060000000100019e57
[TCP] RX serial=40 dst=E7 code=00 reg=0x00000002 len=2 raw=55aa0040fee70000000000000200000002007e57
[TCP] TX bytes=22 raw=aa550040e7fe0000000000000200000002006606ea57
[TCP] RX serial=6A dst=E7 code=00 reg=0x00000016 len=8 raw=55aa006afee7000000000000160000000800c257
[TCP] TX bytes=28 raw=aa55006ae7fe0000000000001600000008004d363630e70100009359
[TCP] RX serial=70 dst=E7 code=00 reg=0x14000000 len=88 raw=55aa0070fee70000000000000000001458001658
[TCP] TX bytes=108 raw=aa550070e7fe0000000000000000001458004e5354520405060708090a0b0c0d0e0f101112131415161718191a1b1c1d1e1f20212223242526272829...
[TCP] RX serial=E3 dst=E7 code=00 reg=0x00000006 len=1 raw=55aa00e3fee70000000000000600000001002458
[TCP] TX bytes=21 raw=aa5500e3e7fe000000000000060000000100012558
[TCP] RX serial=6C dst=E8 code=00 reg=0x00000002 len=2 raw=55aa006cfee8000000000000020000000200ab57
[TCP] TX bytes=22 raw=aa55006ce8fe00000000000002000000020066061758
[TCP] RX serial=C6 dst=E8 code=00 reg=0x00000016 len=8 raw=55aa00c6fee80000000000001600000008001f58
[TCP] TX bytes=28 raw=aa5500c6e8fe0000000000001600000008004d363630e8010000f159
[TCP] RX serial=CE dst=E8 code=00 reg=0x14000000 len=88 raw=55aa00cefee80000000000000000001458007558
[TCP] TX bytes=108 raw=aa5500cee8fe0000000000000000001458004e5354520405060708090a0b0c0d0e0f101112131415161718191a1b1c1d1e1f20212223242526272829...
[TCP] RX serial=04 dst=E8 code=00 reg=0x00000006 len=1 raw=55aa0004fee80000000000000600000001004657
[TCP] TX bytes=21 raw=aa550004e8fe000000000000060000000100014757
[TCP] RX serial=87 dst=E9 code=00 reg=0x00000002 len=2 raw=55aa0087fee9000000000000020000000200c757
[TCP] TX bytes=22 raw=aa550087e9fe00000000000002000000020066063358
[TCP] RX serial=A3 dst=E9 code=00 reg=0x00000016 len=8 raw=55aa00a3fee9000000000000160000000800fd57
[TCP] TX bytes=28 raw=aa5500a3e9fe0000000000001600000008004d363630e9010000d059
[TCP] RX serial=F1 dst=E9 code=00 reg=0x14000000 len=88 raw=55aa00f1fee90000000000000000001458009958
[TCP] TX bytes=108 raw=aa5500f1e9fe0000000000000000001458004e5354520405060708090a0b0c0d0e0f101112131415161718191a1b1c1d1e1f20212223242526272829...
[TCP] RX serial=BE dst=E9 code=00 reg=0x00000006 len=1 raw=55aa00befee90000000000000600000001000158
[TCP] TX bytes=21 raw=aa5500bee9fe000000000000060000000100010258
[TCP] RX serial=63 dst=EA code=00 reg=0x00000002 len=2 raw=55aa0063feea000000000000020000000200a457
[TCP] TX bytes=22 raw=aa550063eafe00000000000002000000020066061058
[TCP] RX serial=1F dst=EA code=00 reg=0x00000016 len=8 raw=55aa001ffeea0000000000001600000008007a57
[TCP] TX bytes=28 raw=aa55001feafe0000000000001600000008004d363630ea0100004e59
[TCP] RX serial=A6 dst=EA code=00 reg=0x14000000 len=88 raw=55aa00a6feea0000000000000000001458004f58
[TCP] TX bytes=108 raw=aa5500a6eafe0000000000000000001458004e5354520405060708090a0b0c0d0e0f101112131415161718191a1b1c1d1e1f20212223242526272829...
[TCP] RX serial=AE dst=EA code=00 reg=0x00000006 len=1 raw=55aa00aefeea000000000000060000000100f257
[TCP] TX bytes=21 raw=aa5500aeeafe00000000000006000000010001f357
[TCP] RX serial=93 dst=EB code=00 reg=0x00000002 len=2 raw=55aa0093feeb000000000000020000000200d557
[TCP] TX bytes=22 raw=aa550093ebfe00000000000002000000020066064158
[TCP] RX serial=94 dst=EB code=00 reg=0x00000016 len=8 raw=55aa0094feeb000000000000160000000800f057
[TCP] TX bytes=28 raw=aa550094ebfe0000000000001600000008004d363630eb010000c559
[TCP] RX serial=AC dst=EB code=00 reg=0x14000000 len=88 raw=55aa00acfeeb0000000000000000001458005658
[TCP] TX bytes=108 raw=aa5500acebfe0000000000000000001458004e5354520405060708090a0b0c0d0e0f101112131415161718191a1b1c1d1e1f20212223242526272829...
[TCP] RX serial=B4 dst=EB code=00 reg=0x00000006 len=1 raw=55aa00b4feeb000000000000060000000100f957
[TCP] TX bytes=21 raw=aa5500b4ebfe00000000000006000000010001fa57
[TCP] RX serial=C6 dst=EC code=00 reg=0x00000002 len=2 raw=55aa00c6feec0000000000000200000002000958
[TCP] TX bytes=22 raw=aa5500c6ecfe00000000000002000000020066067558
[TCP] RX serial=1C dst=EC code=00 reg=0x00000016 len=8 raw=55aa001cfeec0000000000001600000008007957
[TCP] TX bytes=28 raw=aa55001cecfe0000000000001600000008004d363630ec0100004f59
[TCP] RX serial=D0 dst=EC code=00 reg=0x14000000 len=88 raw=55aa00d0feec0000000000000000001458007b58
[TCP] TX bytes=108 raw=aa5500d0ecfe0000000000000000001458004e5354520405060708090a0b0c0d0e0f101112131415161718191a1b1c1d1e1f20212223242526272829...
[TCP] RX serial=6C dst=EC code=00 reg=0x00000006 len=1 raw=55aa006cfeec000000000000060000000100b257
[TCP] TX bytes=21 raw=aa55006cecfe00000000000006000000010001b357
[TCP] RX serial=C4 dst=ED code=00 reg=0x00000002 len=2 raw=55aa00c4feed0000000000000200000002000858
[TCP] TX bytes=22 raw=aa5500c4edfe00000000000002000000020066067458
[TCP] RX serial=76 dst=ED code=00 reg=0x00000016 len=8 raw=55aa0076feed000000000000160000000800d457
[TCP] TX bytes=28 raw=aa550076edfe0000000000001600000008004d363630ed010000ab59
[TCP] RX serial=B4 dst=ED code=00 reg=0x14000000 len=88 raw=55aa00b4feed0000000000000000001458006058
[TCP] TX bytes=108 raw=aa5500b4edfe0000000000000000001458004e5354520405060708090a0b0c0d0e0f101112131415161718191a1b1c1d1e1f20212223242526272829...
[TCP] RX serial=7E dst=ED code=00 reg=0x00000006 len=1 raw=55aa007efeed000000000000060000000100c557
[TCP] TX bytes=21 raw=aa55007eedfe00000000000006000000010001c657
[TCP] RX serial=1F dst=EE code=00 reg=0x00000002 len=2 raw=55aa001ffeee0000000000000200000002006457
[TCP] TX bytes=22 raw=aa55001feefe0000000000000200000002006606d057
[TCP] RX serial=FE dst=EE code=00 reg=0x00000016 len=8 raw=55aa00fefeee0000000000001600000008005d58
[TCP] TX bytes=28 raw=aa5500feeefe0000000000001600000008004d363630ee010000355a
[TCP] RX serial=B4 dst=EE code=00 reg=0x14000000 len=88 raw=55aa00b4feee0000000000000000001458006158
[TCP] TX bytes=108 raw=aa5500b4eefe0000000000000000001458004e5354520405060708090a0b0c0d0e0f101112131415161718191a1b1c1d1e1f20212223242526272829...
[TCP] RX serial=A9 dst=EE code=00 reg=0x00000006 len=1 raw=55aa00a9feee000000000000060000000100f157
[TCP] TX bytes=21 raw=aa5500a9eefe00000000000006000000010001f257
[TCP] RX serial=72 dst=EF code=00 reg=0x00000002 len=2 raw=55aa0072feef000000000000020000000200b857
[TCP] TX bytes=22 raw=aa550072effe00000000000002000000020066062458
[TCP] RX serial=41 dst=EF code=00 reg=0x00000016 len=8 raw=55aa0041feef000000000000160000000800a157
[TCP] TX bytes=28 raw=aa550041effe0000000000001600000008004d363630ef0100007a59
[TCP] RX serial=9A dst=EF code=00 reg=0x14000000 len=88 raw=55aa009afeef0000000000000000001458004858
[TCP] TX bytes=108 raw=aa55009aeffe0000000000000000001458004e5354520405060708090a0b0c0d0e0f101112131415161718191a1b1c1d1e1f20212223242526272829...
[TCP] RX serial=B9 dst=EF code=00 reg=0x00000006 len=1 raw=55aa00b9feef0000000000000600000001000258
[TCP] TX bytes=21 raw=aa5500b9effe000000000000060000000100010358
[TCP] RX serial=97 dst=F0 code=00 reg=0x00000002 len=2 raw=55aa0097fef0000000000000020000000200de57
[TCP] TX bytes=22 raw=aa550097f0fe00000000000002000000020066064a58
[TCP] RX serial=C2 dst=F0 code=00 reg=0x00000016 len=8 raw=55aa00c2fef00000000000001600000008002358
[TCP] TX bytes=28 raw=aa5500c2f0fe0000000000001600000008004d363630f0010000fd59
[TCP] RX serial=3C dst=F0 code=00 reg=0x14000000 len=88 raw=55aa003cfef0000000000000000000145800eb57
[TCP] TX bytes=108 raw=aa55003cf0fe0000000000000000001458004e5354520405060708090a0b0c0d0e0f101112131415161718191a1b1c1d1e1f20212223242526272829...
[TCP] RX serial=38 dst=F0 code=00 reg=0x00000006 len=1 raw=55aa0038fef00000000000000600000001008257
[TCP] TX bytes=21 raw=aa550038f0fe000000000000060000000100018357
[TCP] RX serial=70 dst=F1 code=00 reg=0x00000002 len=2 raw=55aa0070fef1000000000000020000000200b857
[TCP] TX bytes=22 raw=aa550070f1fe00000000000002000000020066062458
[TCP] RX serial=F3 dst=F1 code=00 reg=0x00000016 len=8 raw=55aa00f3fef10000000000001600000008005558
[TCP] TX bytes=28 raw=aa5500f3f1fe0000000000001600000008004d363630f1010000305a
[TCP] RX serial=A1 dst=F1 code=00 reg=0x14000000 len=88 raw=55aa00a1fef10000000000000000001458005158
[TCP] TX bytes=108 raw=aa5500a1f1fe0000000000000000001458004e5354520405060708090a0b0c0d0e0f101112131415161718191a1b1c1d1e1f20212223242526272829...
[TCP] RX serial=FA dst=F1 code=00 reg=0x00000006 len=1 raw=55aa00fafef10000000000000600000001004558
[TCP] TX bytes=21 raw=aa5500faf1fe000000000000060000000100014658
[TCP] RX serial=06 dst=F2 code=00 reg=0x00000002 len=2 raw=55aa0006fef20000000000000200000002004f57
[TCP] TX bytes=22 raw=aa550006f2fe0000000000000200000002006606bb57
[TCP] RX serial=C0 dst=F2 code=00 reg=0x00000016 len=8 raw=55aa00c0fef20000000000001600000008002358
[TCP] TX bytes=28 raw=aa5500c0f2fe0000000000001600000008004d363630f2010000ff59
[TCP] RX serial=FA dst=F2 code=00 reg=0x14000000 len=88 raw=55aa00fafef2000000000000000000145800ab58
[TCP] TX bytes=108 raw=aa5500faf2fe0000000000000000001458004e5354520405060708090a0b0c0d0e0f101112131415161718191a1b1c1d1e1f20212223242526272829...
[TCP] RX serial=5A dst=F2 code=00 reg=0x00000006 len=1 raw=55aa005afef2000000000000060000000100a657
[TCP] TX bytes=21 raw=aa55005af2fe00000000000006000000010001a757
[TCP] RX serial=0C dst=F3 code=00 reg=0x00000002 len=2 raw=55aa000cfef30000000000000200000002005657
[TCP] TX bytes=22 raw=aa55000cf3fe0000000000000200000002006606c257
[TCP] RX serial=02 dst=F3 code=00 reg=0x00000016 len=8 raw=55aa0002fef30000000000001600000008006657
[TCP] TX bytes=28 raw=aa550002f3fe0000000000001600000008004d363630f30100004359
[TCP] RX serial=F2 dst=F3 code=00 reg=0x14000000 len=88 raw=55aa00f2fef3000000000000000000145800a458
[TCP] TX bytes=108 raw=aa5500f2f3fe0000000000000000001458004e5354520405060708090a0b0c0d0e0f101112131415161718191a1b1c1d1e1f20212223242526272829...
[TCP] RX serial=07 dst=F3 code=00 reg=0x00000006 len=1 raw=55aa0007fef30000000000000600000001005457
[TCP] TX bytes=21 raw=aa550007f3fe000000000000060000000100015557
[TCP] RX serial=2C dst=F4 code=00 reg=0x00000002 len=2 raw=55aa002cfef40000000000000200000002007757
[TCP] TX bytes=22 raw=aa55002cf4fe0000000000000200000002006606e357
[TCP] RX serial=2D dst=F4 code=00 reg=0x00000016 len=8 raw=55aa002dfef40000000000001600000008009257
[TCP] TX bytes=28 raw=aa55002df4fe0000000000001600000008004d363630f40100007059
[TCP] RX serial=96 dst=F4 code=00 reg=0x14000000 len=88 raw=55aa0096fef40000000000000000001458004958
[TCP] TX bytes=108 raw=aa550096f4fe0000000000000000001458004e5354520405060708090a0b0c0d0e0f101112131415161718191a1b1c1d1e1f20212223242526272829...
[TCP] RX serial=23 dst=F4 code=00 reg=0x00000006 len=1 raw=55aa0023fef40000000000000600000001007157
[TCP] TX bytes=21 raw=aa550023f4fe000000000000060000000100017257
[TCP] RX serial=98 dst=F5 code=00 reg=0x00000002 len=2 raw=55aa0098fef5000000000000020000000200e457
[TCP] TX bytes=22 raw=aa550098f5fe00000000000002000000020066065058
[TCP] RX serial=04 dst=F5 code=00 reg=0x00000016 len=8 raw=55aa0004fef50000000000001600000008006a57
[TCP] TX bytes=28 raw=aa550004f5fe0000000000001600000008004d363630f50100004959
[TCP] RX serial=1E dst=F5 code=00 reg=0x14000000 len=88 raw=55aa001efef5000000000000000000145800d257
[TCP] TX bytes=108 raw=aa55001ef5fe0000000000000000001458004e5354520405060708090a0b0c0d0e0f101112131415161718191a1b1c1d1e1f20212223242526272829...
[TCP] RX serial=F5 dst=F5 code=00 reg=0x00000006 len=1 raw=55aa00f5fef50000000000000600000001004458
[TCP] TX bytes=21 raw=aa5500f5f5fe000000000000060000000100014558
[TCP] RX serial=11 dst=F6 code=00 reg=0x00000002 len=2 raw=55aa0011fef60000000000000200000002005e57
[TCP] TX bytes=22 raw=aa550011f6fe0000000000000200000002006606ca57
[TCP] RX serial=4F dst=F6 code=00 reg=0x00000016 len=8 raw=55aa004ffef6000000000000160000000800b657
[TCP] TX bytes=28 raw=aa55004ff6fe0000000000001600000008004d363630f60100009659
[TCP] RX serial=E3 dst=F6 code=00 reg=0x14000000 len=88 raw=55aa00e3fef60000000000000000001458009858
[TCP] TX bytes=108 raw=aa5500e3f6fe0000000000000000001458004e5354520405060708090a0b0c0d0e0f101112131415161718191a1b1c1d1e1f20212223242526272829...
[TCP] RX serial=88 dst=F6 code=00 reg=0x00000006 len=1 raw=55aa0088fef6000000000000060000000100d857
[TCP] TX bytes=21 raw=aa550088f6fe00000000000006000000010001d957
[TCP] RX serial=EE dst=F7 code=00 reg=0x00000002 len=2 raw=55aa00eefef70000000000000200000002003c58
[TCP] TX bytes=22 raw=aa5500eef7fe0000000000000200000002006606a858
[TCP] RX serial=47 dst=F7 code=00 reg=0x00000016 len=8 raw=55aa0047fef7000000000000160000000800af57
[TCP] TX bytes=28 raw=aa550047f7fe0000000000001600000008004d363630f70100009059
[TCP] RX serial=4C dst=F7 code=00 reg=0x14000000 len=88 raw=55aa004cfef70000000000000000001458000258
[TCP] TX bytes=108 raw=aa55004cf7fe0000000000000000001458004e5354520405060708090a0b0c0d0e0f101112131415161718191a1b1c1d1e1f20212223242526272829...
[TCP] RX serial=22 dst=F7 code=00 reg=0x00000006 len=1 raw=55aa0022fef70000000000000600000001007357
[TCP] TX bytes=21 raw=aa550022f7fe000000000000060000000100017457
[TCP] RX serial=84 dst=F8 code=00 reg=0x00000002 len=2 raw=55aa0084fef8000000000000020000000200d357
[TCP] TX bytes=22 raw=aa550084f8fe00000000000002000000020066063f58
[TCP] RX serial=EC dst=F8 code=00 reg=0x00000016 len=8 raw=55aa00ecfef80000000000001600000008005558
[TCP] TX bytes=28 raw=aa5500ecf8fe0000000000001600000008004d363630f8010000375a
[TCP] RX serial=17 dst=F8 code=00 reg=0x14000000 len=88 raw=55aa0017fef8000000000000000000145800ce57
[TCP] TX bytes=108 raw=aa550017f8fe0000000000000000001458004e5354520405060708090a0b0c0d0e0f101112131415161718191a1b1c1d1e1f20212223242526272829...
[TCP] RX serial=D0 dst=F8 code=00 reg=0x00000006 len=1 raw=55aa00d0fef80000000000000600000001002258
[TCP] TX bytes=21 raw=aa5500d0f8fe000000000000060000000100012358
[TCP] RX serial=57 dst=F9 code=00 reg=0x00000002 len=2 raw=55aa0057fef9000000000000020000000200a757
[TCP] TX bytes=22 raw=aa550057f9fe00000000000002000000020066061358
[TCP] RX serial=74 dst=F9 code=00 reg=0x00000016 len=8 raw=55aa0074fef9000000000000160000000800de57
[TCP] TX bytes=28 raw=aa550074f9fe0000000000001600000008004d363630f9010000c159
[TCP] RX serial=44 dst=F9 code=00 reg=0x14000000 len=88 raw=55aa0044fef9000000000000000000145800fc57
[TCP] TX bytes=108 raw=aa550044f9fe0000000000000000001458004e5354520405060708090a0b0c0d0e0f101112131415161718191a1b1c1d1e1f20212223242526272829...
[TCP] RX serial=D1 dst=F9 code=00 reg=0x00000006 len=1 raw=55aa00d1fef90000000000000600000001002458
[TCP] TX bytes=21 raw=aa5500d1f9fe000000000000060000000100012558
[TCP] RX serial=7A dst=FA code=00 reg=0x00000002 len=2 raw=55aa007afefa000000000000020000000200cb57
[TCP] TX bytes=22 raw=aa55007afafe00000000000002000000020066063758
[TCP] RX serial=D5 dst=FA code=00 reg=0x00000016 len=8 raw=55aa00d5fefa0000000000001600000008004058
[TCP] TX bytes=28 raw=aa5500d5fafe0000000000001600000008004d363630fa010000245a
[TCP] RX serial=65 dst=FA code=00 reg=0x14000000 len=88 raw=55aa0065fefa0000000000000000001458001e58
[TCP] TX bytes=108 raw=aa550065fafe0000000000000000001458004e5354520405060708090a0b0c0d0e0f101112131415161718191a1b1c1d1e1f20212223242526272829...
[TCP] RX serial=04 dst=FA code=00 reg=0x00000006 len=1 raw=55aa0004fefa0000000000000600000001005857
[TCP] TX bytes=21 raw=aa550004fafe000000000000060000000100015957
[TCP] RX serial=7B dst=FB code=00 reg=0x00000002 len=2 raw=55aa007bfefb000000000000020000000200cd57
[TCP] TX bytes=22 raw=aa55007bfbfe00000000000002000000020066063958
[TCP] RX serial=5A dst=FB code=00 reg=0x00000016 len=8 raw=55aa005afefb000000000000160000000800c657
[TCP] TX bytes=28 raw=aa55005afbfe0000000000001600000008004d363630fb010000ab59
[TCP] RX serial=72 dst=FB code=00 reg=0x14000000 len=88 raw=55aa0072fefb0000000000000000001458002c58
[TCP] TX bytes=108 raw=aa550072fbfe0000000000000000001458004e5354520405060708090a0b0c0d0e0f101112131415161718191a1b1c1d1e1f20212223242526272829...
[TCP] RX serial=1D dst=FB code=00 reg=0x00000006 len=1 raw=55aa001dfefb0000000000000600000001007257
[TCP] TX bytes=21 raw=aa55001dfbfe000000000000060000000100017357
[TCP] RX serial=0C dst=FC code=00 reg=0x00000002 len=2 raw=55aa000cfefc0000000000000200000002005f57
[TCP] TX bytes=22 raw=aa55000cfcfe0000000000000200000002006606cb57
[TCP] RX serial=AC dst=FC code=00 reg=0x00000016 len=8 raw=55aa00acfefc0000000000001600000008001958
[TCP] TX bytes=28 raw=aa5500acfcfe0000000000001600000008004d363630fc010000ff59
[TCP] RX serial=7C dst=FC code=00 reg=0x14000000 len=88 raw=55aa007cfefc0000000000000000001458003758
[TCP] TX bytes=108 raw=aa55007cfcfe0000000000000000001458004e5354520405060708090a0b0c0d0e0f101112131415161718191a1b1c1d1e1f20212223242526272829...
[TCP] RX serial=44 dst=FC code=00 reg=0x00000006 len=1 raw=55aa0044fefc0000000000000600000001009a57
[TCP] TX bytes=21 raw=aa550044fcfe000000000000060000000100019b57
[TCP] RX serial=AA dst=FD code=00 reg=0x00000002 len=2 raw=55aa00aafefd000000000000020000000200fe57
[TCP] TX bytes=22 raw=aa5500aafdfe00000000000002000000020066066a58
[TCP] RX serial=76 dst=FD code=00 reg=0x00000016 len=8 raw=55aa0076fefd000000000000160000000800e457
[TCP] TX bytes=28 raw=aa550076fdfe0000000000001600000008004d363630fd010000cb59
[TCP] RX serial=20 dst=FD code=00 reg=0x14000000 len=88 raw=55aa0020fefd000000000000000000145800dc57
[TCP] TX bytes=108 raw=aa550020fdfe0000000000000000001458004e5354520405060708090a0b0c0d0e0f101112131415161718191a1b1c1d1e1f20212223242526272829...
[TCP] RX serial=93 dst=FD code=00 reg=0x00000006 len=1 raw=55aa0093fefd000000000000060000000100ea57
[TCP] TX bytes=21 raw=aa550093fdfe00000000000006000000010001eb57
[TCP] RX serial=A4 dst=FE code=00 reg=0x00000002 len=2 raw=55aa00a4fefe000000000000020000000200f957
[TCP] TX bytes=22 raw=aa5500a4fefe00000000000002000000020066066558
[TCP] RX serial=45 dst=FE code=00 reg=0x00000016 len=8 raw=55aa0045fefe000000000000160000000800b457
[TCP] TX bytes=28 raw=aa550045fefe0000000000001600000008004d363630fe0100009c59
[TCP] RX serial=26 dst=FE code=00 reg=0x14000000 len=88 raw=55aa0026fefe000000000000000000145800e357
[TCP] TX bytes=108 raw=aa550026fefe0000000000000000001458004e5354520405060708090a0b0c0d0e0f101112131415161718191a1b1c1d1e1f20212223242526272829...
[TCP] RX serial=20 dst=FE code=00 reg=0x00000006 len=1 raw=55aa0020fefe0000000000000600000001007857
[TCP] TX bytes=21 raw=aa550020fefe000000000000060000000100017957
[TCP] RX serial=10 dst=FF code=00 reg=0x00000002 len=2 raw=55aa0010feff0000000000000200000002006657
[TCP] TX bytes=22 raw=aa550010fffe0000000000000200000002006606d257
[TCP] RX serial=19 dst=FF code=00 reg=0x00000016 len=8 raw=55aa0019feff0000000000001600000008008957
[TCP] TX bytes=28 raw=aa550019fffe0000000000001600000008004d363630ff0100007259
[TCP] RX serial=0C dst=FF code=00 reg=0x14000000 len=88 raw=55aa000cfeff000000000000000000145800ca57
[TCP] TX bytes=108 raw=aa55000cfffe0000000000000000001458004e5354520405060708090a0b0c0d0e0f101112131415161718191a1b1c1d1e1f20212223242526272829...
[TCP] RX serial=BD dst=FF code=00 reg=0x00000006 len=1 raw=55aa00bdfeff0000000000000600000001001658
[TCP] TX bytes=21 raw=aa5500bdfffe000000000000060000000100011758
[TCP] RX serial=74 dst=00 code=00 reg=0x00000002 len=2 raw=55aa0074fe00000000000000020000000200cb56
[TCP] TX bytes=22 raw=aa55007400fe00000000000002000000020066063757
[TCP] RX serial=D7 dst=00 code=00 reg=0x00000016 len=8 raw=55aa00d7fe000000000000001600000008004857
[TCP] TX bytes=28 raw=aa5500d700fe0000000000001600000008004d363630000100003258
[TCP] RX serial=D5 dst=00 code=00 reg=0x14000000 len=88 raw=55aa00d5fe000000000000000000001458009457
[TCP] TX bytes=108 raw=aa5500d500fe0000000000000000001458004e5354520405060708090a0b0c0d0e0f101112131415161718191a1b1c1d1e1f20212223242526272829...
[TCP] RX serial=1F dst=00 code=00 reg=0x00000006 len=1 raw=55aa001ffe000000000000000600000001007956
[TCP] TX bytes=21 raw=aa55001f00fe000000000000060000000100017a56
[TCP] RX serial=E9 dst=01 code=00 reg=0x00000002 len=2 raw=55aa00e9fe010000000000000200000002004157
[TCP] TX bytes=22 raw=aa5500e901fe0000000000000200000002006606ad57
[TCP] RX serial=21 dst=01 code=00 reg=0x00000016 len=8 raw=55aa0021fe010000000000001600000008009356
[TCP] TX bytes=28 raw=aa55002101fe0000000000001600000008004d363630010100007e57
[TCP] RX serial=AF dst=01 code=00 reg=0x14000000 len=88 raw=55aa00affe010000000000000000001458006f57
[TCP] TX bytes=108 raw=aa5500af01fe0000000000000000001458004e5354520405060708090a0b0c0d0e0f101112131415161718191a1b1c1d1e1f20212223242526272829...
[TCP] RX serial=B7 dst=01 code=00 reg=0x00000006 len=1 raw=55aa00b7fe010000000000000600000001001257
[TCP] TX bytes=21 raw=aa5500b701fe000000000000060000000100011357
[TCP] RX serial=E8 dst=02 code=00 reg=0x00000002 len=2 raw=55aa00e8fe020000000000000200000002004157
[TCP] TX bytes=22 raw=aa5500e802fe0000000000000200000002006606ad57
[TCP] RX serial=C3 dst=02 code=00 reg=0x00000016 len=8 raw=55aa00c3fe020000000000001600000008003657
[TCP] TX bytes=28 raw=aa5500c302fe0000000000001600000008004d363630020100002258
[TCP] RX serial=A8 dst=02 code=00 reg=0x14000000 len=88 raw=55aa00a8fe020000000000000000001458006957
[TCP] TX bytes=108 raw=aa5500a802fe0000000000000000001458004e5354520405060708090a0b0c0d0e0f101112131415161718191a1b1c1d1e1f20212223242526272829...
[TCP] RX serial=C2 dst=02 code=00 reg=0x00000006 len=1 raw=55aa00c2fe020000000000000600000001001e57
[TCP] TX bytes=21 raw=aa5500c202fe000000000000060000000100011f57
[TCP] RX serial=9D dst=03 code=00 reg=0x00000002 len=2 raw=55aa009dfe03000000000000020000000200f756
[TCP] TX bytes=22 raw=aa55009d03fe00000000000002000000020066066357
[TCP] RX serial=1A dst=03 code=00 reg=0x00000016 len=8 raw=55aa001afe030000000000001600000008008e56
[TCP] TX bytes=28 raw=aa55001a03fe0000000000001600000008004d363630030100007b57
[TCP] RX serial=7A dst=03 code=00 reg=0x14000000 len=88 raw=55aa007afe030000000000000000001458003c57
[TCP] TX bytes=108 raw=aa55007a03fe0000000000000000001458004e5354520405060708090a0b0c0d0e0f101112131415161718191a1b1c1d1e1f20212223242526272829...
[TCP] RX serial=B6 dst=03 code=00 reg=0x00000006 len=1 raw=55aa00b6fe030000000000000600000001001357
[TCP] TX bytes=21 raw=aa5500b603fe000000000000060000000100011457
[TCP] RX serial=DC dst=04 code=00 reg=0x00000002 len=2 raw=55aa00dcfe040000000000000200000002003757
[TCP] TX bytes=22 raw=aa5500dc04fe0000000000000200000002006606a357
[TCP] RX serial=C5 dst=04 code=00 reg=0x00000016 len=8 raw=55aa00c5fe040000000000001600000008003a57
[TCP] TX bytes=28 raw=aa5500c504fe0000000000001600000008004d363630040100002858
[TCP] RX serial=7B dst=04 code=00 reg=0x14000000 len=88 raw=55aa007bfe040000000000000000001458003e57
[TCP] TX bytes=108 raw=aa55007b04fe0000000000000000001458004e5354520405060708090a0b0c0d0e0f101112131415161718191a1b1c1d1e1f20212223242526272829...
[TCP] RX serial=42 dst=04 code=00 reg=0x00000006 len=1 raw=55aa0042fe04000000000000060000000100a056
[TCP] TX bytes=21 raw=aa55004204fe00000000000006000000010001a156
[TCP] RX serial=CA dst=05 code=00 reg=0x00000002 len=2 raw=55aa00cafe050000000000000200000002002657
[TCP] TX bytes=22 raw=aa5500ca05fe00000000000002000000020066069257
[TCP] RX serial=08 dst=05 code=00 reg=0x00000016 len=8 raw=55aa0008fe050000000000001600000008007e56
[TCP] TX bytes=28 raw=aa55000805fe0000000000001600000008004d363630050100006d57
[TCP] RX serial=77 dst=05 code=00 reg=0x14000000 len=88 raw=55aa0077fe050000000000000000001458003b57
[TCP] TX bytes=108 raw=aa55007705fe0000000000000000001458004e5354520405060708090a0b0c0d0e0f101112131415161718191a1b1c1d1e1f20212223242526272829...
[TCP] RX serial=0D dst=05 code=00 reg=0x00000006 len=1 raw=55aa000dfe050000000000000600000001006c56
[TCP] TX bytes=21 raw=aa55000d05fe000000000000060000000100016d56
[TCP] RX serial=CB dst=06 code=00 reg=0x00000002 len=2 raw=55aa00cbfe060000000000000200000002002857
[TCP] TX bytes=22 raw=aa5500cb06fe00000000000002000000020066069457
[TCP] RX serial=83 dst=06 code=00 reg=0x00000016 len=8 raw=55aa0083fe06000000000000160000000800fa56
[TCP] TX bytes=28 raw=aa55008306fe0000000000001600000008004d36363006010000ea57
[TCP] RX serial=2C dst=06 code=00 reg=0x14000000 len=88 raw=55aa002cfe06000000000000000000145800f156
[TCP] TX bytes=108 raw=aa55002c06fe0000000000000000001458004e5354520405060708090a0b0c0d0e0f101112131415161718191a1b1c1d1e1f20212223242526272829...
[TCP] RX serial=11 dst=06 code=00 reg=0x00000006 len=1 raw=55aa0011fe060000000000000600000001007156
[TCP] TX bytes=21 raw=aa55001106fe000000000000060000000100017256
[TCP] RX serial=4D dst=07 code=00 reg=0x00000002 len=2 raw=55aa004dfe07000000000000020000000200ab56
[TCP] TX bytes=22 raw=aa55004d07fe00000000000002000000020066061757
[TCP] RX serial=23 dst=07 code=00 reg=0x00000016 len=8 raw=55aa0023fe070000000000001600000008009b56
[TCP] TX bytes=28 raw=aa55002307fe0000000000001600000008004d363630070100008c57
[TCP] RX serial=C1 dst=07 code=00 reg=0x14000000 len=88 raw=55aa00c1fe070000000000000000001458008757
[TCP] TX bytes=108 raw=aa5500c107fe0000000000000000001458004e5354520405060708090a0b0c0d0e0f101112131415161718191a1b1c1d1e1f20212223242526272829...
[TCP] RX serial=60 dst=07 code=00 reg=0x00000006 len=1 raw=55aa0060fe07000000000000060000000100c156
[TCP] TX bytes=21 raw=aa55006007fe00000000000006000000010001c256
[TCP] RX serial=C9 dst=08 code=00 reg=0x00000002 len=2 raw=55aa00c9fe080000000000000200000002002857
[TCP] TX bytes=22 raw=aa5500c908fe00000000000002000000020066069457
[TCP] RX serial=A7 dst=08 code=00 reg=0x00000016 len=8 raw=55aa00a7fe080000000000001600000008002057
[TCP] TX bytes=28 raw=aa5500a708fe0000000000001600000008004d363630080100001258
[TCP] RX serial=8F dst=08 code=00 reg=0x14000000 len=88 raw=55aa008ffe080000000000000000001458005657
[TCP] TX bytes=108 raw=aa55008f08fe0000000000000000001458004e5354520405060708090a0b0c0d0e0f101112131415161718191a1b1c1d1e1f20212223242526272829...
[TCP] RX serial=A2 dst=08 code=00 reg=0x00000006 len=1 raw=55aa00a2fe080000000000000600000001000457
[TCP] TX bytes=21 raw=aa5500a208fe000000000000060000000100010557
[TCP] RX serial=84 dst=09 code=00 reg=0x00000002 len=2 raw=55aa0084fe09000000000000020000000200e456
[TCP] TX bytes=22 raw=aa55008409fe00000000000002000000020066065057
[TCP] RX serial=53 dst=09 code=00 reg=0x00000016 len=8 raw=55aa0053fe09000000000000160000000800cd56
[TCP] TX bytes=28 raw=aa55005309fe0000000000001600000008004d36363009010000c057
[TCP] RX serial=32 dst=09 code=00 reg=0x14000000 len=88 raw=55aa0032fe09000000000000000000145800fa56
[TCP] TX bytes=108 raw=aa55003209fe0000000000000000001458004e5354520405060708090a0b0c0d0e0f101112131415161718191a1b1c1d1e1f20212223242526272829...
[TCP] RX serial=E9 dst=09 code=00 reg=0x00000006 len=1 raw=55aa00e9fe090000000000000600000001004c57
[TCP] TX bytes=21 raw=aa5500e909fe000000000000060000000100014d57
[TCP] RX serial=FC dst=0A code=00 reg=0x00000002 len=2 raw=55aa00fcfe0a0000000000000200000002005d57
[TCP] TX bytes=22 raw=aa5500fc0afe0000000000000200000002006606c957
[TCP] RX serial=C3 dst=0A code=00 reg=0x00000016 len=8 raw=55aa00c3fe0a0000000000001600000008003e57
[TCP] TX bytes=28 raw=aa5500c30afe0000000000001600000008004d3636300a0100003258
[TCP] RX serial=5A dst=0A code=00 reg=0x14000000 len=88 raw=55aa005afe0a0000000000000000001458002357
[TCP] TX bytes=108 raw=aa55005a0afe0000000000000000001458004e5354520405060708090a0b0c0d0e0f101112131415161718191a1b1c1d1e1f20212223242526272829...
[TCP] RX serial=E5 dst=0A code=00 reg=0x00000006 len=1 raw=55aa00e5fe0a0000000000000600000001004957
[TCP] TX bytes=21 raw=aa5500e50afe000000000000060000000100014a57
[TCP] RX serial=CD dst=0B code=00 reg=0x00000002 len=2 raw=55aa00cdfe0b0000000000000200000002002f57
[TCP] TX bytes=22 raw=aa5500cd0bfe00000000000002000000020066069b57
[TCP] RX serial=5D dst=0B code=00 reg=0x00000016 len=8 raw=55aa005dfe0b000000000000160000000800d956
[TCP] TX bytes=28 raw=aa55005d0bfe0000000000001600000008004d3636300b010000ce57
[TCP] RX serial=F4 dst=0B code=00 reg=0x14000000 len=88 raw=55aa00f4fe0b000000000000000000145800be57
[TCP] TX bytes=108 raw=aa5500f40bfe0000000000000000001458004e5354520405060708090a0b0c0d0e0f101112131415161718191a1b1c1d1e1f20212223242526272829...
[TCP] RX serial=89 dst=0B code=00 reg=0x00000006 len=1 raw=55aa0089fe0b000000000000060000000100ee56
[TCP] TX bytes=21 raw=aa5500890bfe00000000000006000000010001ef56
[TCP] RX serial=CA dst=0C code=00 reg=0x00000002 len=2 raw=55aa00cafe0c0000000000000200000002002d57
[TCP] TX bytes=22 raw=aa5500ca0cfe00000000000002000000020066069957
[TCP] RX serial=6F dst=0C code=00 reg=0x00000016 len=8 raw=55aa006ffe0c000000000000160000000800ec56
[TCP] TX bytes=28 raw=aa55006f0cfe0000000000001600000008004d3636300c010000e257
[TCP] RX serial=43 dst=0C code=00 reg=0x14000000 len=88 raw=55aa0043fe0c0000000000000000001458000e57
[TCP] TX bytes=108 raw=aa5500430cfe0000000000000000001458004e5354520405060708090a0b0c0d0e0f101112131415161718191a1b1c1d1e1f20212223242526272829...
[TCP] RX serial=49 dst=0C code=00 reg=0x00000006 len=1 raw=55aa0049fe0c000000000000060000000100af56
[TCP] TX bytes=21 raw=aa5500490cfe00000000000006000000010001b056
[TCP] RX serial=9C dst=0D code=00 reg=0x00000002 len=2 raw=55aa009cfe0d0000000000000200000002000057
[TCP] TX bytes=22 raw=aa55009c0dfe00000000000002000000020066066c57
[TCP] RX serial=C8 dst=0D code=00 reg=0x00000016 len=8 raw=55aa00c8fe0d0000000000001600000008004657
[TCP] TX bytes=28 raw=aa5500c80dfe0000000000001600000008004d3636300d0100003d58
[TCP] RX serial=F1 dst=0D code=00 reg=0x14000000 len=88 raw=55aa00f1fe0d000000000000000000145800bd57
[TCP] TX bytes=108 raw=aa5500f10dfe0000000000000000001458004e5354520405060708090a0b0c0d0e0f101112131415161718191a1b1c1d1e1f20212223242526272829...
[TCP] RX serial=6B dst=0D code=00 reg=0x00000006 len=1 raw=55aa006bfe0d000000000000060000000100d256
[TCP] TX bytes=21 raw=aa55006b0dfe00000000000006000000010001d356
[TCP] RX serial=60 dst=0E code=00 reg=0x00000002 len=2 raw=55aa0060fe0e000000000000020000000200c556
[TCP] TX bytes=22 raw=aa5500600efe00000000000002000000020066063157
[TCP] RX serial=C7 dst=0E code=00 reg=0x00000016 len=8 raw=55aa00c7fe0e0000000000001600000008004657
[TCP] TX bytes=28 raw=aa5500c70efe0000000000001600000008004d3636300e0100003e58
[TCP] RX serial=52 dst=0E code=00 reg=0x14000000 len=88 raw=55aa0052fe0e0000000000000000001458001f57
[TCP] TX bytes=108 raw=aa5500520efe0000000000000000001458004e5354520405060708090a0b0c0d0e0f101112131415161718191a1b1c1d1e1f20212223242526272829...
[TCP] RX serial=66 dst=0E code=00 reg=0x00000006 len=1 raw=55aa0066fe0e000000000000060000000100ce56
[TCP] TX bytes=21 raw=aa5500660efe00000000000006000000010001cf56
[TCP] RX serial=F4 dst=0F code=00 reg=0x00000002 len=2 raw=55aa00f4fe0f0000000000000200000002005a57
[TCP] TX bytes=22 raw=aa5500f40ffe0000000000000200000002006606c657
[TCP] RX serial=9D dst=0F code=00 reg=0x00000016 len=8 raw=55aa009dfe0f0000000000001600000008001d57
[TCP] TX bytes=28 raw=aa55009d0ffe0000000000001600000008004d3636300f0100001658
[TCP] RX serial=6A dst=0F code=00 reg=0x14000000 len=88 raw=55aa006afe0f0000000000000000001458003857
[TCP] TX bytes=108 raw=aa55006a0ffe0000000000000000001458004e5354520405060708090a0b0c0d0e0f101112131415161718191a1b1c1d1e1f20212223242526272829...
[TCP] RX serial=C4 dst=0F code=00 reg=0x00000006 len=1 raw=55aa00c4fe0f0000000000000600000001002d57
[TCP] TX bytes=21 raw=aa5500c40ffe000000000000060000000100012e57
[TCP] RX serial=02 dst=10 code=00 reg=0x00000002 len=2 raw=55aa0002fe100000000000000200000002006956
[TCP] TX bytes=22 raw=aa55000210fe0000000000000200000002006606d556
[TCP] RX serial=48 dst=10 code=00 reg=0x00000016 len=8 raw=55aa0048fe10000000000000160000000800c956
[TCP] TX bytes=28 raw=aa55004810fe0000000000001600000008004d36363010010000c357
[TCP] RX serial=F8 dst=10 code=00 reg=0x14000000 len=88 raw=55aa00f8fe10000000000000000000145800c757
[TCP] TX bytes=108 raw=aa5500f810fe0000000000000000001458004e5354520405060708090a0b0c0d0e0f101112131415161718191a1b1c1d1e1f20212223242526272829...
[TCP] RX serial=F4 dst=10 code=00 reg=0x00000006 len=1 raw=55aa00f4fe100000000000000600000001005e57
[TCP] TX bytes=21 raw=aa5500f410fe000000000000060000000100015f57
[TCP] RX serial=8A dst=11 code=00 reg=0x00000002 len=2 raw=55aa008afe11000000000000020000000200f256
[TCP] TX bytes=22 raw=aa55008a11fe00000000000002000000020066065e57
[TCP] RX serial=D6 dst=11 code=00 reg=0x00000016 len=8 raw=55aa00d6fe110000000000001600000008005857
[TCP] TX bytes=28 raw=aa5500d611fe0000000000001600000008004d363630110100005358
[TCP] RX serial=32 dst=11 code=00 reg=0x14000000 len=88 raw=55aa0032fe110000000000000000001458000257
[TCP] TX bytes=108 raw=aa55003211fe0000000000000000001458004e5354520405060708090a0b0c0d0e0f101112131415161718191a1b1c1d1e1f20212223242526272829...
[TCP] RX serial=89 dst=11 code=00 reg=0x00000006 len=1 raw=55aa0089fe11000000000000060000000100f456
[TCP] TX bytes=21 raw=aa55008911fe00000000000006000000010001f556
[TCP] RX serial=92 dst=12 code=00 reg=0x00000002 len=2 raw=55aa0092fe12000000000000020000000200fb56
[TCP] TX bytes=22 raw=aa55009212fe00000000000002000000020066066757
[TCP] RX serial=91 dst=12 code=00 reg=0x00000016 len=8 raw=55aa0091fe120000000000001600000008001457
[TCP] TX bytes=28 raw=aa55009112fe0000000000001600000008004d363630120100001058
[TCP] RX serial=45 dst=12 code=00 reg=0x14000000 len=88 raw=55aa0045fe120000000000000000001458001657
[TCP] TX bytes=108 raw=aa55004512fe0000000000000000001458004e5354520405060708090a0b0c0d0e0f101112131415161718191a1b1c1d1e1f20212223242526272829...
[TCP] RX serial=07 dst=12 code=00 reg=0x00000006 len=1 raw=55aa0007fe120000000000000600000001007356
[TCP] TX bytes=21 raw=aa55000712fe000000000000060000000100017456
[TCP] RX serial=AD dst=13 code=00 reg=0x00000002 len=2 raw=55aa00adfe130000000000000200000002001757
[TCP] TX bytes=22 raw=aa5500ad13fe00000000000002000000020066068357
[TCP] RX serial=90 dst=13 code=00 reg=0x00000016 len=8 raw=55aa0090fe130000000000001600000008001457
[TCP] TX bytes=28 raw=aa55009013fe0000000000001600000008004d363630130100001158
[TCP] RX serial=3F dst=13 code=00 reg=0x14000000 len=88 raw=55aa003ffe130000000000000000001458001157
[TCP] TX bytes=108 raw=aa55003f13fe0000000000000000001458004e5354520405060708090a0b0c0d0e0f101112131415161718191a1b1c1d1e1f20212223242526272829...
[TCP] RX serial=6D dst=13 code=00 reg=0x00000006 len=1 raw=55aa006dfe13000000000000060000000100da56
[TCP] TX bytes=21 raw=aa55006d13fe00000000000006000000010001db56
[TCP] RX serial=8D dst=14 code=00 reg=0x00000002 len=2 raw=55aa008dfe14000000000000020000000200f856
[TCP] TX bytes=22 raw=aa55008d14fe00000000000002000000020066066457
[TCP] RX serial=A1 dst=14 code=00 reg=0x00000016 len=8 raw=55aa00a1fe140000000000001600000008002657
[TCP] TX bytes=28 raw=aa5500a114fe0000000000001600000008004d363630140100002458
[TCP] RX serial=46 dst=14 code=00 reg=0x14000000 len=88 raw=55aa0046fe140000000000000000001458001957
[TCP] TX bytes=108 raw=aa55004614fe0000000000000000001458004e5354520405060708090a0b0c0d0e0f101112131415161718191a1b1c1d1e1f20212223242526272829...
[TCP] RX serial=DD dst=14 code=00 reg=0x00000006 len=1 raw=55aa00ddfe140000000000000600000001004b57
[TCP] TX bytes=21 raw=aa5500dd14fe000000000000060000000100014c57
[TCP] RX serial=DF dst=15 code=00 reg=0x00000002 len=2 raw=55aa00dffe150000000000000200000002004b57
[TCP] TX bytes=22 raw=aa5500df15fe0000000000000200000002006606b757
[TCP] RX serial=77 dst=15 code=00 reg=0x00000016 len=8 raw=55aa0077fe15000000000000160000000800fd56
[TCP] TX bytes=28 raw=aa55007715fe0000000000001600000008004d36363015010000fc57
[TCP] RX serial=C2 dst=15 code=00 reg=0x14000000 len=88 raw=55aa00c2fe150000000000000000001458009657
[TCP] TX bytes=108 raw=aa5500c215fe0000000000000000001458004e5354520405060708090a0b0c0d0e0f101112131415161718191a1b1c1d1e1f20212223242526272829...
[TCP] RX serial=00 dst=15 code=00 reg=0x00000006 len=1 raw=55aa0000fe150000000000000600000001006f56
[TCP] TX bytes=21 raw=aa55000015fe000000000000060000000100017056
[TCP] RX serial=B5 dst=16 code=00 reg=0x00000002 len=2 raw=55aa00b5fe160000000000000200000002002257
[TCP] TX bytes=22 raw=aa5500b516fe00000000000002000000020066068e57
[TCP] RX serial=23 dst=16 code=00 reg=0x00000016 len=8 raw=55aa0023fe16000000000000160000000800aa56
[TCP] TX bytes=28 raw=aa55002316fe0000000000001600000008004d36363016010000aa57
[TCP] RX serial=42 dst=16 code=00 reg=0x14000000 len=88 raw=55aa0042fe160000000000000000001458001757
[TCP] TX bytes=108 raw=aa55004216fe0000000000000000001458004e5354520405060708090a0b0c0d0e0f101112131415161718191a1b1c1d1e1f20212223242526272829...
[TCP] RX serial=BB dst=16 code=00 reg=0x00000006 len=1 raw=55aa00bbfe160000000000000600000001002b57
[TCP] TX bytes=21 raw=aa5500bb16fe000000000000060000000100012c57
[TCP] RX serial=00 dst=17 code=00 reg=0x00000002 len=2 raw=55aa0000fe170000000000000200000002006e56
[TCP] TX bytes=22 raw=aa55000017fe0000000000000200000002006606da56
[TCP] RX serial=CA dst=17 code=00 reg=0x00000016 len=8 raw=55aa00cafe170000000000001600000008005257
[TCP] TX bytes=28 raw=aa5500ca17fe0000000000001600000008004d363630170100005358
[TCP] RX serial=F3 dst=17 code=00 reg=0x14000000 len=88 raw=55aa00f3fe17000000000000000000145800c957
[TCP] TX bytes=108 raw=aa5500f317fe0000000000000000001458004e5354520405060708090a0b0c0d0e0f101112131415161718191a1b1c1d1e1f20212223242526272829...
[TCP] RX serial=5F dst=17 code=00 reg=0x00000006 len=1 raw=55aa005ffe17000000000000060000000100d056
[TCP] TX bytes=21 raw=aa55005f17fe00000000000006000000010001d156
[TCP] RX serial=58 dst=18 code=00 reg=0x00000002 len=2 raw=55aa0058fe18000000000000020000000200c756
[TCP] TX bytes=22 raw=aa55005818fe00000000000002000000020066063357
[TCP] RX serial=94 dst=18 code=00 reg=0x00000016 len=8 raw=55aa0094fe180000000000001600000008001d57
[TCP] TX bytes=28 raw=aa55009418fe0000000000001600000008004d363630180100001f58
[TCP] RX serial=E3 dst=18 code=00 reg=0x14000000 len=88 raw=55aa00e3fe18000000000000000000145800ba57
[TCP] TX bytes=108 raw=aa5500e318fe0000000000000000001458004e5354520405060708090a0b0c0d0e0f101112131415161718191a1b1c1d1e1f20212223242526272829...
[TCP] RX serial=85 dst=18 code=00 reg=0x00000006 len=1 raw=55aa0085fe18000000000000060000000100f756
[TCP] TX bytes=21 raw=aa55008518fe00000000000006000000010001f856
[TCP] RX serial=64 dst=19 code=00 reg=0x00000002 len=2 raw=55aa0064fe19000000000000020000000200d456
[TCP] TX bytes=22 raw=aa55006419fe00000000000002000000020066064057
[TCP] RX serial=FE dst=19 code=00 reg=0x00000016 len=8 raw=55aa00fefe190000000000001600000008008857
[TCP] TX bytes=28 raw=aa5500fe19fe0000000000001600000008004d363630190100008b58
[TCP] RX serial=FE dst=19 code=00 reg=0x14000000 len=88 raw=55aa00fefe19000000000000000000145800d657
[TCP] TX bytes=108 raw=aa5500fe19fe0000000000000000001458004e5354520405060708090a0b0c0d0e0f101112131415161718191a1b1c1d1e1f20212223242526272829...
[TCP] RX serial=F3 dst=19 code=00 reg=0x00000006 len=1 raw=55aa00f3fe190000000000000600000001006657
[TCP] TX bytes=21 raw=aa5500f319fe000000000000060000000100016757
[TCP] RX serial=3C dst=1A code=00 reg=0x00000002 len=2 raw=55aa003cfe1a000000000000020000000200ad56
[TCP] TX bytes=22 raw=aa55003c1afe00000000000002000000020066061957
[TCP] RX serial=B8 dst=1A code=00 reg=0x00000016 len=8 raw=55aa00b8fe1a0000000000001600000008004357
[TCP] TX bytes=28 raw=aa5500b81afe0000000000001600000008004d3636301a0100004758
[TCP] RX serial=B6 dst=1A code=00 reg=0x14000000 len=88 raw=55aa00b6fe1a0000000000000000001458008f57
[TCP] TX bytes=108 raw=aa5500b61afe0000000000000000001458004e5354520405060708090a0b0c0d0e0f101112131415161718191a1b1c1d1e1f20212223242526272829...
[TCP] RX serial=0B dst=1A code=00 reg=0x00000006 len=1 raw=55aa000bfe1a0000000000000600000001007f56
[TCP] TX bytes=21 raw=aa55000b1afe000000000000060000000100018056
[TCP] RX serial=83 dst=1B code=00 reg=0x00000002 len=2 raw=55aa0083fe1b000000000000020000000200f556
[TCP] TX bytes=22 raw=aa5500831bfe00000000000002000000020066066157
[TCP] RX serial=EA dst=1B code=00 reg=0x00000016 len=8 raw=55aa00eafe1b0000000000001600000008007657
[TCP] TX bytes=28 raw=aa5500ea1bfe0000000000001600000008004d3636301b0100007b58
[TCP] RX serial=BD dst=1B code=00 reg=0x14000000 len=88 raw=55aa00bdfe1b0000000000000000001458009757
[TCP] TX bytes=108 raw=aa5500bd1bfe0000000000000000001458004e5354520405060708090a0b0c0d0e0f101112131415161718191a1b1c1d1e1f20212223242526272829...
[TCP] RX serial=CE dst=1B code=00 reg=0x00000006 len=1 raw=55aa00cefe1b0000000000000600000001004357
[TCP] TX bytes=21 raw=aa5500ce1bfe000000000000060000000100014457
[TCP] RX serial=87 dst=1C code=00 reg=0x00000002 len=2 raw=55aa0087fe1c000000000000020000000200fa56
[TCP] TX bytes=22 raw=aa5500871cfe00000000000002000000020066066657
[TCP] RX serial=E3 dst=1C code=00 reg=0x00000016 len=8 raw=55aa00e3fe1c0000000000001600000008007057
[TCP] TX bytes=28 raw=aa5500e31cfe0000000000001600000008004d3636301c0100007658
[TCP] RX serial=D8 dst=1C code=00 reg=0x14000000 len=88 raw=55aa00d8fe1c000000000000000000145800b357
[TCP] TX bytes=108 raw=aa5500d81cfe0000000000000000001458004e5354520405060708090a0b0c0d0e0f101112131415161718191a1b1c1d1e1f20212223242526272829...
[TCP] RX serial=53 dst=1C code=00 reg=0x00000006 len=1 raw=55aa0053fe1c000000000000060000000100c956
[TCP] TX bytes=21 raw=aa5500531cfe00000000000006000000010001ca56
[TCP] RX serial=56 dst=1D code=00 reg=0x00000002 len=2 raw=55aa0056fe1d000000000000020000000200ca56
[TCP] TX bytes=22 raw=aa5500561dfe00000000000002000000020066063657
[TCP] RX serial=8C dst=1D code=00 reg=0x00000016 len=8 raw=55aa008cfe1d0000000000001600000008001a57
[TCP] TX bytes=28 raw=aa55008c1dfe0000000000001600000008004d3636301d0100002158
[TCP] RX serial=E4 dst=1D code=00 reg=0x14000000 len=88 raw=55aa00e4fe1d000000000000000000145800c057
[TCP] TX bytes=108 raw=aa5500e41dfe0000000000000000001458004e5354520405060708090a0b0c0d0e0f101112131415161718191a1b1c1d1e1f20212223242526272829...
[TCP] RX serial=89 dst=1D code=00 reg=0x00000006 len=1 raw=55aa0089fe1d0000000000000600000001000057
[TCP] TX bytes=21 raw=aa5500891dfe000000000000060000000100010157
[TCP] RX serial=84 dst=1E code=00 reg=0x00000002 len=2 raw=55aa0084fe1e000000000000020000000200f956
[TCP] TX bytes=22 raw=aa5500841efe00000000000002000000020066066557
[TCP] RX serial=F7 dst=1E code=00 reg=0x00000016 len=8 raw=55aa00f7fe1e0000000000001600000008008657
[TCP] TX bytes=28 raw=aa5500f71efe0000000000001600000008004d3636301e0100008e58
[TCP] RX serial=3F dst=1E code=00 reg=0x14000000 len=88 raw=55aa003ffe1e0000000000000000001458001c57
[TCP] TX bytes=108 raw=aa55003f1efe0000000000000000001458004e5354520405060708090a0b0c0d0e0f101112131415161718191a1b1c1d1e1f20212223242526272829...
[TCP] RX serial=66 dst=1E code=00 reg=0x00000006 len=1 raw=55aa0066fe1e000000000000060000000100de56
[TCP] TX bytes=21 raw=aa5500661efe00000000000006000000010001df56
[TCP] RX serial=94 dst=1F code=00 reg=0x00000002 len=2 raw=55aa0094fe1f0000000000000200000002000a57
[TCP] TX bytes=22 raw=aa5500941ffe00000000000002000000020066067657
[TCP] RX serial=75 dst=1F code=00 reg=0x00000016 len=8 raw=55aa0075fe1f0000000000001600000008000557
[TCP] TX bytes=28 raw=aa5500751ffe0000000000001600000008004d3636301f0100000e58
[TCP] RX serial=89 dst=1F code=00 reg=0x14000000 len=88 raw=55aa0089fe1f0000000000000000001458006757
[TCP] TX bytes=108 raw=aa5500891ffe0000000000000000001458004e5354520405060708090a0b0c0d0e0f101112131415161718191a1b1c1d1e1f20212223242526272829...
[TCP] RX serial=C6 dst=1F code=00 reg=0x00000006 len=1 raw=55aa00c6fe1f0000000000000600000001003f57
[TCP] TX bytes=21 raw=aa5500c61ffe000000000000060000000100014057
[TCP] RX serial=9C dst=20 code=00 reg=0x00000002 len=2 raw=55aa009cfe200000000000000200000002001357
[TCP] TX bytes=22 raw=aa55009c20fe00000000000002000000020066067f57
[TCP] RX serial=E5 dst=20 code=00 reg=0x00000016 len=8 raw=55aa00e5fe200000000000001600000008007657
[TCP] TX bytes=28 raw=aa5500e520fe0000000000001600000008004d363630200100008058
[TCP] RX serial=AD dst=20 code=00 reg=0x14000000 len=88 raw=55aa00adfe200000000000000000001458008c57
[TCP] TX bytes=108 raw=aa5500ad20fe0000000000000000001458004e5354520405060708090a0b0c0d0e0f101112131415161718191a1b1c1d1e1f20212223242526272829...
[TCP] RX serial=18 dst=20 code=00 reg=0x00000006 len=1 raw=55aa0018fe200000000000000600000001009256
[TCP] TX bytes=21 raw=aa55001820fe000000000000060000000100019356
[TCP] RX serial=AC dst=21 code=00 reg=0x00000002 len=2 raw=55aa00acfe210000000000000200000002002457
[TCP] TX bytes=22 raw=aa5500ac21fe00000000000002000000020066069057
[TCP] RX serial=B9 dst=21 code=00 reg=0x00000016 len=8 raw=55aa00b9fe210000000000001600000008004b57
[TCP] TX bytes=28 raw=aa5500b921fe0000000000001600000008004d363630210100005658
[TCP] RX serial=09 dst=21 code=00 reg=0x14000000 len=88 raw=55aa0009fe21000000000000000000145800e956
[TCP] TX bytes=108 raw=aa55000921fe0000000000000000001458004e5354520405060708090a0b0c0d0e0f101112131415161718191a1b1c1d1e1f20212223242526272829...
[TCP] RX serial=8D dst=21 code=00 reg=0x00000006 len=1 raw=55aa008dfe210000000000000600000001000857
[TCP] TX bytes=21 raw=aa55008d21fe000000000000060000000100010957
[TCP] RX serial=A1 dst=22 code=00 reg=0x00000002 len=2 raw=55aa00a1fe220000000000000200000002001a57
[TCP] TX bytes=22 raw=aa5500a122fe00000000000002000000020066068657
[TCP] RX serial=52 dst=22 code=00 reg=0x00000016 len=8 raw=55aa0052fe22000000000000160000000800e556
[TCP] TX bytes=28 raw=aa55005222fe0000000000001600000008004d36363022010000f157
[TCP] RX serial=A0 dst=22 code=00 reg=0x14000000 len=88 raw=55aa00a0fe220000000000000000001458008157
[TCP] TX bytes=108 raw=aa5500a022fe0000000000000000001458004e5354520405060708090a0b0c0d0e0f101112131415161718191a1b1c1d1e1f20212223242526272829...
[TCP] RX serial=26 dst=22 code=00 reg=0x00000006 len=1 raw=55aa0026fe22000000000000060000000100a256
[TCP] TX bytes=21 raw=aa55002622fe00000000000006000000010001a356
[TCP] RX serial=C0 dst=23 code=00 reg=0x00000002 len=2 raw=55aa00c0fe230000000000000200000002003a57
[TCP] TX bytes=22 raw=aa5500c023fe0000000000000200000002006606a657
[TCP] RX serial=B6 dst=23 code=00 reg=0x00000016 len=8 raw=55aa00b6fe230000000000001600000008004a57
[TCP] TX bytes=28 raw=aa5500b623fe0000000000001600000008004d363630230100005758
[TCP] RX serial=7C dst=23 code=00 reg=0x14000000 len=88 raw=55aa007cfe230000000000000000001458005e57
[TCP] TX bytes=108 raw=aa55007c23fe0000000000000000001458004e5354520405060708090a0b0c0d0e0f101112131415161718191a1b1c1d1e1f20212223242526272829...
[TCP] RX serial=C9 dst=23 code=00 reg=0x00000006 len=1 raw=55aa00c9fe230000000000000600000001004657
[TCP] TX bytes=21 raw=aa5500c923fe000000000000060000000100014757
[TCP] RX serial=65 dst=24 code=00 reg=0x00000002 len=2 raw=55aa0065fe24000000000000020000000200e056
[TCP] TX bytes=22 raw=aa55006524fe00000000000002000000020066064c57
[TCP] RX serial=72 dst=24 code=00 reg=0x00000016 len=8 raw=55aa0072fe240000000000001600000008000757
[TCP] TX bytes=28 raw=aa55007224fe0000000000001600000008004d363630240100001558
[TCP] RX serial=34 dst=24 code=00 reg=0x14000000 len=88 raw=55aa0034fe240000000000000000001458001757
[TCP] TX bytes=108 raw=aa55003424fe0000000000000000001458004e5354520405060708090a0b0c0d0e0f101112131415161718191a1b1c1d1e1f20212223242526272829...
[TCP] RX serial=1B dst=24 code=00 reg=0x00000006 len=1 raw=55aa001bfe240000000000000600000001009956
[TCP] TX bytes=21 raw=aa55001b24fe000000000000060000000100019a56
[TCP] RX serial=F1 dst=25 code=00 reg=0x00000002 len=2 raw=55aa00f1fe250000000000000200000002006d57
[TCP] TX bytes=22 raw=aa5500f125fe0000000000000200000002006606d957
[TCP] RX serial=A0 dst=25 code=00 reg=0x00000016 len=8 raw=55aa00a0fe250000000000001600000008003657
[TCP] TX bytes=28 raw=aa5500a025fe0000000000001600000008004d363630250100004558
[TCP] RX serial=08 dst=25 code=00 reg=0x14000000 len=88 raw=55aa0008fe25000000000000000000145800ec56
[TCP] TX bytes=108 raw=aa55000825fe0000000000000000001458004e5354520405060708090a0b0c0d0e0f101112131415161718191a1b1c1d1e1f20212223242526272829...
[TCP] RX serial=CB dst=25 code=00 reg=0x00000006 len=1 raw=55aa00cbfe250000000000000600000001004a57
[TCP] TX bytes=21 raw=aa5500cb25fe000000000000060000000100014b57
[TCP] RX serial=AE dst=26 code=00 reg=0x00000002 len=2 raw=55aa00aefe260000000000000200000002002b57
[TCP] TX bytes=22 raw=aa5500ae26fe00000000000002000000020066069757
[TCP] RX serial=5A dst=26 code=00 reg=0x00000016 len=8 raw=55aa005afe26000000000000160000000800f156
[TCP] TX bytes=28 raw=aa55005a26fe0000000000001600000008004d363630260100000158
[TCP] RX serial=00 dst=26 code=00 reg=0x14000000 len=88 raw=55aa0000fe26000000000000000000145800e556
[TCP] TX bytes=108 raw=aa55000026fe0000000000000000001458004e5354520405060708090a0b0c0d0e0f101112131415161718191a1b1c1d1e1f20212223242526272829...
[TCP] RX serial=6B dst=26 code=00 reg=0x00000006 len=1 raw=55aa006bfe26000000000000060000000100eb56
[TCP] TX bytes=21 raw=aa55006b26fe00000000000006000000010001ec56
[TCP] RX serial=BE dst=27 code=00 reg=0x00000002 len=2 raw=55aa00befe270000000000000200000002003c57
[TCP] TX bytes=22 raw=aa5500be27fe0000000000000200000002006606a857
[TCP] RX serial=98 dst=27 code=00 reg=0x00000016 len=8 raw=55aa0098fe270000000000001600000008003057
[TCP] TX bytes=28 raw=aa55009827fe0000000000001600000008004d363630270100004158
[TCP] RX serial=5E dst=27 code=00 reg=0x14000000 len=88 raw=55aa005efe270000000000000000001458004457
[TCP] TX bytes=108 raw=aa55005e27fe0000000000000000001458004e5354520405060708090a0b0c0d0e0f101112131415161718191a1b1c1d1e1f20212223242526272829...
[TCP] RX serial=C6 dst=27 code=00 reg=0x00000006 len=1 raw=55aa00c6fe270000000000000600000001004757
[TCP] TX bytes=21 raw=aa5500c627fe000000000000060000000100014857
[TCP] RX serial=2F dst=28 code=00 reg=0x00000002 len=2 raw=55aa002ffe28000000000000020000000200ae56
[TCP] TX bytes=22 raw=aa55002f28fe00000000000002000000020066061a57
[TCP] RX serial=EE dst=28 code=00 reg=0x00000016 len=8 raw=55aa00eefe280000000000001600000008008757
[TCP] TX bytes=28 raw=aa5500ee28fe0000000000001600000008004d363630280100009958
[TCP] RX serial=6D dst=28 code=00 reg=0x14000000 len=88 raw=55aa006dfe280000000000000000001458005457
[TCP] TX bytes=108 raw=aa55006d28fe0000000000000000001458004e5354520405060708090a0b0c0d0e0f101112131415161718191a1b1c1d1e1f20212223242526272829...
[TCP] RX serial=9D dst=28 code=00 reg=0x00000006 len=1 raw=55aa009dfe280000000000000600000001001f57
[TCP] TX bytes=21 raw=aa55009d28fe000000000000060000000100012057
[TCP] RX serial=3C dst=29 code=00 reg=0x00000002 len=2 raw=55aa003cfe29000000000000020000000200bc56
[TCP] TX bytes=22 raw=aa55003c29fe00000000000002000000020066062857
[TCP] RX serial=A4 dst=29 code=00 reg=0x00000016 len=8 raw=55aa00a4fe290000000000001600000008003e57
[TCP] TX bytes=28 raw=aa5500a429fe0000000000001600000008004d363630290100005158
[TCP] RX serial=22 dst=29 code=00 reg=0x14000000 len=88 raw=55aa0022fe290000000000000000001458000a57
[TCP] TX bytes=108 raw=aa55002229fe0000000000000000001458004e5354520405060708090a0b0c0d0e0f101112131415161718191a1b1c1d1e1f20212223242526272829...
[TCP] RX serial=CD dst=29 code=00 reg=0x00000006 len=1 raw=55aa00cdfe290000000000000600000001005057
[TCP] TX bytes=21 raw=aa5500cd29fe000000000000060000000100015157
[TCP] RX serial=DA dst=2A code=00 reg=0x00000002 len=2 raw=55aa00dafe2a0000000000000200000002005b57
[TCP] TX bytes=22 raw=aa5500da2afe0000000000000200000002006606c757
[TCP] RX serial=4A dst=2A code=00 reg=0x00000016 len=8 raw=55aa004afe2a000000000000160000000800e556
[TCP] TX bytes=28 raw=aa55004a2afe0000000000001600000008004d3636302a010000f957
[TCP] RX serial=B1 dst=2A code=00 reg=0x14000000 len=88 raw=55aa00b1fe2a0000000000000000001458009a57
[TCP] TX bytes=108 raw=aa5500b12afe0000000000000000001458004e5354520405060708090a0b0c0d0e0f101112131415161718191a1b1c1d1e1f20212223242526272829...
[TCP] RX serial=04 dst=2A code=00 reg=0x00000006 len=1 raw=55aa0004fe2a0000000000000600000001008856
[TCP] TX bytes=21 raw=aa5500042afe000000000000060000000100018956
[TCP] RX serial=EB dst=2B code=00 reg=0x00000002 len=2 raw=55aa00ebfe2b0000000000000200000002006d57
[TCP] TX bytes=22 raw=aa5500eb2bfe0000000000000200000002006606d957
[TCP] RX serial=BE dst=2B code=00 reg=0x00000016 len=8 raw=55aa00befe2b0000000000001600000008005a57
[TCP] TX bytes=28 raw=aa5500be2bfe0000000000001600000008004d3636302b0100006f58
[TCP] RX serial=C7 dst=2B code=00 reg=0x14000000 len=88 raw=55aa00c7fe2b000000000000000000145800b157
[TCP] TX bytes=108 raw=aa5500c72bfe0000000000000000001458004e5354520405060708090a0b0c0d0e0f101112131415161718191a1b1c1d1e1f20212223242526272829...
[TCP] RX serial=CC dst=2B code=00 reg=0x00000006 len=1 raw=55aa00ccfe2b0000000000000600000001005157
[TCP] TX bytes=21 raw=aa5500cc2bfe000000000000060000000100015257
[TCP] RX serial=7B dst=2C code=00 reg=0x00000002 len=2 raw=55aa007bfe2c000000000000020000000200fe56
[TCP] TX bytes=22 raw=aa55007b2cfe00000000000002000000020066066a57
[TCP] RX serial=74 dst=2C code=00 reg=0x00000016 len=8 raw=55aa0074fe2c0000000000001600000008001157
[TCP] TX bytes=28 raw=aa5500742cfe0000000000001600000008004d3636302c0100002758
[TCP] RX serial=01 dst=2C code=00 reg=0x14000000 len=88 raw=55aa0001fe2c000000000000000000145800ec56
[TCP] TX bytes=108 raw=aa5500012cfe0000000000000000001458004e5354520405060708090a0b0c0d0e0f101112131415161718191a1b1c1d1e1f20212223242526272829...
[TCP] RX serial=22 dst=2C code=00 reg=0x00000006 len=1 raw=55aa0022fe2c000000000000060000000100a856
[TCP] TX bytes=21 raw=aa5500222cfe00000000000006000000010001a956
[TCP] RX serial=41 dst=2D code=00 reg=0x00000002 len=2 raw=55aa0041fe2d000000000000020000000200c556
[TCP] TX bytes=22 raw=aa5500412dfe00000000000002000000020066063157
[TCP] RX serial=6D dst=2D code=00 reg=0x00000016 len=8 raw=55aa006dfe2d0000000000001600000008000b57
[TCP] TX bytes=28 raw=aa55006d2dfe0000000000001600000008004d3636302d0100002258
[TCP] RX serial=D4 dst=2D code=00 reg=0x14000000 len=88 raw=55aa00d4fe2d000000000000000000145800c057
[TCP] TX bytes=108 raw=aa5500d42dfe0000000000000000001458004e5354520405060708090a0b0c0d0e0f101112131415161718191a1b1c1d1e1f20212223242526272829...
[TCP] RX serial=FB dst=2D code=00 reg=0x00000006 len=1 raw=55aa00fbfe2d0000000000000600000001008257
[TCP] TX bytes=21 raw=aa5500fb2dfe000000000000060000000100018357
[TCP] RX serial=DC dst=2E code=00 reg=0x00000002 len=2 raw=55aa00dcfe2e0000000000000200000002006157
[TCP] TX bytes=22 raw=aa5500dc2efe0000000000000200000002006606cd57
[TCP] RX serial=E1 dst=2E code=00 reg=0x00000016 len=8 raw=55aa00e1fe2e0000000000001600000008008057
[TCP] TX bytes=28 raw=aa5500e12efe0000000000001600000008004d3636302e0100009858
[TCP] RX serial=68 dst=2E code=00 reg=0x14000000 len=88 raw=55aa0068fe2e0000000000000000001458005557
[TCP] TX bytes=108 raw=aa5500682efe0000000000000000001458004e5354520405060708090a0b0c0d0e0f101112131415161718191a1b1c1d1e1f20212223242526272829...
[TCP] RX serial=51 dst=2E code=00 reg=0x00000006 len=1 raw=55aa0051fe2e000000000000060000000100d956
[TCP] TX bytes=21 raw=aa5500512efe00000000000006000000010001da56
[TCP] RX serial=B8 dst=2F code=00 reg=0x00000002 len=2 raw=55aa00b8fe2f0000000000000200000002003e57
[TCP] TX bytes=22 raw=aa5500b82ffe0000000000000200000002006606aa57
[TCP] RX serial=9C dst=2F code=00 reg=0x00000016 len=8 raw=55aa009cfe2f0000000000001600000008003c57
[TCP] TX bytes=28 raw=aa55009c2ffe0000000000001600000008004d3636302f0100005558
[TCP] RX serial=CE dst=2F code=00 reg=0x14000000 len=88 raw=55aa00cefe2f000000000000000000145800bc57
[TCP] TX bytes=108 raw=aa5500ce2ffe0000000000000000001458004e5354520405060708090a0b0c0d0e0f101112131415161718191a1b1c1d1e1f20212223242526272829...
[TCP] RX serial=09 dst=2F code=00 reg=0x00000006 len=1 raw=55aa0009fe2f0000000000000600000001009256
[TCP] TX bytes=21 raw=aa5500092ffe000000000000060000000100019356
[TCP] RX serial=F2 dst=30 code=00 reg=0x00000002 len=2 raw=55aa00f2fe300000000000000200000002007957
[TCP] TX bytes=22 raw=aa5500f230fe0000000000000200000002006606e557
[TCP] RX serial=D9 dst=30 code=00 reg=0x00000016 len=8 raw=55aa00d9fe300000000000001600000008007a57
[TCP] TX bytes=28 raw=aa5500d930fe0000000000001600000008004d363630300100009458
[TCP] RX serial=F5 dst=30 code=00 reg=0x14000000 len=88 raw=55aa00f5fe30000000000000000000145800e457
[TCP] TX bytes=108 raw=aa5500f530fe0000000000000000001458004e5354520405060708090a0b0c0d0e0f101112131415161718191a1b1c1d1e1f20212223242526272829...
[TCP] RX serial=D1 dst=30 code=00 reg=0x00000006 len=1 raw=55aa00d1fe300000000000000600000001005b57
[TCP] TX bytes=21 raw=aa5500d130fe000000000000060000000100015c57
[TCP] RX serial=49 dst=31 code=00 reg=0x00000002 len=2 raw=55aa0049fe31000000000000020000000200d156
[TCP] TX bytes=22 raw=aa55004931fe00000000000002000000020066063d57
[TCP] RX serial=DE dst=31 code=00 reg=0x00000016 len=8 raw=55aa00defe310000000000001600000008008057
[TCP] TX bytes=28 raw=aa5500de31fe0000000000001600000008004d363630310100009b58
[TCP] RX serial=8D dst=31 code=00 reg=0x14000000 len=88 raw=55aa008dfe310000000000000000001458007d57
[TCP] TX bytes=108 raw=aa55008d31fe0000000000000000001458004e5354520405060708090a0b0c0d0e0f101112131415161718191a1b1c1d1e1f20212223242526272829...
[TCP] RX serial=BF dst=31 code=00 reg=0x00000006 len=1 raw=55aa00bffe310000000000000600000001004a57
[TCP] TX bytes=21 raw=aa5500bf31fe000000000000060000000100014b57
[TCP] RX serial=4F dst=32 code=00 reg=0x00000002 len=2 raw=55aa004ffe32000000000000020000000200d856
[TCP] TX bytes=22 raw=aa55004f32fe00000000000002000000020066064457
[TCP] RX serial=65 dst=32 code=00 reg=0x00000016 len=8 raw=55aa0065fe320000000000001600000008000857
[TCP] TX bytes=28 raw=aa55006532fe0000000000001600000008004d363630320100002458
[TCP] RX serial=40 dst=32 code=00 reg=0x14000000 len=88 raw=55aa0040fe320000000000000000001458003157
[TCP] TX bytes=108 raw=aa55004032fe0000000000000000001458004e5354520405060708090a0b0c0d0e0f101112131415161718191a1b1c1d1e1f20212223242526272829...
[TCP] RX serial=A7 dst=32 code=00 reg=0x00000006 len=1 raw=55aa00a7fe320000000000000600000001003357
[TCP] TX bytes=21 raw=aa5500a732fe000000000000060000000100013457
[TCP] RX serial=ED dst=33 code=00 reg=0x00000002 len=2 raw=55aa00edfe330000000000000200000002007757
[TCP] TX bytes=22 raw=aa5500ed33fe0000000000000200000002006606e357
[TCP] RX serial=03 dst=33 code=00 reg=0x00000016 len=8 raw=55aa0003fe33000000000000160000000800a756
[TCP] TX bytes=28 raw=aa55000333fe0000000000001600000008004d36363033010000c457
[TCP] RX serial=DF dst=33 code=00 reg=0x14000000 len=88 raw=55aa00dffe33000000000000000000145800d157
[TCP] TX bytes=108 raw=aa5500df33fe0000000000000000001458004e5354520405060708090a0b0c0d0e0f101112131415161718191a1b1c1d1e1f20212223242526272829...
[TCP] RX serial=EF dst=33 code=00 reg=0x00000006 len=1 raw=55aa00effe330000000000000600000001007c57
[TCP] TX bytes=21 raw=aa5500ef33fe000000000000060000000100017d57
[TCP] RX serial=91 dst=34 code=00 reg=0x00000002 len=2 raw=55aa0091fe340000000000000200000002001c57
[TCP] TX bytes=22 raw=aa55009134fe00000000000002000000020066068857
[TCP] RX serial=33 dst=34 code=00 reg=0x00000016 len=8 raw=55aa0033fe34000000000000160000000800d856
[TCP] TX bytes=28 raw=aa55003334fe0000000000001600000008004d36363034010000f657
[TCP] RX serial=EF dst=34 code=00 reg=0x14000000 len=88 raw=55aa00effe34000000000000000000145800e257
[TCP] TX bytes=108 raw=aa5500ef34fe0000000000000000001458004e5354520405060708090a0b0c0d0e0f101112131415161718191a1b1c1d1e1f20212223242526272829...
[TCP] RX serial=4A dst=34 code=00 reg=0x00000006 len=1 raw=55aa004afe34000000000000060000000100d856
[TCP] TX bytes=21 raw=aa55004a34fe00000000000006000000010001d956
[TCP] RX serial=97 dst=35 code=00 reg=0x00000002 len=2 raw=55aa0097fe350000000000000200000002002357
[TCP] TX bytes=22 raw=aa55009735fe00000000000002000000020066068f57
[TCP] RX serial=3C dst=35 code=00 reg=0x00000016 len=8 raw=55aa003cfe35000000000000160000000800e256
[TCP] TX bytes=28 raw=aa55003c35fe0000000000001600000008004d363630350100000158
[TCP] RX serial=84 dst=35 code=00 reg=0x14000000 len=88 raw=55aa0084fe350000000000000000001458007857
[TCP] TX bytes=108 raw=aa55008435fe0000000000000000001458004e5354520405060708090a0b0c0d0e0f101112131415161718191a1b1c1d1e1f20212223242526272829...
[TCP] RX serial=C1 dst=35 code=00 reg=0x00000006 len=1 raw=55aa00c1fe350000000000000600000001005057
[TCP] TX bytes=21 raw=aa5500c135fe000000000000060000000100015157
[TCP] RX serial=19 dst=36 code=00 reg=0x00000002 len=2 raw=55aa0019fe36000000000000020000000200a656
[TCP] TX bytes=22 raw=aa55001936fe00000000000002000000020066061257
[TCP] RX serial=71 dst=36 code=00 reg=0x00000016 len=8 raw=55aa0071fe360000000000001600000008001857
[TCP] TX bytes=28 raw=aa55007136fe0000000000001600000008004d363630360100003858
[TCP] RX serial=BF dst=36 code=00 reg=0x14000000 len=88 raw=55aa00bffe36000000000000000000145800b457
[TCP] TX bytes=108 raw=aa5500bf36fe0000000000000000001458004e5354520405060708090a0b0c0d0e0f101112131415161718191a1b1c1d1e1f20212223242526272829...
[TCP] RX serial=59 dst=36 code=00 reg=0x00000006 len=1 raw=55aa0059fe36000000000000060000000100e956
[TCP] TX bytes=21 raw=aa55005936fe00000000000006000000010001ea56
[TCP] RX serial=3C dst=37 code=00 reg=0x00000002 len=2 raw=55aa003cfe37000000000000020000000200ca56
[TCP] TX bytes=22 raw=aa55003c37fe00000000000002000000020066063657
[TCP] RX serial=D0 dst=37 code=00 reg=0x00000016 len=8 raw=55aa00d0fe370000000000001600000008007857
[TCP] TX bytes=28 raw=aa5500d037fe0000000000001600000008004d363630370100009958
[TCP] RX serial=15 dst=37 code=00 reg=0x14000000 len=88 raw=55aa0015fe370000000000000000001458000b57
[TCP] TX bytes=108 raw=aa55001537fe0000000000000000001458004e5354520405060708090a0b0c0d0e0f101112131415161718191a1b1c1d1e1f20212223242526272829...
[TCP] RX serial=3D dst=37 code=00 reg=0x00000006 len=1 raw=55aa003dfe37000000000000060000000100ce56
[TCP] TX bytes=21 raw=aa55003d37fe00000000000006000000010001cf56
[TCP] RX serial=7B dst=38 code=00 reg=0x00000002 len=2 raw=55aa007bfe380000000000000200000002000a57
[TCP] TX bytes=22 raw=aa55007b38fe00000000000002000000020066067657
[TCP] RX serial=A8 dst=38 code=00 reg=0x00000016 len=8 raw=55aa00a8fe380000000000001600000008005157
[TCP] TX bytes=28 raw=aa5500a838fe0000000000001600000008004d363630380100007358
[TCP] RX serial=11 dst=38 code=00 reg=0x14000000 len=88 raw=55aa0011fe380000000000000000001458000857
[TCP] TX bytes=108 raw=aa55001138fe0000000000000000001458004e5354520405060708090a0b0c0d0e0f101112131415161718191a1b1c1d1e1f20212223242526272829...
[TCP] RX serial=11 dst=38 code=00 reg=0x00000006 len=1 raw=55aa0011fe38000000000000060000000100a356
[TCP] TX bytes=21 raw=aa55001138fe00000000000006000000010001a456
[TCP] RX serial=C7 dst=39 code=00 reg=0x00000002 len=2 raw=55aa00c7fe390000000000000200000002005757
[TCP] TX bytes=22 raw=aa5500c739fe0000000000000200000002006606c357
[TCP] RX serial=F5 dst=39 code=00 reg=0x00000016 len=8 raw=55aa00f5fe390000000000001600000008009f57
[TCP] TX bytes=28 raw=aa5500f539fe0000000000001600000008004d36363039010000c258
[TCP] RX serial=83 dst=39 code=00 reg=0x14000000 len=88 raw=55aa0083fe390000000000000000001458007b57
[TCP] TX bytes=108 raw=aa55008339fe0000000000000000001458004e5354520405060708090a0b0c0d0e0f101112131415161718191a1b1c1d1e1f20212223242526272829...
[TCP] RX serial=9C dst=39 code=00 reg=0x00000006 len=1 raw=55aa009cfe390000000000000600000001002f57
[TCP] TX bytes=21 raw=aa55009c39fe000000000000060000000100013057
[TCP] RX serial=E6 dst=3A code=00 reg=0x00000002 len=2 raw=55aa00e6fe3a0000000000000200000002007757
[TCP] TX bytes=22 raw=aa5500e63afe0000000000000200000002006606e357
[TCP] RX serial=40 dst=3A code=00 reg=0x00000016 len=8 raw=55aa0040fe3a000000000000160000000800eb56
[TCP] TX bytes=28 raw=aa5500403afe0000000000001600000008004d3636303a0100000f58
[TCP] RX serial=D1 dst=3A code=00 reg=0x14000000 len=88 raw=55aa00d1fe3a000000000000000000145800ca57
[TCP] TX bytes=108 raw=aa5500d13afe0000000000000000001458004e5354520405060708090a0b0c0d0e0f101112131415161718191a1b1c1d1e1f20212223242526272829...
[TCP] RX serial=DB dst=3A code=00 reg=0x00000006 len=1 raw=55aa00dbfe3a0000000000000600000001006f57
[TCP] TX bytes=21 raw=aa5500db3afe000000000000060000000100017057
[TCP] RX serial=2D dst=3B code=00 reg=0x00000002 len=2 raw=55aa002dfe3b000000000000020000000200bf56
[TCP] TX bytes=22 raw=aa55002d3bfe00000000000002000000020066062b57
[TCP] RX serial=2D dst=3B code=00 reg=0x00000016 len=8 raw=55aa002dfe3b000000000000160000000800d956
[TCP] TX bytes=28 raw=aa55002d3bfe0000000000001600000008004d3636303b010000fe57
[TCP] RX serial=0D dst=3B code=00 reg=0x14000000 len=88 raw=55aa000dfe3b0000000000000000001458000757
[TCP] TX bytes=108 raw=aa55000d3bfe0000000000000000001458004e5354520405060708090a0b0c0d0e0f101112131415161718191a1b1c1d1e1f20212223242526272829...
[TCP] RX serial=D9 dst=3B code=00 reg=0x00000006 len=1 raw=55aa00d9fe3b0000000000000600000001006e57
[TCP] TX bytes=21 raw=aa5500d93bfe000000000000060000000100016f57
[TCP] RX serial=02 dst=3C code=00 reg=0x00000002 len=2 raw=55aa0002fe3c0000000000000200000002009556
[TCP] TX bytes=22 raw=aa5500023cfe00000000000002000000020066060157
[TCP] RX serial=77 dst=3C code=00 reg=0x00000016 len=8 raw=55aa0077fe3c0000000000001600000008002457
[TCP] TX bytes=28 raw=aa5500773cfe0000000000001600000008004d3636303c0100004a58
[TCP] RX serial=BF dst=3C code=00 reg=0x14000000 len=88 raw=55aa00bffe3c000000000000000000145800ba57
[TCP] TX bytes=108 raw=aa5500bf3cfe0000000000000000001458004e5354520405060708090a0b0c0d0e0f101112131415161718191a1b1c1d1e1f20212223242526272829...
[TCP] RX serial=85 dst=3C code=00 reg=0x00000006 len=1 raw=55aa0085fe3c0000000000000600000001001b57
[TCP] TX bytes=21 raw=aa5500853cfe000000000000060000000100011c57
[TCP] RX serial=AC dst=3D code=00 reg=0x00000002 len=2 raw=55aa00acfe3d0000000000000200000002004057
[TCP] TX bytes=22 raw=aa5500ac3dfe0000000000000200000002006606ac57
[TCP] RX serial=84 dst=3D code=00 reg=0x00000016 len=8 raw=55aa0084fe3d0000000000001600000008003257
[TCP] TX bytes=28 raw=aa5500843dfe0000000000001600000008004d3636303d0100005958
[TCP] RX serial=70 dst=3D code=00 reg=0x14000000 len=88 raw=55aa0070fe3d0000000000000000001458006c57
[TCP] TX bytes=108 raw=aa5500703dfe0000000000000000001458004e5354520405060708090a0b0c0d0e0f101112131415161718191a1b1c1d1e1f20212223242526272829...
[TCP] RX serial=B5 dst=3D code=00 reg=0x00000006 len=1 raw=55aa00b5fe3d0000000000000600000001004c57
[TCP] TX bytes=21 raw=aa5500b53dfe000000000000060000000100014d57
[TCP] RX serial=54 dst=3E code=00 reg=0x00000002 len=2 raw=55aa0054fe3e000000000000020000000200e956
[TCP] TX bytes=22 raw=aa5500543efe00000000000002000000020066065557
[TCP] RX serial=34 dst=3E code=00 reg=0x00000016 len=8 raw=55aa0034fe3e000000000000160000000800e356
[TCP] TX bytes=28 raw=aa5500343efe0000000000001600000008004d3636303e0100000b58
[TCP] RX serial=B7 dst=3E code=00 reg=0x14000000 len=88 raw=55aa00b7fe3e000000000000000000145800b457
[TCP] TX bytes=108 raw=aa5500b73efe0000000000000000001458004e5354520405060708090a0b0c0d0e0f101112131415161718191a1b1c1d1e1f20212223242526272829...
[TCP] RX serial=D6 dst=3E code=00 reg=0x00000006 len=1 raw=55aa00d6fe3e0000000000000600000001006e57
[TCP] TX bytes=21 raw=aa5500d63efe000000000000060000000100016f57
[TCP] RX serial=1E dst=3F code=00 reg=0x00000002 len=2 raw=55aa001efe3f000000000000020000000200b456
[TCP] TX bytes=22 raw=aa55001e3ffe00000000000002000000020066062057
[TCP] RX serial=34 dst=3F code=00 reg=0x00000016 len=8 raw=55aa0034fe3f000000000000160000000800e456
[TCP] TX bytes=28 raw=aa5500343ffe0000000000001600000008004d3636303f0100000d58
[TCP] RX serial=83 dst=3F code=00 reg=0x14000000 len=88 raw=55aa0083fe3f0000000000000000001458008157
[TCP] TX bytes=108 raw=aa5500833ffe0000000000000000001458004e5354520405060708090a0b0c0d0e0f101112131415161718191a1b1c1d1e1f20212223242526272829...
[TCP] RX serial=7E dst=3F code=00 reg=0x00000006 len=1 raw=55aa007efe3f0000000000000600000001001757
[TCP] TX bytes=21 raw=aa55007e3ffe000000000000060000000100011857
[TCP] RX serial=4F dst=40 code=00 reg=0x00000002 len=2 raw=55aa004ffe40000000000000020000000200e656
[TCP] TX bytes=22 raw=aa55004f40fe00000000000002000000020066065257
[TCP] RX serial=02 dst=40 code=00 reg=0x00000016 len=8 raw=55aa0002fe40000000000000160000000800b356
[TCP] TX bytes=28 raw=aa55000240fe0000000000001600000008004d36363040010000dd57
[TCP] RX serial=2B dst=40 code=00 reg=0x14000000 len=88 raw=55aa002bfe400000000000000000001458002a57
[TCP] TX bytes=108 raw=aa55002b40fe0000000000000000001458004e5354520405060708090a0b0c0d0e0f101112131415161718191a1b1c1d1e1f20212223242526272829...
[TCP] RX serial=45 dst=40 code=00 reg=0x00000006 len=1 raw=55aa0045fe40000000000000060000000100df56
[TCP] TX bytes=21 raw=aa55004540fe00000000000006000000010001e056
[TCP] RX serial=F0 dst=41 code=00 reg=0x00000002 len=2 raw=55aa00f0fe410000000000000200000002008857
[TCP] TX bytes=22 raw=aa5500f041fe0000000000000200000002006606f457
[TCP] RX serial=CD dst=41 code=00 reg=0x00000016 len=8 raw=55aa00cdfe410000000000001600000008007f57
[TCP] TX bytes=28 raw=aa5500cd41fe0000000000001600000008004d36363041010000aa58
[TCP] RX serial=28 dst=41 code=00 reg=0x14000000 len=88 raw=55aa0028fe410000000000000000001458002857
[TCP] TX bytes=108 raw=aa55002841fe0000000000000000001458004e5354520405060708090a0b0c0d0e0f101112131415161718191a1b1c1d1e1f20212223242526272829...
[TCP] RX serial=9B dst=41 code=00 reg=0x00000006 len=1 raw=55aa009bfe410000000000000600000001003657
[TCP] TX bytes=21 raw=aa55009b41fe000000000000060000000100013757
[TCP] RX serial=AE dst=42 code=00 reg=0x00000002 len=2 raw=55aa00aefe420000000000000200000002004757
[TCP] TX bytes=22 raw=aa5500ae42fe0000000000000200000002006606b357
[TCP] RX serial=52 dst=42 code=00 reg=0x00000016 len=8 raw=55aa0052fe420000000000001600000008000557
[TCP] TX bytes=28 raw=aa55005242fe0000000000001600000008004d363630420100003158
[TCP] RX serial=62 dst=42 code=00 reg=0x14000000 len=88 raw=55aa0062fe420000000000000000001458006357
[TCP] TX bytes=108 raw=aa55006242fe0000000000000000001458004e5354520405060708090a0b0c0d0e0f101112131415161718191a1b1c1d1e1f20212223242526272829...
[TCP] RX serial=57 dst=42 code=00 reg=0x00000006 len=1 raw=55aa0057fe42000000000000060000000100f356
[TCP] TX bytes=21 raw=aa55005742fe00000000000006000000010001f456
[TCP] RX serial=69 dst=43 code=00 reg=0x00000002 len=2 raw=55aa0069fe430000000000000200000002000357
[TCP] TX bytes=22 raw=aa55006943fe00000000000002000000020066066f57
[TCP] RX serial=A8 dst=43 code=00 reg=0x00000016 len=8 raw=55aa00a8fe430000000000001600000008005c57
[TCP] TX bytes=28 raw=aa5500a843fe0000000000001600000008004d363630430100008958
[TCP] RX serial=93 dst=43 code=00 reg=0x14000000 len=88 raw=55aa0093fe430000000000000000001458009557
[TCP] TX bytes=108 raw=aa55009343fe0000000000000000001458004e5354520405060708090a0b0c0d0e0f101112131415161718191a1b1c1d1e1f20212223242526272829...
[TCP] RX serial=EB dst=43 code=00 reg=0x00000006 len=1 raw=55aa00ebfe430000000000000600000001008857
[TCP] TX bytes=21 raw=aa5500eb43fe000000000000060000000100018957
[TCP] RX serial=63 dst=44 code=00 reg=0x00000002 len=2 raw=55aa0063fe44000000000000020000000200fe56
[TCP] TX bytes=22 raw=aa55006344fe00000000000002000000020066066a57
[TCP] RX serial=E4 dst=44 code=00 reg=0x00000016 len=8 raw=55aa00e4fe440000000000001600000008009957
[TCP] TX bytes=28 raw=aa5500e444fe0000000000001600000008004d36363044010000c758
[TCP] RX serial=57 dst=44 code=00 reg=0x14000000 len=88 raw=55aa0057fe440000000000000000001458005a57
[TCP] TX bytes=108 raw=aa55005744fe0000000000000000001458004e5354520405060708090a0b0c0d0e0f101112131415161718191a1b1c1d1e1f20212223242526272829...
[TCP] RX serial=C3 dst=44 code=00 reg=0x00000006 len=1 raw=55aa00c3fe440000000000000600000001006157
[TCP] TX bytes=21 raw=aa5500c344fe000000000000060000000100016257
[TCP] RX serial=10 dst=45 code=00 reg=0x00000002 len=2 raw=55aa0010fe45000000000000020000000200ac56
[TCP] TX bytes=22 raw=aa55001045fe00000000000002000000020066061857
[TCP] RX serial=8F dst=45 code=00 reg=0x00000016 len=8 raw=55aa008ffe450000000000001600000008004557
[TCP] TX bytes=28 raw=aa55008f45fe0000000000001600000008004d363630450100007458
[TCP] RX serial=90 dst=45 code=00 reg=0x14000000 len=88 raw=55aa0090fe450000000000000000001458009457
[TCP] TX bytes=108 raw=aa55009045fe0000000000000000001458004e5354520405060708090a0b0c0d0e0f101112131415161718191a1b1c1d1e1f20212223242526272829...
[TCP] RX serial=F6 dst=45 code=00 reg=0x00000006 len=1 raw=55aa00f6fe450000000000000600000001009557
[TCP] TX bytes=21 raw=aa5500f645fe000000000000060000000100019657
[TCP] RX serial=37 dst=46 code=00 reg=0x00000002 len=2 raw=55aa0037fe46000000000000020000000200d456
[TCP] TX bytes=22 raw=aa55003746fe00000000000002000000020066064057
[TCP] RX serial=5B dst=46 code=00 reg=0x00000016 len=8 raw=55aa005bfe460000000000001600000008001257
[TCP] TX bytes=28 raw=aa55005b46fe0000000000001600000008004d363630460100004258
[TCP] RX serial=BB dst=46 code=00 reg=0x14000000 len=88 raw=55aa00bbfe46000000000000000000145800c057
[TCP] TX bytes=108 raw=aa5500bb46fe0000000000000000001458004e5354520405060708090a0b0c0d0e0f101112131415161718191a1b1c1d1e1f20212223242526272829...
[TCP] RX serial=92 dst=46 code=00 reg=0x00000006 len=1 raw=55aa0092fe460000000000000600000001003257
[TCP] TX bytes=21 raw=aa55009246fe000000000000060000000100013357
[TCP] RX serial=3D dst=47 code=00 reg=0x00000002 len=2 raw=55aa003dfe47000000000000020000000200db56
[TCP] TX bytes=22 raw=aa55003d47fe00000000000002000000020066064757
[TCP] RX serial=AB dst=47 code=00 reg=0x00000016 len=8 raw=55aa00abfe470000000000001600000008006357
[TCP] TX bytes=28 raw=aa5500ab47fe0000000000001600000008004d363630470100009458
[TCP] RX serial=7D dst=47 code=00 reg=0x14000000 len=88 raw=55aa007dfe470000000000000000001458008357
[TCP] TX bytes=108 raw=aa55007d47fe0000000000000000001458004e5354520405060708090a0b0c0d0e0f101112131415161718191a1b1c1d1e1f20212223242526272829...
[TCP] RX serial=B2 dst=47 code=00 reg=0x00000006 len=1 raw=55aa00b2fe470000000000000600000001005357
[TCP] TX bytes=21 raw=aa5500b247fe000000000000060000000100015457
[TCP] RX serial=BB dst=48 code=00 reg=0x00000002 len=2 raw=55aa00bbfe480000000000000200000002005a57
[TCP] TX bytes=22 raw=aa5500bb48fe0000000000000200000002006606c657
[TCP] RX serial=53 dst=48 code=00 reg=0x00000016 len=8 raw=55aa0053fe480000000000001600000008000c57
[TCP] TX bytes=28 raw=aa55005348fe0000000000001600000008004d363630480100003e58
[TCP] RX serial=8B dst=48 code=00 reg=0x14000000 len=88 raw=55aa008bfe480000000000000000001458009257
[TCP] TX bytes=108 raw=aa55008b48fe0000000000000000001458004e5354520405060708090a0b0c0d0e0f101112131415161718191a1b1c1d1e1f20212223242526272829...
[TCP] RX serial=2B dst=48 code=00 reg=0x00000006 len=1 raw=55aa002bfe48000000000000060000000100cd56
[TCP] TX bytes=21 raw=aa55002b48fe00000000000006000000010001ce56
[TCP] RX serial=01 dst=49 code=00 reg=0x00000002 len=2 raw=55aa0001fe49000000000000020000000200a156
[TCP] TX bytes=22 raw=aa55000149fe00000000000002000000020066060d57
[TCP] RX serial=C6 dst=49 code=00 reg=0x00000016 len=8 raw=55aa00c6fe490000000000001600000008008057
[TCP] TX bytes=28 raw=aa5500c649fe0000000000001600000008004d36363049010000b358
[TCP] RX serial=E7 dst=49 code=00 reg=0x14000000 len=88 raw=55aa00e7fe49000000000000000000145800ef57
[TCP] TX bytes=108 raw=aa5500e749fe0000000000000000001458004e5354520405060708090a0b0c0d0e0f101112131415161718191a1b1c1d1e1f20212223242526272829...
[TCP] RX serial=33 dst=49 code=00 reg=0x00000006 len=1 raw=55aa0033fe49000000000000060000000100d656
[TCP] TX bytes=21 raw=aa55003349fe00000000000006000000010001d756
[TCP] RX serial=4F dst=4A code=00 reg=0x00000002 len=2 raw=55aa004ffe4a000000000000020000000200f056
[TCP] TX bytes=22 raw=aa55004f4afe00000000000002000000020066065c57
[TCP] RX serial=24 dst=4A code=00 reg=0x00000016 len=8 raw=55aa0024fe4a000000000000160000000800df56
[TCP] TX bytes=28 raw=aa5500244afe0000000000001600000008004d3636304a0100001358
[TCP] RX serial=D5 dst=4A code=00 reg=0x14000000 len=88 raw=55aa00d5fe4a000000000000000000145800de57
[TCP] TX bytes=108 raw=aa5500d54afe0000000000000000001458004e5354520405060708090a0b0c0d0e0f101112131415161718191a1b1c1d1e1f20212223242526272829...
[TCP] RX serial=59 dst=4A code=00 reg=0x00000006 len=1 raw=55aa0059fe4a000000000000060000000100fd56
[TCP] TX bytes=21 raw=aa5500594afe00000000000006000000010001fe56
[TCP] RX serial=21 dst=4B code=00 reg=0x00000002 len=2 raw=55aa0021fe4b000000000000020000000200c356
[TCP] TX bytes=22 raw=aa5500214bfe00000000000002000000020066062f57
[TCP] RX serial=19 dst=4B code=00 reg=0x00000016 len=8 raw=55aa0019fe4b000000000000160000000800d556
[TCP] TX bytes=28 raw=aa5500194bfe0000000000001600000008004d3636304b0100000a58
[TCP] RX serial=4B dst=4B code=00 reg=0x14000000 len=88 raw=55aa004bfe4b0000000000000000001458005557
[TCP] TX bytes=108 raw=aa55004b4bfe0000000000000000001458004e5354520405060708090a0b0c0d0e0f101112131415161718191a1b1c1d1e1f20212223242526272829...
[TCP] RX serial=AB dst=4B code=00 reg=0x00000006 len=1 raw=55aa00abfe4b0000000000000600000001005057
[TCP] TX bytes=21 raw=aa5500ab4bfe000000000000060000000100015157
[TCP] RX serial=9F dst=4C code=00 reg=0x00000002 len=2 raw=55aa009ffe4c0000000000000200000002004257
[TCP] TX bytes=22 raw=aa55009f4cfe0000000000000200000002006606ae57
[TCP] RX serial=CB dst=4C code=00 reg=0x00000016 len=8 raw=55aa00cbfe4c0000000000001600000008008857
[TCP] TX bytes=28 raw=aa5500cb4cfe0000000000001600000008004d3636304c010000be58
[TCP] RX serial=73 dst=4C code=00 reg=0x14000000 len=88 raw=55aa0073fe4c0000000000000000001458007e57
[TCP] TX bytes=108 raw=aa5500734cfe0000000000000000001458004e5354520405060708090a0b0c0d0e0f101112131415161718191a1b1c1d1e1f20212223242526272829...
[TCP] RX serial=38 dst=4C code=00 reg=0x00000006 len=1 raw=55aa0038fe4c000000000000060000000100de56
[TCP] TX bytes=21 raw=aa5500384cfe00000000000006000000010001df56
[TCP] RX serial=DB dst=4D code=00 reg=0x00000002 len=2 raw=55aa00dbfe4d0000000000000200000002007f57
[TCP] TX bytes=22 raw=aa5500db4dfe0000000000000200000002006606eb57
[TCP] RX serial=BF dst=4D code=00 reg=0x00000016 len=8 raw=55aa00bffe4d0000000000001600000008007d57
[TCP] TX bytes=28 raw=aa5500bf4dfe0000000000001600000008004d3636304d010000b458
[TCP] RX serial=6D dst=4D code=00 reg=0x14000000 len=88 raw=55aa006dfe4d0000000000000000001458007957
[TCP] TX bytes=108 raw=aa55006d4dfe0000000000000000001458004e5354520405060708090a0b0c0d0e0f101112131415161718191a1b1c1d1e1f20212223242526272829...
[TCP] RX serial=BF dst=4D code=00 reg=0x00000006 len=1 raw=55aa00bffe4d0000000000000600000001006657
[TCP] TX bytes=21 raw=aa5500bf4dfe000000000000060000000100016757
[TCP] RX serial=71 dst=4E code=00 reg=0x00000002 len=2 raw=55aa0071fe4e0000000000000200000002001657
[TCP] TX bytes=22 raw=aa5500714efe00000000000002000000020066068257
[TCP] RX serial=34 dst=4E code=00 reg=0x00000016 len=8 raw=55aa0034fe4e000000000000160000000800f356
[TCP] TX bytes=28 raw=aa5500344efe0000000000001600000008004d3636304e0100002b58
[TCP] RX serial=0E dst=4E code=00 reg=0x14000000 len=88 raw=55aa000efe4e0000000000000000001458001b57
[TCP] TX bytes=108 raw=aa55000e4efe0000000000000000001458004e5354520405060708090a0b0c0d0e0f101112131415161718191a1b1c1d1e1f20212223242526272829...
[TCP] RX serial=95 dst=4E code=00 reg=0x00000006 len=1 raw=55aa0095fe4e0000000000000600000001003d57
[TCP] TX bytes=21 raw=aa5500954efe000000000000060000000100013e57
[TCP] RX serial=11 dst=4F code=00 reg=0x00000002 len=2 raw=55aa0011fe4f000000000000020000000200b756
[TCP] TX bytes=22 raw=aa5500114ffe00000000000002000000020066062357
[TCP] RX serial=94 dst=4F code=00 reg=0x00000016 len=8 raw=55aa0094fe4f0000000000001600000008005457
[TCP] TX bytes=28 raw=aa5500944ffe0000000000001600000008004d3636304f0100008d58
[TCP] RX serial=5D dst=4F code=00 reg=0x14000000 len=88 raw=55aa005dfe4f0000000000000000001458006b57
[TCP] TX bytes=108 raw=aa55005d4ffe0000000000000000001458004e5354520405060708090a0b0c0d0e0f101112131415161718191a1b1c1d1e1f20212223242526272829...
[TCP] RX serial=03 dst=4F code=00 reg=0x00000006 len=1 raw=55aa0003fe4f000000000000060000000100ac56
[TCP] TX bytes=21 raw=aa5500034ffe00000000000006000000010001ad56
[TCP] RX serial=D4 dst=50 code=00 reg=0x00000002 len=2 raw=55aa00d4fe500000000000000200000002007b57
[TCP] TX bytes=22 raw=aa5500d450fe0000000000000200000002006606e757
[TCP] RX serial=AF dst=50 code=00 reg=0x00000016 len=8 raw=55aa00affe500000000000001600000008007057
[TCP] TX bytes=28 raw=aa5500af50fe0000000000001600000008004d36363050010000aa58
[TCP] RX serial=9A dst=50 code=00 reg=0x14000000 len=88 raw=55aa009afe50000000000000000000145800a957
[TCP] TX bytes=108 raw=aa55009a50fe0000000000000000001458004e5354520405060708090a0b0c0d0e0f101112131415161718191a1b1c1d1e1f20212223242526272829...
[TCP] RX serial=16 dst=50 code=00 reg=0x00000006 len=1 raw=55aa0016fe50000000000000060000000100c056
[TCP] TX bytes=21 raw=aa55001650fe00000000000006000000010001c156
[TCP] RX serial=1C dst=51 code=00 reg=0x00000002 len=2 raw=55aa001cfe51000000000000020000000200c456
[TCP] TX bytes=22 raw=aa55001c51fe00000000000002000000020066063057
[TCP] RX serial=68 dst=51 code=00 reg=0x00000016 len=8 raw=55aa0068fe510000000000001600000008002a57
[TCP] TX bytes=28 raw=aa55006851fe0000000000001600000008004d363630510100006558
[TCP] RX serial=E9 dst=51 code=00 reg=0x14000000 len=88 raw=55aa00e9fe51000000000000000000145800f957
[TCP] TX bytes=108 raw=aa5500e951fe0000000000000000001458004e5354520405060708090a0b0c0d0e0f101112131415161718191a1b1c1d1e1f20212223242526272829...
[TCP] RX serial=9B dst=51 code=00 reg=0x00000006 len=1 raw=55aa009bfe510000000000000600000001004657
[TCP] TX bytes=21 raw=aa55009b51fe000000000000060000000100014757
[TCP] RX serial=FC dst=52 code=00 reg=0x00000002 len=2 raw=55aa00fcfe52000000000000020000000200a557
[TCP] TX bytes=22 raw=aa5500fc52fe00000000000002000000020066061158
[TCP] RX serial=23 dst=52 code=00 reg=0x00000016 len=8 raw=55aa0023fe52000000000000160000000800e656
[TCP] TX bytes=28 raw=aa55002352fe0000000000001600000008004d363630520100002258
[TCP] RX serial=74 dst=52 code=00 reg=0x14000000 len=88 raw=55aa0074fe520000000000000000001458008557
[TCP] TX bytes=108 raw=aa55007452fe0000000000000000001458004e5354520405060708090a0b0c0d0e0f101112131415161718191a1b1c1d1e1f20212223242526272829...
[TCP] RX serial=EB dst=52 code=00 reg=0x00000006 len=1 raw=55aa00ebfe520000000000000600000001009757
[TCP] TX bytes=21 raw=aa5500eb52fe000000000000060000000100019857
[TCP] RX serial=B9 dst=53 code=00 reg=0x00000002 len=2 raw=55aa00b9fe530000000000000200000002006357
[TCP] TX bytes=22 raw=aa5500b953fe0000000000000200000002006606cf57
[TCP] RX serial=36 dst=53 code=00 reg=0x00000016 len=8 raw=55aa0036fe53000000000000160000000800fa56
[TCP] TX bytes=28 raw=aa55003653fe0000000000001600000008004d363630530100003758
[TCP] RX serial=D5 dst=53 code=00 reg=0x14000000 len=88 raw=55aa00d5fe53000000000000000000145800e757
[TCP] TX bytes=108 raw=aa5500d553fe0000000000000000001458004e5354520405060708090a0b0c0d0e0f101112131415161718191a1b1c1d1e1f20212223242526272829...
[TCP] RX serial=1D dst=53 code=00 reg=0x00000006 len=1 raw=55aa001dfe53000000000000060000000100ca56
[TCP] TX bytes=21 raw=aa55001d53fe00000000000006000000010001cb56
[TCP] RX serial=0F dst=54 code=00 reg=0x00000002 len=2 raw=55aa000ffe54000000000000020000000200ba56
[TCP] TX bytes=22 raw=aa55000f54fe00000000000002000000020066062657
[TCP] RX serial=10 dst=54 code=00 reg=0x00000016 len=8 raw=55aa0010fe54000000000000160000000800d556
[TCP] TX bytes=28 raw=aa55001054fe0000000000001600000008004d363630540100001358
[TCP] RX serial=F2 dst=54 code=00 reg=0x14000000 len=88 raw=55aa00f2fe540000000000000000001458000558
[TCP] TX bytes=108 raw=aa5500f254fe0000000000000000001458004e5354520405060708090a0b0c0d0e0f101112131415161718191a1b1c1d1e1f20212223242526272829...
[TCP] RX serial=70 dst=54 code=00 reg=0x00000006 len=1 raw=55aa0070fe540000000000000600000001001e57
[TCP] TX bytes=21 raw=aa55007054fe000000000000060000000100011f57
[TCP] RX serial=38 dst=55 code=00 reg=0x00000002 len=2 raw=55aa0038fe55000000000000020000000200e456
[TCP] TX bytes=22 raw=aa55003855fe00000000000002000000020066065057
[TCP] RX serial=44 dst=55 code=00 reg=0x00000016 len=8 raw=55aa0044fe550000000000001600000008000a57
[TCP] TX bytes=28 raw=aa55004455fe0000000000001600000008004d363630550100004958
[TCP] RX serial=D5 dst=55 code=00 reg=0x14000000 len=88 raw=55aa00d5fe55000000000000000000145800e957
[TCP] TX bytes=108 raw=aa5500d555fe0000000000000000001458004e5354520405060708090a0b0c0d0e0f101112131415161718191a1b1c1d1e1f20212223242526272829...
[TCP] RX serial=FB dst=55 code=00 reg=0x00000006 len=1 raw=55aa00fbfe55000000000000060000000100aa57
[TCP] TX bytes=21 raw=aa5500fb55fe00000000000006000000010001ab57
[TCP] RX serial=E4 dst=56 code=00 reg=0x00000002 len=2 raw=55aa00e4fe560000000000000200000002009157
[TCP] TX bytes=22 raw=aa5500e456fe0000000000000200000002006606fd57
[TCP] RX serial=CB dst=56 code=00 reg=0x00000016 len=8 raw=55aa00cbfe560000000000001600000008009257
[TCP] TX bytes=28 raw=aa5500cb56fe0000000000001600000008004d36363056010000d258
[TCP] RX serial=B9 dst=56 code=00 reg=0x14000000 len=88 raw=55aa00b9fe56000000000000000000145800ce57
[TCP] TX bytes=108 raw=aa5500b956fe0000000000000000001458004e5354520405060708090a0b0c0d0e0f101112131415161718191a1b1c1d1e1f20212223242526272829...
[TCP] RX serial=CC dst=56 code=00 reg=0x00000006 len=1 raw=55aa00ccfe560000000000000600000001007c57
[TCP] TX bytes=21 raw=aa5500cc56fe000000000000060000000100017d57
[TCP] RX serial=B8 dst=57 code=00 reg=0x00000002 len=2 raw=55aa00b8fe570000000000000200000002006657
[TCP] TX bytes=22 raw=aa5500b857fe0000000000000200000002006606d257
[TCP] RX serial=51 dst=57 code=00 reg=0x00000016 len=8 raw=55aa0051fe570000000000001600000008001957
[TCP] TX bytes=28 raw=aa55005157fe0000000000001600000008004d363630570100005a58
[TCP] RX serial=22 dst=57 code=00 reg=0x14000000 len=88 raw=55aa0022fe570000000000000000001458003857
[TCP] TX bytes=108 raw=aa55002257fe0000000000000000001458004e5354520405060708090a0b0c0d0e0f101112131415161718191a1b1c1d1e1f20212223242526272829...
[TCP] RX serial=B9 dst=57 code=00 reg=0x00000006 len=1 raw=55aa00b9fe570000000000000600000001006a57
[TCP] TX bytes=21 raw=aa5500b957fe000000000000060000000100016b57
[TCP] RX serial=C5 dst=58 code=00 reg=0x00000002 len=2 raw=55aa00c5fe580000000000000200000002007457
[TCP] TX bytes=22 raw=aa5500c558fe0000000000000200000002006606e057
[TCP] RX serial=D2 dst=58 code=00 reg=0x00000016 len=8 raw=55aa00d2fe580000000000001600000008009b57
[TCP] TX bytes=28 raw=aa5500d258fe0000000000001600000008004d36363058010000dd58
[TCP] RX serial=84 dst=58 code=00 reg=0x14000000 len=88 raw=55aa0084fe580000000000000000001458009b57
[TCP] TX bytes=108 raw=aa55008458fe0000000000000000001458004e5354520405060708090a0b0c0d0e0f101112131415161718191a1b1c1d1e1f20212223242526272829...
[TCP] RX serial=70 dst=58 code=00 reg=0x00000006 len=1 raw=55aa0070fe580000000000000600000001002257
[TCP] TX bytes=21 raw=aa55007058fe000000000000060000000100012357
[TCP] RX serial=7D dst=59 code=00 reg=0x00000002 len=2 raw=55aa007dfe590000000000000200000002002d57
[TCP] TX bytes=22 raw=aa55007d59fe00000000000002000000020066069957
[TCP] RX serial=35 dst=59 code=00 reg=0x00000016 len=8 raw=55aa0035fe59000000000000160000000800ff56
[TCP] TX bytes=28 raw=aa55003559fe0000000000001600000008004d363630590100004258
[TCP] RX serial=8E dst=59 code=00 reg=0x14000000 len=88 raw=55aa008efe59000000000000000000145800a657
[TCP] TX bytes=108 raw=aa55008e59fe0000000000000000001458004e5354520405060708090a0b0c0d0e0f101112131415161718191a1b1c1d1e1f20212223242526272829...
[TCP] RX serial=36 dst=59 code=00 reg=0x00000006 len=1 raw=55aa0036fe59000000000000060000000100e956
[TCP] TX bytes=21 raw=aa55003659fe00000000000006000000010001ea56
[TCP] RX serial=E1 dst=5A code=00 reg=0x00000002 len=2 raw=55aa00e1fe5a0000000000000200000002009257
[TCP] TX bytes=22 raw=aa5500e15afe0000000000000200000002006606fe57
[TCP] RX serial=D6 dst=5A code=00 reg=0x00000016 len=8 raw=55aa00d6fe5a000000000000160000000800a157
[TCP] TX bytes=28 raw=aa5500d65afe0000000000001600000008004d3636305a010000e558
[TCP] RX serial=3B dst=5A code=00 reg=0x14000000 len=88 raw=55aa003bfe5a0000000000000000001458005457
[TCP] TX bytes=108 raw=aa55003b5afe0000000000000000001458004e5354520405060708090a0b0c0d0e0f101112131415161718191a1b1c1d1e1f20212223242526272829...
[TCP] RX serial=B8 dst=5A code=00 reg=0x00000006 len=1 raw=55aa00b8fe5a0000000000000600000001006c57
[TCP] TX bytes=21 raw=aa5500b85afe000000000000060000000100016d57
[TCP] RX serial=4B dst=5B code=00 reg=0x00000002 len=2 raw=55aa004bfe5b000000000000020000000200fd56
[TCP] TX bytes=22 raw=aa55004b5bfe00000000000002000000020066066957
[TCP] RX serial=81 dst=5B code=00 reg=0x00000016 len=8 raw=55aa0081fe5b0000000000001600000008004d57
[TCP] TX bytes=28 raw=aa5500815bfe0000000000001600000008004d3636305b0100009258
[TCP] RX serial=06 dst=5B code=00 reg=0x14000000 len=88 raw=55aa0006fe5b0000000000000000001458002057
[TCP] TX bytes=108 raw=aa5500065bfe0000000000000000001458004e5354520405060708090a0b0c0d0e0f101112131415161718191a1b1c1d1e1f20212223242526272829...
[TCP] RX serial=3A dst=5B code=00 reg=0x00000006 len=1 raw=55aa003afe5b000000000000060000000100ef56
[TCP] TX bytes=21 raw=aa55003a5bfe00000000000006000000010001f056
[TCP] RX serial=5E dst=5C code=00 reg=0x00000002 len=2 raw=55aa005efe5c0000000000000200000002001157
[TCP] TX bytes=22 raw=aa55005e5cfe00000000000002000000020066067d57
[TCP] RX serial=EF dst=5C code=00 reg=0x00000016 len=8 raw=55aa00effe5c000000000000160000000800bc57
[TCP] TX bytes=28 raw=aa5500ef5cfe0000000000001600000008004d3636305c0100000259
[TCP] RX serial=86 dst=5C code=00 reg=0x14000000 len=88 raw=55aa0086fe5c000000000000000000145800a157
[TCP] TX bytes=108 raw=aa5500865cfe0000000000000000001458004e5354520405060708090a0b0c0d0e0f101112131415161718191a1b1c1d1e1f20212223242526272829...
[TCP] RX serial=01 dst=5C code=00 reg=0x00000006 len=1 raw=55aa0001fe5c000000000000060000000100b756
[TCP] TX bytes=21 raw=aa5500015cfe00000000000006000000010001b856
[TCP] RX serial=A1 dst=5D code=00 reg=0x00000002 len=2 raw=55aa00a1fe5d0000000000000200000002005557
[TCP] TX bytes=22 raw=aa5500a15dfe0000000000000200000002006606c157
[TCP] RX serial=EC dst=5D code=00 reg=0x00000016 len=8 raw=55aa00ecfe5d000000000000160000000800ba57
[TCP] TX bytes=28 raw=aa5500ec5dfe0000000000001600000008004d3636305d0100000159
[TCP] RX serial=CA dst=5D code=00 reg=0x14000000 len=88 raw=55aa00cafe5d000000000000000000145800e657
[TCP] TX bytes=108 raw=aa5500ca5dfe0000000000000000001458004e5354520405060708090a0b0c0d0e0f101112131415161718191a1b1c1d1e1f20212223242526272829...
[TCP] RX serial=8F dst=5D code=00 reg=0x00000006 len=1 raw=55aa008ffe5d0000000000000600000001004657
[TCP] TX bytes=21 raw=aa55008f5dfe000000000000060000000100014757
[TCP] RX serial=D9 dst=5E code=00 reg=0x00000002 len=2 raw=55aa00d9fe5e0000000000000200000002008e57
[TCP] TX bytes=22 raw=aa5500d95efe0000000000000200000002006606fa57
[TCP] RX serial=9E dst=5E code=00 reg=0x00000016 len=8 raw=55aa009efe5e0000000000001600000008006d57
[TCP] TX bytes=28 raw=aa55009e5efe0000000000001600000008004d3636305e010000b558
[TCP] RX serial=30 dst=5E code=00 reg=0x14000000 len=88 raw=55aa0030fe5e0000000000000000001458004d57
[TCP] TX bytes=108 raw=aa5500305efe0000000000000000001458004e5354520405060708090a0b0c0d0e0f101112131415161718191a1b1c1d1e1f20212223242526272829...
[TCP] RX serial=50 dst=5E code=00 reg=0x00000006 len=1 raw=55aa0050fe5e0000000000000600000001000857
[TCP] TX bytes=21 raw=aa5500505efe000000000000060000000100010957
[TCP] RX serial=AE dst=5F code=00 reg=0x00000002 len=2 raw=55aa00aefe5f0000000000000200000002006457
[TCP] TX bytes=22 raw=aa5500ae5ffe0000000000000200000002006606d057
[TCP] RX serial=1D dst=5F code=00 reg=0x00000016 len=8 raw=55aa001dfe5f000000000000160000000800ed56
[TCP] TX bytes=28 raw=aa55001d5ffe0000000000001600000008004d3636305f0100003658
[TCP] RX serial=E2 dst=5F code=00 reg=0x14000000 len=88 raw=55aa00e2fe5f0000000000000000001458000058
[TCP] TX bytes=108 raw=aa5500e25ffe0000000000000000001458004e5354520405060708090a0b0c0d0e0f101112131415161718191a1b1c1d1e1f20212223242526272829...
[TCP] RX serial=AB dst=5F code=00 reg=0x00000006 len=1 raw=55aa00abfe5f0000000000000600000001006457
[TCP] TX bytes=21 raw=aa5500ab5ffe000000000000060000000100016557
[TCP] RX serial=01 dst=60 code=00 reg=0x00000002 len=2 raw=55aa0001fe60000000000000020000000200b856
[TCP] TX bytes=22 raw=aa55000160fe00000000000002000000020066062457
[TCP] RX serial=BA dst=60 code=00 reg=0x00000016 len=8 raw=55aa00bafe600000000000001600000008008b57
[TCP] TX bytes=28 raw=aa5500ba60fe0000000000001600000008004d36363060010000d558
[TCP] RX serial=26 dst=60 code=00 reg=0x14000000 len=88 raw=55aa0026fe600000000000000000001458004557
[TCP] TX bytes=108 raw=aa55002660fe0000000000000000001458004e5354520405060708090a0b0c0d0e0f101112131415161718191a1b1c1d1e1f20212223242526272829...
[TCP] RX serial=E6 dst=60 code=00 reg=0x00000006 len=1 raw=55aa00e6fe60000000000000060000000100a057
[TCP] TX bytes=21 raw=aa5500e660fe00000000000006000000010001a157
[TCP] RX serial=B1 dst=61 code=00 reg=0x00000002 len=2 raw=55aa00b1fe610000000000000200000002006957
[TCP] TX bytes=22 raw=aa5500b161fe0000000000000200000002006606d557
[TCP] RX serial=64 dst=61 code=00 reg=0x00000016 len=8 raw=55aa0064fe610000000000001600000008003657
[TCP] TX bytes=28 raw=aa55006461fe0000000000001600000008004d363630610100008158
[TCP] RX serial=9F dst=61 code=00 reg=0x14000000 len=88 raw=55aa009ffe61000000000000000000145800bf57
[TCP] TX bytes=108 raw=aa55009f61fe0000000000000000001458004e5354520405060708090a0b0c0d0e0f101112131415161718191a1b1c1d1e1f20212223242526272829...
[TCP] RX serial=D9 dst=61 code=00 reg=0x00000006 len=1 raw=55aa00d9fe610000000000000600000001009457
[TCP] TX bytes=21 raw=aa5500d961fe000000000000060000000100019557
[TCP] RX serial=80 dst=62 code=00 reg=0x00000002 len=2 raw=55aa0080fe620000000000000200000002003957
[TCP] TX bytes=22 raw=aa55008062fe0000000000000200000002006606a557
[TCP] RX serial=BB dst=62 code=00 reg=0x00000016 len=8 raw=55aa00bbfe620000000000001600000008008e57
[TCP] TX bytes=28 raw=aa5500bb62fe0000000000001600000008004d36363062010000da58
[TCP] RX serial=8E dst=62 code=00 reg=0x14000000 len=88 raw=55aa008efe62000000000000000000145800af57
[TCP] TX bytes=108 raw=aa55008e62fe0000000000000000001458004e5354520405060708090a0b0c0d0e0f101112131415161718191a1b1c1d1e1f20212223242526272829...
[TCP] RX serial=60 dst=62 code=00 reg=0x00000006 len=1 raw=55aa0060fe620000000000000600000001001c57
[TCP] TX bytes=21 raw=aa55006062fe000000000000060000000100011d57
[TCP] RX serial=09 dst=63 code=00 reg=0x00000002 len=2 raw=55aa0009fe63000000000000020000000200c356
[TCP] TX bytes=22 raw=aa55000963fe00000000000002000000020066062f57
[TCP] RX serial=1C dst=63 code=00 reg=0x00000016 len=8 raw=55aa001cfe63000000000000160000000800f056
[TCP] TX bytes=28 raw=aa55001c63fe0000000000001600000008004d363630630100003d58
[TCP] RX serial=AF dst=63 code=00 reg=0x14000000 len=88 raw=55aa00affe63000000000000000000145800d157
[TCP] TX bytes=108 raw=aa5500af63fe0000000000000000001458004e5354520405060708090a0b0c0d0e0f101112131415161718191a1b1c1d1e1f20212223242526272829...
[TCP] RX serial=63 dst=63 code=00 reg=0x00000006 len=1 raw=55aa0063fe630000000000000600000001002057
[TCP] TX bytes=21 raw=aa55006363fe000000000000060000000100012157
[TCP] RX serial=C4 dst=64 code=00 reg=0x00000002 len=2 raw=55aa00c4fe640000000000000200000002007f57
[TCP] TX bytes=22 raw=aa5500c464fe0000000000000200000002006606eb57
[TCP] RX serial=7E dst=64 code=00 reg=0x00000016 len=8 raw=55aa007efe640000000000001600000008005357
[TCP] TX bytes=28 raw=aa55007e64fe0000000000001600000008004d36363064010000a158
[TCP] RX serial=6D dst=64 code=00 reg=0x14000000 len=88 raw=55aa006dfe640000000000000000001458009057
[TCP] TX bytes=108 raw=aa55006d64fe0000000000000000001458004e5354520405060708090a0b0c0d0e0f101112131415161718191a1b1c1d1e1f20212223242526272829...
[TCP] RX serial=C7 dst=64 code=00 reg=0x00000006 len=1 raw=55aa00c7fe640000000000000600000001008557
[TCP] TX bytes=21 raw=aa5500c764fe000000000000060000000100018657
[TCP] RX serial=CA dst=65 code=00 reg=0x00000002 len=2 raw=55aa00cafe650000000000000200000002008657
[TCP] TX bytes=22 raw=aa5500ca65fe0000000000000200000002006606f257
[TCP] RX serial=20 dst=65 code=00 reg=0x00000016 len=8 raw=55aa0020fe65000000000000160000000800f656
[TCP] TX bytes=28 raw=aa55002065fe0000000000001600000008004d363630650100004558
