[TCP] Listening on 0.0.0.0:5200 allowed_dst=[0, 1, 255]
[TCP] Conn from ('192.168.0.10', 8894)
[TCP] RX serial=22 src=FE dst=FF dev=00 port=00 rcv=0000 code=01 reg=0x01000000 len=1
[TCP] TX ack=00 bytes=20
[TCP] RX serial=79 src=FE dst=00 dev=00 port=00 rcv=0000 code=00 reg=0x00000002 len=2
[TCP] TX ack=00 bytes=22
[TCP] RX serial=52 src=FE dst=00 dev=00 port=00 rcv=0000 code=00 reg=0x00000016 len=8
[TCP] TX ack=00 bytes=28
[TCP] RX serial=60 src=FE dst=00 dev=00 port=00 rcv=0000 code=00 reg=0x14000000 len=88
[TCP] TX ack=00 bytes=108
[TCP] RX serial=C4 src=FE dst=00 dev=00 port=00 rcv=0000 code=00 reg=0x00000006 len=1
[TCP] TX ack=00 bytes=21
[TCP] RX serial=3F src=FE dst=01 dev=00 port=00 rcv=0000 code=00 reg=0x00000002 len=2
[TCP] TX ack=01 bytes=20
[TCP] RX serial=01 src=FE dst=00 dev=00 port=00 rcv=0000 code=00 reg=0x05000000 len=4
[EMU] RCFG READ reg=0x05000000 dev=00 port=00 rcv=0000 dst=00 data=00000000
[TCP] TX ack=00 bytes=24
[TCP] RX serial=02 src=FE dst=00 dev=00 port=00 rcv=0000 code=00 reg=0x00000000 len=2
[TCP] TX ack=00 bytes=22
[TCP] RX serial=03 src=FE dst=00 dev=00 port=00 rcv=0000 code=00 reg=0x05066000 len=256
[EMU] RCFG READ reg=0x05066000 dev=00 port=00 rcv=0000 dst=00 data=000000000000000000000000000000000000000000000000000000000000000000000000000000000000000000000000...
[TCP] TX ack=00 bytes=276
[TCP] RX serial=04 src=FE dst=00 dev=00 port=00 rcv=0000 code=00 reg=0x02100000 len=15
[EMU] RCFG READ reg=0x02100000 dev=00 port=00 rcv=0000 dst=00 data=000000000000000000000000000000
[TCP] TX ack=00 bytes=35
[TCP] RX serial=05 src=FE dst=00 dev=00 port=00 rcv=0000 code=00 reg=0x00000002 len=2
[TCP] TX ack=00 bytes=22
[TCP] RX serial=06 src=FE dst=00 dev=00 port=00 rcv=0000 code=00 reg=0x0200000B len=1
[EMU] VALIDATION READ reg=0x0200000B dev=00 port=00 rcv=0000 dst=00 data=00
[TCP] TX ack=00 bytes=21
[TCP] RX serial=07 src=FE dst=00 dev=00 port=00 rcv=0000 code=00 reg=0x05065000 len=10
[EMU] RCFG READ reg=0x05065000 dev=00 port=00 rcv=0000 dst=00 data=00000000000000000000
[TCP] TX ack=00 bytes=30
[TCP] RX serial=08 src=FE dst=00 dev=00 port=00 rcv=0000 code=00 reg=0x02000023 len=1
[EMU] VALIDATION READ reg=0x02000023 dev=00 port=00 rcv=0000 dst=00 data=00
[TCP] TX ack=00 bytes=21
[TCP] RX serial=09 src=FE dst=00 dev=00 port=00 rcv=0000 code=00 reg=0x03100109 len=1
[EMU] VALIDATION READ reg=0x03100109 dev=00 port=00 rcv=0000 dst=00 data=01
[TCP] TX ack=00 bytes=21
[TCP] RX serial=0A src=FE dst=00 dev=00 port=00 rcv=0000 code=00 reg=0x02000022 len=1
[EMU] VALIDATION READ reg=0x02000022 dev=00 port=00 rcv=0000 dst=00 data=00
[TCP] TX ack=00 bytes=21
[TCP] RX serial=0B src=FE dst=00 dev=00 port=00 rcv=0000 code=00 reg=0x05000000 len=4
[EMU] RCFG READ reg=0x05000000 dev=00 port=00 rcv=0000 dst=00 data=00000000
[TCP] TX ack=00 bytes=24
[TCP] RX serial=0C src=FE dst=00 dev=00 port=00 rcv=0000 code=00 reg=0x02100000 len=15
[EMU] RCFG READ reg=0x02100000 dev=00 port=00 rcv=0000 dst=00 data=000000000000000000000000000000
[TCP] TX ack=00 bytes=35
[TCP] RX serial=0D src=FE dst=00 dev=00 port=00 rcv=0000 code=00 reg=0x05065000 len=10
[EMU] RCFG READ reg=0x05065000 dev=00 port=00 rcv=0000 dst=00 data=00000000000000000000
[TCP] TX ack=00 bytes=30
[TCP] RX serial=0E src=FE dst=00 dev=00 port=00 rcv=0000 code=00 reg=0x00000016 len=8
[TCP] TX ack=00 bytes=28
[TCP] RX serial=0F src=FE dst=00 dev=00 port=00 rcv=0000 code=00 reg=0x02000000 len=256
[EMU] Rebuilding controller screen blocks from 0 cabinet entries
[EMU] ---- ROUTING_WRITES ----
[EMU] (none)
[EMU] ---- SCREEN_WRITES ----
[EMU] (none)
[EMU] ---- CABINETS ----
[EMU] (none)
[EMU] ---- RCFG_STATE ----
[EMU] (none)
[EMU] Screen blocks rebuilt for dev=00 port=00 entries=0
[EMU] 0x02000000 head=010100000020010100000000000000000000000000000000000000000000000000000000000000000000000000000000...
[EMU] 0x02000100 head=01a500000020010100000000000000000000000000000000000000000000000000000000000000000000000000000000...
[EMU] 0x02020020 head=010000000000000000000000000000000000000000000000000000000000000000000000000000000000000000000000...
[EMU] 0x08000000 head=000000000000000000000000000000000000000000000000000000000000000000000000000000000000000000000000...
[EMU_FULL] 0x02000000=01010000002001010000000000000000000000000000000000000000000000000000000000000000000000000000000000000000000000000000000000000000000000000000000000000000000000000000000000000000000000000000000000000000000000000000000000000000000000000000000000000000000000000000000000000000000000000000000000000000000000000000000000000000000000000000000000000000000000000000000000000000000000000000000000000000000000000000000000000000000000000000000000000000000000000000000000000000000000000000000000000000000000000000000000000000
[EMU_FULL] 0x02000100=01a50000002001010000000000000000000000000000000000000000000000000000000000000000000000000000000000000000000000000000000000000000000000000000000000000000000000000000000000000000000000000000000000000000000000000000000000000000000000000000000000000000000000000000000000000000000000000000000000000000000000000000000000000000000000000000000000000000000000000000000000000000000000000000000000000000000000000000000000000000000000000000000000000000000000000000000000000000000000000000000000000000000000000000000000000000
[EMU_FULL] 0x02020020=01000000000000000000000000000000000000000000000000000000000000000000000000000000000000000000000000000000000000000000000000000000
[EMU_FULL] 0x08000000=00000000000000000000000000000000000000000000000000000000000000000000000000000000000000000000000000000000000000000000000000000000000000000000000000000000000000000000000000000000000000000000000000000000000000000000000000000000000000000000000000000000000000000000000000000000000000000000000000000000000000000000000000000000000000000000000000000000000000000000000000000000000000000000000000000000000000000000000000000000000000000000000000000000000000000000000000000000000000000000000000000000000000000000000000000000
[EMU] READBACK reg=0x02000000 dev=00 port=00 rcv=0000 dst=00 data=010100000020010100000000000000000000000000000000000000000000000000000000000000000000000000000000...
[TCP] TX ack=00 bytes=276
[TCP] RX serial=10 src=FE dst=00 dev=00 port=00 rcv=0000 code=00 reg=0x02000100 len=256
[EMU] READBACK reg=0x02000100 dev=00 port=00 rcv=0000 dst=00 data=01a500000020010100000000000000000000000000000000000000000000000000000000000000000000000000000000...
[TCP] TX ack=00 bytes=276
[TCP] RX serial=11 src=FE dst=FF dev=00 port=00 rcv=0000 code=01 reg=0x02000011 len=6
[EMU] ROUTE CMD reg=0x02000011 dst=FF dev=00 port=00 rcv=0000 data=260312184513
[EMU] Rebuilding controller screen blocks from 1 cabinet entries
[EMU] ---- ROUTING_WRITES ----
[EMU] RAW[00] dev=00 port=00 rcv=0000 dst=FF data=260312184513
[EMU] ---- SCREEN_WRITES ----
[EMU] ROUTE[00] dev=00 port=00 rcv=0000 dst=FF group=26 a=03 b=12 c=18 x=45 y=13 word=0x4513 raw=260312184513
[EMU] ---- CABINETS ----
[EMU] CAB[00] tile=00 port=00 chain=00 cascade=00 lx=00 ly=00 group=26 c=18 route=0x4513
[EMU] ---- RCFG_STATE ----
[EMU] (none)
[EMU] Screen blocks rebuilt for dev=00 port=00 entries=1
[EMU] 0x02000000 head=010100000120010100000000000000000000000000261800000000000000000000000000000000000000000000000000...
[EMU] 0x02000100 head=01a500000120010100000000000000000000000045134513000000000000000000000000000000000000000000000000...
[EMU] 0x02020020 head=010000010000000045130001000000000000000000000000000000000000000000000000000000000000000000000000...
[EMU] 0x08000000 head=010000000000000000000000000000000000000000000000000000000000000000000000000000000000000000000000...
[EMU_FULL] 0x02000000=01010000012001010000000000000000000000000026180000000000000000000000000000000000000000000000000000000000000000000000000000000000000000000000000000000000000000000000000000000000000000000000000000000000000000000000000000000000000000000000000000000000000000000000000000000000000000000000000000000000000000000000000000000000000000000000000000000000000000000000000000000000000000000000000000000000000000000000000000000000000000000000000000000000000000000000000000000000000000000000000000000000000000000000000000000000
[EMU_FULL] 0x02000100=01a50000012001010000000000000000000000004513451300000000000000000000000000000000000000000000000000000000000000000000000000000000000000000000000000000000000000000000000000000000000000000000000000000000000000000000000000000000000000000000000000000000000000000000000000000000000000000000000000000000000000000000000000000000000000000000000000000000000000000000000000000000000000000000000000000000000000000000000000000000000000000000000000000000000000000000000000000000000000000000000000000000000000000000000000000000
[EMU_FULL] 0x02020020=01000001000000004513000100000000000000000000000000000000000000000000000000000000000000000000000000000000000000000000000000000000
[EMU_FULL] 0x08000000=01000000000000000000000000000000000000000000000000000000000000000000000000000000000000000000000000000000000000000000000000000000000000000000000000000000000000000000000000000000000000000000000000000000000000000000000000000000000000000000000000000000000000000000000000000000000000000000000000000000000000000000000000000000000000000000000000000000000000000000000000000000000000000000000000000000000000000000000000000000000000000000000000000000000000000000000000000000000000000000000000000000000000000000000000000000
[TCP] TX ack=00 bytes=20
[TCP] RX serial=12 src=FE dst=00 dev=00 port=00 rcv=0000 code=00 reg=0x02200117 len=1
[EMU] VALIDATION READ reg=0x02200117 dev=00 port=00 rcv=0000 dst=00 data=00
[TCP] TX ack=00 bytes=21
[TCP] RX serial=13 src=FE dst=00 dev=00 port=00 rcv=0000 code=00 reg=0x02000000 len=256
[EMU] READBACK reg=0x02000000 dev=00 port=00 rcv=0000 dst=00 data=010100000120010100000000000000000000000000261800000000000000000000000000000000000000000000000000...
[TCP] TX ack=00 bytes=276
[TCP] RX serial=14 src=FE dst=00 dev=00 port=00 rcv=0000 code=00 reg=0x02000100 len=256
[EMU] READBACK reg=0x02000100 dev=00 port=00 rcv=0000 dst=00 data=01a500000120010100000000000000000000000045134513000000000000000000000000000000000000000000000000...
[TCP] TX ack=00 bytes=276
[TCP] RX serial=15 src=FE dst=00 dev=00 port=00 rcv=0000 code=00 reg=0x02020020 len=64
[EMU] READBACK reg=0x02020020 dev=00 port=00 rcv=0000 dst=00 data=010000010000000045130001000000000000000000000000000000000000000000000000000000000000000000000000...
[TCP] TX ack=00 bytes=84
[TCP] RX serial=16 src=FE dst=00 dev=00 port=00 rcv=0000 code=00 reg=0x05000000 len=4
[EMU] RCFG READ reg=0x05000000 dev=00 port=00 rcv=0000 dst=00 data=00000000
[TCP] TX ack=00 bytes=24
[TCP] RX serial=DA src=FE dst=00 dev=00 port=00 rcv=0000 code=00 reg=0x00000002 len=2
[TCP] TX ack=00 bytes=22
[TCP] RX serial=62 src=FE dst=00 dev=00 port=00 rcv=0000 code=00 reg=0x00000016 len=8
[TCP] TX ack=00 bytes=28
[TCP] RX serial=C3 src=FE dst=00 dev=00 port=00 rcv=0000 code=00 reg=0x14000000 len=88
[TCP] TX ack=00 bytes=108
[TCP] RX serial=E5 src=FE dst=00 dev=00 port=00 rcv=0000 code=00 reg=0x00000006 len=1
[TCP] TX ack=00 bytes=21
[TCP] RX serial=7D src=FE dst=01 dev=00 port=00 rcv=0000 code=00 reg=0x00000002 len=2
[TCP] TX ack=01 bytes=20
[TCP] RX serial=17 src=FE dst=00 dev=00 port=00 rcv=0000 code=00 reg=0x05000000 len=4
[EMU] RCFG READ reg=0x05000000 dev=00 port=00 rcv=0000 dst=00 data=00000000
[TCP] TX ack=00 bytes=24
[TCP] RX serial=18 src=FE dst=00 dev=00 port=00 rcv=0000 code=00 reg=0x05065000 len=10
[EMU] RCFG READ reg=0x05065000 dev=00 port=00 rcv=0000 dst=00 data=00000000000000000000
[TCP] TX ack=00 bytes=30
[TCP] RX serial=19 src=FE dst=00 dev=00 port=00 rcv=0000 code=00 reg=0x02100000 len=15
[EMU] RCFG READ reg=0x02100000 dev=00 port=00 rcv=0000 dst=00 data=000000000000000000000000000000
[TCP] TX ack=00 bytes=35
[TCP] RX serial=1A src=FE dst=00 dev=00 port=00 rcv=0000 code=00 reg=0x02100000 len=15
[EMU] RCFG READ reg=0x02100000 dev=00 port=00 rcv=0000 dst=00 data=000000000000000000000000000000
[TCP] TX ack=00 bytes=35
[TCP] RX serial=1B src=FE dst=00 dev=00 port=00 rcv=0000 code=00 reg=0x00000016 len=8
[TCP] TX ack=00 bytes=28
[TCP] RX serial=1C src=FE dst=00 dev=00 port=00 rcv=0000 code=00 reg=0x05065000 len=10
[EMU] RCFG READ reg=0x05065000 dev=00 port=00 rcv=0000 dst=00 data=00000000000000000000
[TCP] TX ack=00 bytes=30
[TCP] RX serial=1D src=FE dst=00 dev=00 port=00 rcv=0000 code=00 reg=0x02000000 len=256
[EMU] READBACK reg=0x02000000 dev=00 port=00 rcv=0000 dst=00 data=010100000120010100000000000000000000000000261800000000000000000000000000000000000000000000000000...
[TCP] TX ack=00 bytes=276
[TCP] RX serial=1E src=FE dst=00 dev=00 port=00 rcv=0000 code=00 reg=0x02000100 len=256
[EMU] READBACK reg=0x02000100 dev=00 port=00 rcv=0000 dst=00 data=01a500000120010100000000000000000000000045134513000000000000000000000000000000000000000000000000...
[TCP] TX ack=00 bytes=276
[TCP] RX serial=1F src=FE dst=00 dev=00 port=00 rcv=0000 code=00 reg=0x0200000B len=1
[EMU] VALIDATION READ reg=0x0200000B dev=00 port=00 rcv=0000 dst=00 data=01
[TCP] TX ack=00 bytes=21
[TCP] RX serial=20 src=FE dst=00 dev=00 port=00 rcv=0000 code=00 reg=0x08000000 len=256
[EMU] READBACK reg=0x08000000 dev=00 port=00 rcv=0000 dst=00 data=010000000000000000000000000000000000000000000000000000000000000000000000000000000000000000000000...
[TCP] TX ack=00 bytes=276
[TCP] RX serial=21 src=FE dst=00 dev=00 port=00 rcv=0000 code=00 reg=0x0200009D len=1
[EMU] VALIDATION READ reg=0x0200009D dev=00 port=00 rcv=0000 dst=00 data=00
[TCP] TX ack=00 bytes=21
[TCP] RX serial=22 src=FE dst=00 dev=00 port=00 rcv=0000 code=00 reg=0x02000023 len=1
[EMU] VALIDATION READ reg=0x02000023 dev=00 port=00 rcv=0000 dst=00 data=00
[TCP] TX ack=00 bytes=21
[TCP] RX serial=23 src=FE dst=00 dev=00 port=00 rcv=0000 code=00 reg=0x0200009D len=1
[EMU] VALIDATION READ reg=0x0200009D dev=00 port=00 rcv=0000 dst=00 data=00
[TCP] TX ack=00 bytes=21
[TCP] RX serial=24 src=FE dst=00 dev=00 port=00 rcv=0000 code=00 reg=0x03100109 len=1
[EMU] VALIDATION READ reg=0x03100109 dev=00 port=00 rcv=0000 dst=00 data=01
[TCP] TX ack=00 bytes=21
[TCP] RX serial=25 src=FE dst=00 dev=00 port=00 rcv=0000 code=00 reg=0x02000022 len=1
[EMU] VALIDATION READ reg=0x02000022 dev=00 port=00 rcv=0000 dst=00 data=01
[TCP] TX ack=00 bytes=21
[TCP] RX serial=26 src=FE dst=00 dev=00 port=00 rcv=0000 code=00 reg=0x00000016 len=8
[TCP] TX ack=00 bytes=28
[TCP] RX serial=27 src=FE dst=00 dev=00 port=00 rcv=0000 code=00 reg=0x02000000 len=256
[EMU] READBACK reg=0x02000000 dev=00 port=00 rcv=0000 dst=00 data=010100000120010100000000000000000000000000261800000000000000000000000000000000000000000000000000...
[TCP] TX ack=00 bytes=276
[TCP] RX serial=28 src=FE dst=00 dev=00 port=00 rcv=0000 code=00 reg=0x02000100 len=256
[EMU] READBACK reg=0x02000100 dev=00 port=00 rcv=0000 dst=00 data=01a500000120010100000000000000000000000045134513000000000000000000000000000000000000000000000000...
[TCP] TX ack=00 bytes=276
[TCP] RX serial=29 src=FE dst=FF dev=00 port=00 rcv=0000 code=01 reg=0x02000011 len=6
[EMU] ROUTE CMD reg=0x02000011 dst=FF dev=00 port=00 rcv=0000 data=260312184605
[EMU] Rebuilding controller screen blocks from 2 cabinet entries
[EMU] ---- ROUTING_WRITES ----
[EMU] RAW[00] dev=00 port=00 rcv=0000 dst=FF data=260312184513
[EMU] RAW[01] dev=00 port=00 rcv=0000 dst=FF data=260312184605
[EMU] ---- SCREEN_WRITES ----
[EMU] ROUTE[00] dev=00 port=00 rcv=0000 dst=FF group=26 a=03 b=12 c=18 x=45 y=13 word=0x4513 raw=260312184513
[EMU] ROUTE[01] dev=00 port=00 rcv=0000 dst=FF group=26 a=03 b=12 c=18 x=46 y=05 word=0x4605 raw=260312184605
[EMU] ---- CABINETS ----
[EMU] CAB[00] tile=00 port=00 chain=00 cascade=01 lx=01 ly=00 group=26 c=18 route=0x4605
[EMU] CAB[01] tile=01 port=00 chain=00 cascade=00 lx=00 ly=01 group=26 c=18 route=0x4513
[EMU] ---- RCFG_STATE ----
[EMU] (none)
[EMU] Screen blocks rebuilt for dev=00 port=00 entries=2
[EMU] 0x02000000 head=010100000220010100000000000000000100000100261800000100000126180000000000000000000000000000000000...
[EMU] 0x02000100 head=01a500000220010100000000000000000000000145134513000100004605460500000000000000000000000000000000...
[EMU] 0x02020020 head=010000020000000045130001460501010000000000000000000000000000000000000000000000000000000000000000...
[EMU] 0x08000000 head=010100000000000000000000000000000000000000000000000000000000000000000000000000000000000000000000...
[EMU_FULL] 0x02000000=01010000022001010000000000000000010000010026180000010000012618000000000000000000000000000000000000000000000000000000000000000000000000000000000000000000000000000000000000000000000000000000000000000000000000000000000000000000000000000000000000000000000000000000000000000000000000000000000000000000000000000000000000000000000000000000000000000000000000000000000000000000000000000000000000000000000000000000000000000000000000000000000000000000000000000000000000000000000000000000000000000000000000000000000000000000
[EMU_FULL] 0x02000100=01a50000022001010000000000000000000000014513451300010000460546050000000000000000000000000000000000000000000000000000000000000000000000000000000000000000000000000000000000000000000000000000000000000000000000000000000000000000000000000000000000000000000000000000000000000000000000000000000000000000000000000000000000000000000000000000000000000000000000000000000000000000000000000000000000000000000000000000000000000000000000000000000000000000000000000000000000000000000000000000000000000000000000000000000000000000
[EMU_FULL] 0x02020020=01000002000000004513000146050101000000000000000000000000000000000000000000000000000000000000000000000000000000000000000000000000
[EMU_FULL] 0x08000000=01010000000000000000000000000000000000000000000000000000000000000000000000000000000000000000000000000000000000000000000000000000000000000000000000000000000000000000000000000000000000000000000000000000000000000000000000000000000000000000000000000000000000000000000000000000000000000000000000000000000000000000000000000000000000000000000000000000000000000000000000000000000000000000000000000000000000000000000000000000000000000000000000000000000000000000000000000000000000000000000000000000000000000000000000000000
[TCP] TX ack=00 bytes=20
[TCP] RX serial=2A src=FE dst=FF dev=00 port=00 rcv=0000 code=01 reg=0x02000011 len=6
[EMU] ROUTE CMD reg=0x02000011 dst=FF dev=00 port=00 rcv=0000 data=260312184608
[EMU] Rebuilding controller screen blocks from 3 cabinet entries
[EMU] ---- ROUTING_WRITES ----
[EMU] RAW[00] dev=00 port=00 rcv=0000 dst=FF data=260312184513
[EMU] RAW[01] dev=00 port=00 rcv=0000 dst=FF data=260312184605
[EMU] RAW[02] dev=00 port=00 rcv=0000 dst=FF data=260312184608
[EMU] ---- SCREEN_WRITES ----
[EMU] ROUTE[00] dev=00 port=00 rcv=0000 dst=FF group=26 a=03 b=12 c=18 x=45 y=13 word=0x4513 raw=260312184513
[EMU] ROUTE[01] dev=00 port=00 rcv=0000 dst=FF group=26 a=03 b=12 c=18 x=46 y=05 word=0x4605 raw=260312184605
[EMU] ROUTE[02] dev=00 port=00 rcv=0000 dst=FF group=26 a=03 b=12 c=18 x=46 y=08 word=0x4608 raw=260312184608
[EMU] ---- CABINETS ----
[EMU] CAB[00] tile=00 port=00 chain=00 cascade=01 lx=01 ly=00 group=26 c=18 route=0x4605
[EMU] CAB[01] tile=01 port=00 chain=00 cascade=02 lx=01 ly=01 group=26 c=18 route=0x4608
[EMU] CAB[02] tile=02 port=00 chain=00 cascade=00 lx=00 ly=02 group=26 c=18 route=0x4513
[EMU] ---- RCFG_STATE ----
[EMU] (none)
[EMU] Screen blocks rebuilt for dev=00 port=00 entries=3
[EMU] 0x02000000 head=010100000320010100000000000000000100000100261800010100020126180000020000022618000000000000000000...
[EMU] 0x02000100 head=01a500000320010100000000000000000000000245134513000100004605460500020001460846080000000000000000...
[EMU] 0x02020020 head=010000030000000045130001460501014608020100000000000000000000000000000000000000000000000000000000...
[EMU] 0x08000000 head=010101000000000000000000000000000000000000000000000000000000000000000000000000000000000000000000...
[EMU_FULL] 0x02000000=01010000032001010000000000000000010000010026180001010002012618000002000002261800000000000000000000000000000000000000000000000000000000000000000000000000000000000000000000000000000000000000000000000000000000000000000000000000000000000000000000000000000000000000000000000000000000000000000000000000000000000000000000000000000000000000000000000000000000000000000000000000000000000000000000000000000000000000000000000000000000000000000000000000000000000000000000000000000000000000000000000000000000000000000000000000
[EMU_FULL] 0x02000100=01a50000032001010000000000000000000000024513451300010000460546050002000146084608000000000000000000000000000000000000000000000000000000000000000000000000000000000000000000000000000000000000000000000000000000000000000000000000000000000000000000000000000000000000000000000000000000000000000000000000000000000000000000000000000000000000000000000000000000000000000000000000000000000000000000000000000000000000000000000000000000000000000000000000000000000000000000000000000000000000000000000000000000000000000000000000
[EMU_FULL] 0x02020020=01000003000000004513000146050101460802010000000000000000000000000000000000000000000000000000000000000000000000000000000000000000
[EMU_FULL] 0x08000000=01010100000000000000000000000000000000000000000000000000000000000000000000000000000000000000000000000000000000000000000000000000000000000000000000000000000000000000000000000000000000000000000000000000000000000000000000000000000000000000000000000000000000000000000000000000000000000000000000000000000000000000000000000000000000000000000000000000000000000000000000000000000000000000000000000000000000000000000000000000000000000000000000000000000000000000000000000000000000000000000000000000000000000000000000000000
[TCP] TX ack=00 bytes=20
[TCP] RX serial=C7 src=FE dst=00 dev=00 port=00 rcv=0000 code=00 reg=0x00000002 len=2
[TCP] TX ack=00 bytes=22
[TCP] RX serial=71 src=FE dst=00 dev=00 port=00 rcv=0000 code=00 reg=0x00000016 len=8
[TCP] TX ack=00 bytes=28
[TCP] RX serial=A8 src=FE dst=00 dev=00 port=00 rcv=0000 code=00 reg=0x14000000 len=88
[TCP] TX ack=00 bytes=108
[TCP] RX serial=D8 src=FE dst=00 dev=00 port=00 rcv=0000 code=00 reg=0x00000006 len=1
[TCP] TX ack=00 bytes=21
[TCP] RX serial=1A src=FE dst=01 dev=00 port=00 rcv=0000 code=00 reg=0x00000002 len=2
[TCP] TX ack=01 bytes=20
[TCP] RX serial=2B src=FE dst=00 dev=00 port=00 rcv=0000 code=00 reg=0x05000000 len=4
[EMU] RCFG READ reg=0x05000000 dev=00 port=00 rcv=0000 dst=00 data=00000000
[TCP] TX ack=00 bytes=24
[TCP] RX serial=2C src=FE dst=00 dev=00 port=00 rcv=0000 code=00 reg=0x02100000 len=15
[EMU] RCFG READ reg=0x02100000 dev=00 port=00 rcv=0000 dst=00 data=000000000000000000000000000000
[TCP] TX ack=00 bytes=35
[TCP] RX serial=2D src=FE dst=00 dev=00 port=00 rcv=0000 code=00 reg=0x05065000 len=10
[EMU] RCFG READ reg=0x05065000 dev=00 port=00 rcv=0000 dst=00 data=00000000000000000000
[TCP] TX ack=00 bytes=30
[TCP] RX serial=2E src=FE dst=00 dev=00 port=00 rcv=0000 code=00 reg=0x00000016 len=8
[TCP] TX ack=00 bytes=28
[TCP] RX serial=2F src=FE dst=00 dev=00 port=00 rcv=0000 code=00 reg=0x02000000 len=256
[EMU] READBACK reg=0x02000000 dev=00 port=00 rcv=0000 dst=00 data=010100000320010100000000000000000100000100261800010100020126180000020000022618000000000000000000...
[TCP] TX ack=00 bytes=276
[TCP] RX serial=30 src=FE dst=00 dev=00 port=00 rcv=0000 code=00 reg=0x02000100 len=256
[EMU] READBACK reg=0x02000100 dev=00 port=00 rcv=0000 dst=00 data=01a500000320010100000000000000000000000245134513000100004605460500020001460846080000000000000000...
[TCP] TX ack=00 bytes=276
[TCP] RX serial=31 src=FE dst=FF dev=00 port=00 rcv=0000 code=01 reg=0x02000011 len=6
[EMU] ROUTE CMD reg=0x02000011 dst=FF dev=00 port=00 rcv=0000 data=260312184621
[EMU] Rebuilding controller screen blocks from 4 cabinet entries
[EMU] ---- ROUTING_WRITES ----
[EMU] RAW[00] dev=00 port=00 rcv=0000 dst=FF data=260312184513
[EMU] RAW[01] dev=00 port=00 rcv=0000 dst=FF data=260312184605
[EMU] RAW[02] dev=00 port=00 rcv=0000 dst=FF data=260312184608
[EMU] RAW[03] dev=00 port=00 rcv=0000 dst=FF data=260312184621
[EMU] ---- SCREEN_WRITES ----
[EMU] ROUTE[00] dev=00 port=00 rcv=0000 dst=FF group=26 a=03 b=12 c=18 x=45 y=13 word=0x4513 raw=260312184513
[EMU] ROUTE[01] dev=00 port=00 rcv=0000 dst=FF group=26 a=03 b=12 c=18 x=46 y=05 word=0x4605 raw=260312184605
[EMU] ROUTE[02] dev=00 port=00 rcv=0000 dst=FF group=26 a=03 b=12 c=18 x=46 y=08 word=0x4608 raw=260312184608
[EMU] ROUTE[03] dev=00 port=00 rcv=0000 dst=FF group=26 a=03 b=12 c=18 x=46 y=21 word=0x4621 raw=260312184621
[EMU] ---- CABINETS ----
[EMU] CAB[00] tile=00 port=00 chain=00 cascade=01 lx=01 ly=00 group=26 c=18 route=0x4605
[EMU] CAB[01] tile=01 port=00 chain=00 cascade=02 lx=01 ly=01 group=26 c=18 route=0x4608
[EMU] CAB[02] tile=02 port=00 chain=00 cascade=00 lx=00 ly=02 group=26 c=18 route=0x4513
[EMU] CAB[03] tile=03 port=00 chain=00 cascade=03 lx=01 ly=03 group=26 c=18 route=0x4621
[EMU] ---- RCFG_STATE ----
[EMU] (none)
[EMU] Screen blocks rebuilt for dev=00 port=00 entries=4
[EMU] 0x02000000 head=010100000420010100000000000000000100000100261800010100020126180000020000022618000103000303261800...
[EMU] 0x02000100 head=01a500000420010100000000000000000000000245134513000100004605460500020001460846080003000346214621...
[EMU] 0x02020020 head=010000040000000045130001460501014608020146210301000000000000000000000000000000000000000000000000...
[EMU] 0x08000000 head=010101010000000000000000000000000000000000000000000000000000000000000000000000000000000000000000...
[EMU_FULL] 0x02000000=01010000042001010000000000000000010000010026180001010002012618000002000002261800010300030326180000000000000000000000000000000000000000000000000000000000000000000000000000000000000000000000000000000000000000000000000000000000000000000000000000000000000000000000000000000000000000000000000000000000000000000000000000000000000000000000000000000000000000000000000000000000000000000000000000000000000000000000000000000000000000000000000000000000000000000000000000000000000000000000000000000000000000000000000000000000
[EMU_FULL] 0x02000100=01a50000042001010000000000000000000000024513451300010000460546050002000146084608000300034621462100000000000000000000000000000000000000000000000000000000000000000000000000000000000000000000000000000000000000000000000000000000000000000000000000000000000000000000000000000000000000000000000000000000000000000000000000000000000000000000000000000000000000000000000000000000000000000000000000000000000000000000000000000000000000000000000000000000000000000000000000000000000000000000000000000000000000000000000000000000
[EMU_FULL] 0x02020020=01000004000000004513000146050101460802014621030100000000000000000000000000000000000000000000000000000000000000000000000000000000
[EMU_FULL] 0x08000000=01010101000000000000000000000000000000000000000000000000000000000000000000000000000000000000000000000000000000000000000000000000000000000000000000000000000000000000000000000000000000000000000000000000000000000000000000000000000000000000000000000000000000000000000000000000000000000000000000000000000000000000000000000000000000000000000000000000000000000000000000000000000000000000000000000000000000000000000000000000000000000000000000000000000000000000000000000000000000000000000000000000000000000000000000000000
[TCP] TX ack=00 bytes=20
[TCP] RX serial=32 src=FE dst=00 dev=00 port=00 rcv=0000 code=00 reg=0x05000000 len=4
[EMU] RCFG READ reg=0x05000000 dev=00 port=00 rcv=0000 dst=00 data=00000000
[TCP] TX ack=00 bytes=24
[TCP] RX serial=33 src=FE dst=00 dev=00 port=00 rcv=0000 code=00 reg=0x02100000 len=15
[EMU] RCFG READ reg=0x02100000 dev=00 port=00 rcv=0000 dst=00 data=000000000000000000000000000000
[TCP] TX ack=00 bytes=35
[TCP] RX serial=34 src=FE dst=00 dev=00 port=00 rcv=0000 code=00 reg=0x05065000 len=10
[EMU] RCFG READ reg=0x05065000 dev=00 port=00 rcv=0000 dst=00 data=00000000000000000000
[TCP] TX ack=00 bytes=30
[TCP] RX serial=35 src=FE dst=00 dev=00 port=00 rcv=0000 code=00 reg=0x00000016 len=8
[TCP] TX ack=00 bytes=28
[TCP] RX serial=36 src=FE dst=00 dev=00 port=00 rcv=0000 code=00 reg=0x02000000 len=256
[EMU] READBACK reg=0x02000000 dev=00 port=00 rcv=0000 dst=00 data=010100000420010100000000000000000100000100261800010100020126180000020000022618000103000303261800...
[TCP] TX ack=00 bytes=276
[TCP] RX serial=37 src=FE dst=00 dev=00 port=00 rcv=0000 code=00 reg=0x02000100 len=256
[EMU] READBACK reg=0x02000100 dev=00 port=00 rcv=0000 dst=00 data=01a500000420010100000000000000000000000245134513000100004605460500020001460846080003000346214621...
[TCP] TX ack=00 bytes=276
[TCP] RX serial=38 src=FE dst=FF dev=00 port=00 rcv=0000 code=01 reg=0x02000011 len=6
[EMU] ROUTE CMD reg=0x02000011 dst=FF dev=00 port=00 rcv=0000 data=260312184641
[EMU] Rebuilding controller screen blocks from 5 cabinet entries
[EMU] ---- ROUTING_WRITES ----
[EMU] RAW[00] dev=00 port=00 rcv=0000 dst=FF data=260312184513
[EMU] RAW[01] dev=00 port=00 rcv=0000 dst=FF data=260312184605
[EMU] RAW[02] dev=00 port=00 rcv=0000 dst=FF data=260312184608
[EMU] RAW[03] dev=00 port=00 rcv=0000 dst=FF data=260312184621
[EMU] RAW[04] dev=00 port=00 rcv=0000 dst=FF data=260312184641
[EMU] ---- SCREEN_WRITES ----
[EMU] ROUTE[00] dev=00 port=00 rcv=0000 dst=FF group=26 a=03 b=12 c=18 x=45 y=13 word=0x4513 raw=260312184513
[EMU] ROUTE[01] dev=00 port=00 rcv=0000 dst=FF group=26 a=03 b=12 c=18 x=46 y=05 word=0x4605 raw=260312184605
[EMU] ROUTE[02] dev=00 port=00 rcv=0000 dst=FF group=26 a=03 b=12 c=18 x=46 y=08 word=0x4608 raw=260312184608
[EMU] ROUTE[03] dev=00 port=00 rcv=0000 dst=FF group=26 a=03 b=12 c=18 x=46 y=21 word=0x4621 raw=260312184621
[EMU] ROUTE[04] dev=00 port=00 rcv=0000 dst=FF group=26 a=03 b=12 c=18 x=46 y=41 word=0x4641 raw=260312184641
[EMU] ---- CABINETS ----
[EMU] CAB[00] tile=00 port=00 chain=00 cascade=01 lx=01 ly=00 group=26 c=18 route=0x4605
[EMU] CAB[01] tile=01 port=00 chain=00 cascade=02 lx=01 ly=01 group=26 c=18 route=0x4608
[EMU] CAB[02] tile=02 port=00 chain=00 cascade=00 lx=00 ly=02 group=26 c=18 route=0x4513
[EMU] CAB[03] tile=03 port=00 chain=00 cascade=03 lx=01 ly=03 group=26 c=18 route=0x4621
[EMU] CAB[04] tile=04 port=00 chain=00 cascade=04 lx=01 ly=04 group=26 c=18 route=0x4641
[EMU] ---- RCFG_STATE ----
[EMU] (none)
[EMU] Screen blocks rebuilt for dev=00 port=00 entries=5
[EMU] 0x02000000 head=010100000520010100000000000000000100000100261800010100020126180000020000022618000103000303261800...
[EMU] 0x02000100 head=01a500000520010100000000000000000000000245134513000100004605460500020001460846080003000346214621...
[EMU] 0x02020020 head=010000050000000045130001460501014608020146210301464104010000000000000000000000000000000000000000...
[EMU] 0x08000000 head=010101010100000000000000000000000000000000000000000000000000000000000000000000000000000000000000...
[EMU_FULL] 0x02000000=01010000052001010000000000000000010000010026180001010002012618000002000002261800010300030326180001040004042618000000000000000000000000000000000000000000000000000000000000000000000000000000000000000000000000000000000000000000000000000000000000000000000000000000000000000000000000000000000000000000000000000000000000000000000000000000000000000000000000000000000000000000000000000000000000000000000000000000000000000000000000000000000000000000000000000000000000000000000000000000000000000000000000000000000000000000
[EMU_FULL] 0x02000100=01a50000052001010000000000000000000000024513451300010000460546050002000146084608000300034621462100040004464146410000000000000000000000000000000000000000000000000000000000000000000000000000000000000000000000000000000000000000000000000000000000000000000000000000000000000000000000000000000000000000000000000000000000000000000000000000000000000000000000000000000000000000000000000000000000000000000000000000000000000000000000000000000000000000000000000000000000000000000000000000000000000000000000000000000000000000
[EMU_FULL] 0x02020020=01000005000000004513000146050101460802014621030146410401000000000000000000000000000000000000000000000000000000000000000000000000
[EMU_FULL] 0x08000000=01010101010000000000000000000000000000000000000000000000000000000000000000000000000000000000000000000000000000000000000000000000000000000000000000000000000000000000000000000000000000000000000000000000000000000000000000000000000000000000000000000000000000000000000000000000000000000000000000000000000000000000000000000000000000000000000000000000000000000000000000000000000000000000000000000000000000000000000000000000000000000000000000000000000000000000000000000000000000000000000000000000000000000000000000000000
[TCP] TX ack=00 bytes=20
[TCP] RX serial=E0 src=FE dst=00 dev=00 port=00 rcv=0000 code=00 reg=0x00000002 len=2
[TCP] TX ack=00 bytes=22
[TCP] RX serial=AF src=FE dst=00 dev=00 port=00 rcv=0000 code=00 reg=0x00000016 len=8
[TCP] TX ack=00 bytes=28
[TCP] RX serial=39 src=FE dst=00 dev=00 port=00 rcv=0000 code=00 reg=0x14000000 len=88
[TCP] TX ack=00 bytes=108
[TCP] RX serial=68 src=FE dst=00 dev=00 port=00 rcv=0000 code=00 reg=0x00000006 len=1
[TCP] TX ack=00 bytes=21
[TCP] RX serial=8C src=FE dst=01 dev=00 port=00 rcv=0000 code=00 reg=0x00000002 len=2
[TCP] TX ack=01 bytes=20
[TCP] RX serial=39 src=FE dst=00 dev=00 port=00 rcv=0000 code=00 reg=0x05000000 len=4
[EMU] RCFG READ reg=0x05000000 dev=00 port=00 rcv=0000 dst=00 data=00000000
[TCP] TX ack=00 bytes=24
[TCP] RX serial=3A src=FE dst=00 dev=00 port=00 rcv=0000 code=00 reg=0x02100000 len=15
[EMU] RCFG READ reg=0x02100000 dev=00 port=00 rcv=0000 dst=00 data=000000000000000000000000000000
[TCP] TX ack=00 bytes=35
[TCP] RX serial=3B src=FE dst=00 dev=00 port=00 rcv=0000 code=00 reg=0x05065000 len=10
[EMU] RCFG READ reg=0x05065000 dev=00 port=00 rcv=0000 dst=00 data=00000000000000000000
[TCP] TX ack=00 bytes=30
[TCP] RX serial=3C src=FE dst=00 dev=00 port=00 rcv=0000 code=00 reg=0x00000016 len=8
[TCP] TX ack=00 bytes=28
[TCP] RX serial=3D src=FE dst=00 dev=00 port=00 rcv=0000 code=00 reg=0x02000000 len=256
[EMU] READBACK reg=0x02000000 dev=00 port=00 rcv=0000 dst=00 data=010100000520010100000000000000000100000100261800010100020126180000020000022618000103000303261800...
[TCP] TX ack=00 bytes=276
[TCP] RX serial=3E src=FE dst=00 dev=00 port=00 rcv=0000 code=00 reg=0x02000100 len=256
[EMU] READBACK reg=0x02000100 dev=00 port=00 rcv=0000 dst=00 data=01a500000520010100000000000000000000000245134513000100004605460500020001460846080003000346214621...
[TCP] TX ack=00 bytes=276
[TCP] RX serial=3F src=FE dst=FF dev=00 port=00 rcv=0000 code=01 reg=0x02000011 len=6
[EMU] ROUTE CMD reg=0x02000011 dst=FF dev=00 port=00 rcv=0000 data=260312184701
[EMU] Rebuilding controller screen blocks from 6 cabinet entries
[EMU] ---- ROUTING_WRITES ----
[EMU] RAW[00] dev=00 port=00 rcv=0000 dst=FF data=260312184513
[EMU] RAW[01] dev=00 port=00 rcv=0000 dst=FF data=260312184605
[EMU] RAW[02] dev=00 port=00 rcv=0000 dst=FF data=260312184608
[EMU] RAW[03] dev=00 port=00 rcv=0000 dst=FF data=260312184621
[EMU] RAW[04] dev=00 port=00 rcv=0000 dst=FF data=260312184641
[EMU] RAW[05] dev=00 port=00 rcv=0000 dst=FF data=260312184701
[EMU] ---- SCREEN_WRITES ----
[EMU] ROUTE[00] dev=00 port=00 rcv=0000 dst=FF group=26 a=03 b=12 c=18 x=45 y=13 word=0x4513 raw=260312184513
[EMU] ROUTE[01] dev=00 port=00 rcv=0000 dst=FF group=26 a=03 b=12 c=18 x=46 y=05 word=0x4605 raw=260312184605
[EMU] ROUTE[02] dev=00 port=00 rcv=0000 dst=FF group=26 a=03 b=12 c=18 x=46 y=08 word=0x4608 raw=260312184608
[EMU] ROUTE[03] dev=00 port=00 rcv=0000 dst=FF group=26 a=03 b=12 c=18 x=46 y=21 word=0x4621 raw=260312184621
[EMU] ROUTE[04] dev=00 port=00 rcv=0000 dst=FF group=26 a=03 b=12 c=18 x=46 y=41 word=0x4641 raw=260312184641
[EMU] ROUTE[05] dev=00 port=00 rcv=0000 dst=FF group=26 a=03 b=12 c=18 x=47 y=01 word=0x4701 raw=260312184701
[EMU] ---- CABINETS ----
[EMU] CAB[00] tile=00 port=00 chain=00 cascade=05 lx=02 ly=00 group=26 c=18 route=0x4701
[EMU] CAB[01] tile=01 port=00 chain=00 cascade=01 lx=01 ly=01 group=26 c=18 route=0x4605
[EMU] CAB[02] tile=02 port=00 chain=00 cascade=02 lx=01 ly=02 group=26 c=18 route=0x4608
[EMU] CAB[03] tile=03 port=00 chain=00 cascade=00 lx=00 ly=03 group=26 c=18 route=0x4513
[EMU] CAB[04] tile=04 port=00 chain=00 cascade=03 lx=01 ly=04 group=26 c=18 route=0x4621
[EMU] CAB[05] tile=05 port=00 chain=00 cascade=04 lx=01 ly=05 group=26 c=18 route=0x4641
[EMU] ---- RCFG_STATE ----
[EMU] (none)
[EMU] Screen blocks rebuilt for dev=00 port=00 entries=6
[EMU] 0x02000000 head=010100000620010100000000000000000200000500261800010100010126180001020002022618000003000003261800...
[EMU] 0x02000100 head=01a500000620010100000000000000000000000345134513000100014605460500020002460846080003000446214621...
[EMU] 0x02020020 head=010000060000000045130001460501014608020146210301464104014701050100000000000000000000000000000000...
[EMU] 0x08000000 head=010101010101000000000000000000000000000000000000000000000000000000000000000000000000000000000000...
[EMU_FULL] 0x02000000=01010000062001010000000000000000020000050026180001010001012618000102000202261800000300000326180001040003042618000105000405261800000000000000000000000000000000000000000000000000000000000000000000000000000000000000000000000000000000000000000000000000000000000000000000000000000000000000000000000000000000000000000000000000000000000000000000000000000000000000000000000000000000000000000000000000000000000000000000000000000000000000000000000000000000000000000000000000000000000000000000000000000000000000000000000000
[EMU_FULL] 0x02000100=01a50000062001010000000000000000000000034513451300010001460546050002000246084608000300044621462100040005464146410005000047014701000000000000000000000000000000000000000000000000000000000000000000000000000000000000000000000000000000000000000000000000000000000000000000000000000000000000000000000000000000000000000000000000000000000000000000000000000000000000000000000000000000000000000000000000000000000000000000000000000000000000000000000000000000000000000000000000000000000000000000000000000000000000000000000000
[EMU_FULL] 0x02020020=01000006000000004513000146050101460802014621030146410401470105010000000000000000000000000000000000000000000000000000000000000000
[EMU_FULL] 0x08000000=01010101010100000000000000000000000000000000000000000000000000000000000000000000000000000000000000000000000000000000000000000000000000000000000000000000000000000000000000000000000000000000000000000000000000000000000000000000000000000000000000000000000000000000000000000000000000000000000000000000000000000000000000000000000000000000000000000000000000000000000000000000000000000000000000000000000000000000000000000000000000000000000000000000000000000000000000000000000000000000000000000000000000000000000000000000
[TCP] TX ack=00 bytes=20
[TCP] ERROR: [Errno 104] Connection reset by peer
[TCP] Conn from ('192.168.0.10', 8983)
[TCP] RX serial=E8 src=FE dst=FF dev=00 port=00 rcv=0000 code=01 reg=0x01000000 len=1
[TCP] TX ack=00 bytes=20
[TCP] RX serial=3B src=FE dst=00 dev=00 port=00 rcv=0000 code=00 reg=0x00000002 len=2
[TCP] TX ack=00 bytes=22
[TCP] RX serial=49 src=FE dst=00 dev=00 port=00 rcv=0000 code=00 reg=0x00000016 len=8
[TCP] TX ack=00 bytes=28
[TCP] RX serial=1D src=FE dst=00 dev=00 port=00 rcv=0000 code=00 reg=0x14000000 len=88
[TCP] TX ack=00 bytes=108
[TCP] RX serial=B1 src=FE dst=00 dev=00 port=00 rcv=0000 code=00 reg=0x00000006 len=1
[TCP] TX ack=00 bytes=21
[TCP] RX serial=D7 src=FE dst=01 dev=00 port=00 rcv=0000 code=00 reg=0x00000002 len=2
[TCP] TX ack=01 bytes=20
[TCP] RX serial=01 src=FE dst=00 dev=00 port=00 rcv=0000 code=00 reg=0x05000000 len=4
[EMU] RCFG READ reg=0x05000000 dev=00 port=00 rcv=0000 dst=00 data=00000000
[TCP] TX ack=00 bytes=24
[TCP] RX serial=02 src=FE dst=00 dev=00 port=00 rcv=0000 code=00 reg=0x00000000 len=2
[TCP] TX ack=00 bytes=22
[TCP] RX serial=03 src=FE dst=00 dev=00 port=00 rcv=0000 code=00 reg=0x05066000 len=256
[EMU] RCFG READ reg=0x05066000 dev=00 port=00 rcv=0000 dst=00 data=000000000000000000000000000000000000000000000000000000000000000000000000000000000000000000000000...
[TCP] TX ack=00 bytes=276
[TCP] RX serial=04 src=FE dst=00 dev=00 port=00 rcv=0000 code=00 reg=0x02100000 len=15
[EMU] RCFG READ reg=0x02100000 dev=00 port=00 rcv=0000 dst=00 data=000000000000000000000000000000
[TCP] TX ack=00 bytes=35
[TCP] RX serial=05 src=FE dst=00 dev=00 port=00 rcv=0000 code=00 reg=0x00000002 len=2
[TCP] TX ack=00 bytes=22
[TCP] RX serial=06 src=FE dst=00 dev=00 port=00 rcv=0000 code=00 reg=0x0200000B len=1
[EMU] VALIDATION READ reg=0x0200000B dev=00 port=00 rcv=0000 dst=00 data=01
[TCP] TX ack=00 bytes=21
[TCP] RX serial=07 src=FE dst=00 dev=00 port=00 rcv=0000 code=00 reg=0x02000023 len=1
[EMU] VALIDATION READ reg=0x02000023 dev=00 port=00 rcv=0000 dst=00 data=00
[TCP] TX ack=00 bytes=21
[TCP] RX serial=08 src=FE dst=00 dev=00 port=00 rcv=0000 code=00 reg=0x03100109 len=1
[EMU] VALIDATION READ reg=0x03100109 dev=00 port=00 rcv=0000 dst=00 data=01
[TCP] TX ack=00 bytes=21
[TCP] RX serial=09 src=FE dst=00 dev=00 port=00 rcv=0000 code=00 reg=0x02000022 len=1
[EMU] VALIDATION READ reg=0x02000022 dev=00 port=00 rcv=0000 dst=00 data=06
[TCP] TX ack=00 bytes=21
[TCP] RX serial=0A src=FE dst=00 dev=00 port=00 rcv=0000 code=00 reg=0x05065000 len=10
[EMU] RCFG READ reg=0x05065000 dev=00 port=00 rcv=0000 dst=00 data=00000000000000000000
[TCP] TX ack=00 bytes=30
[TCP] RX serial=0B src=FE dst=00 dev=00 port=00 rcv=0000 code=00 reg=0x02200117 len=1
[EMU] VALIDATION READ reg=0x02200117 dev=00 port=00 rcv=0000 dst=00 data=00
[TCP] TX ack=00 bytes=21
[TCP] RX serial=0C src=FE dst=00 dev=00 port=00 rcv=0000 code=00 reg=0x02000000 len=256
[EMU] READBACK reg=0x02000000 dev=00 port=00 rcv=0000 dst=00 data=010100000620010100000000000000000200000500261800010100010126180001020002022618000003000003261800...
[TCP] TX ack=00 bytes=276
[TCP] RX serial=0D src=FE dst=00 dev=00 port=00 rcv=0000 code=00 reg=0x02000100 len=256
[EMU] READBACK reg=0x02000100 dev=00 port=00 rcv=0000 dst=00 data=01a500000620010100000000000000000000000345134513000100014605460500020002460846080003000446214621...
[TCP] TX ack=00 bytes=276
[TCP] RX serial=0E src=FE dst=00 dev=00 port=00 rcv=0000 code=00 reg=0x02020020 len=64
[EMU] READBACK reg=0x02020020 dev=00 port=00 rcv=0000 dst=00 data=010000060000000045130001460501014608020146210301464104014701050100000000000000000000000000000000...
[TCP] TX ack=00 bytes=84
[TCP] RX serial=0F src=FE dst=00 dev=00 port=00 rcv=0000 code=00 reg=0x0200000B len=1
[EMU] VALIDATION READ reg=0x0200000B dev=00 port=00 rcv=0000 dst=00 data=01
[TCP] TX ack=00 bytes=21
[TCP] RX serial=10 src=FE dst=00 dev=00 port=00 rcv=0000 code=00 reg=0x08000000 len=256
[EMU] READBACK reg=0x08000000 dev=00 port=00 rcv=0000 dst=00 data=010101010101000000000000000000000000000000000000000000000000000000000000000000000000000000000000...
[TCP] TX ack=00 bytes=276
[TCP] RX serial=11 src=FE dst=00 dev=00 port=00 rcv=0000 code=00 reg=0x0200009D len=1
[EMU] VALIDATION READ reg=0x0200009D dev=00 port=00 rcv=0000 dst=00 data=00
[TCP] TX ack=00 bytes=21
[TCP] RX serial=12 src=FE dst=00 dev=00 port=00 rcv=0000 code=00 reg=0x02000023 len=1
[EMU] VALIDATION READ reg=0x02000023 dev=00 port=00 rcv=0000 dst=00 data=00
[TCP] TX ack=00 bytes=21
[TCP] RX serial=13 src=FE dst=00 dev=00 port=00 rcv=0000 code=00 reg=0x05000000 len=4
[EMU] RCFG READ reg=0x05000000 dev=00 port=00 rcv=0000 dst=00 data=00000000
[TCP] TX ack=00 bytes=24
[TCP] RX serial=14 src=FE dst=00 dev=00 port=00 rcv=0000 code=00 reg=0x0200009D len=1
[EMU] VALIDATION READ reg=0x0200009D dev=00 port=00 rcv=0000 dst=00 data=00
[TCP] TX ack=00 bytes=21
[TCP] RX serial=15 src=FE dst=00 dev=00 port=00 rcv=0000 code=00 reg=0x03100109 len=1
[EMU] VALIDATION READ reg=0x03100109 dev=00 port=00 rcv=0000 dst=00 data=01
[TCP] TX ack=00 bytes=21
[TCP] RX serial=16 src=FE dst=00 dev=00 port=00 rcv=0000 code=00 reg=0x02100000 len=15
[EMU] RCFG READ reg=0x02100000 dev=00 port=00 rcv=0000 dst=00 data=000000000000000000000000000000
[TCP] TX ack=00 bytes=35
[TCP] RX serial=17 src=FE dst=00 dev=00 port=00 rcv=0000 code=00 reg=0x02000022 len=1
[EMU] VALIDATION READ reg=0x02000022 dev=00 port=00 rcv=0000 dst=00 data=06
[TCP] TX ack=00 bytes=21
[TCP] RX serial=18 src=FE dst=00 dev=00 port=00 rcv=0000 code=00 reg=0x05065000 len=10
[EMU] RCFG READ reg=0x05065000 dev=00 port=00 rcv=0000 dst=00 data=00000000000000000000
[TCP] TX ack=00 bytes=30
[TCP] RX serial=19 src=FE dst=00 dev=00 port=00 rcv=0000 code=00 reg=0x00000016 len=8
[TCP] TX ack=00 bytes=28
[TCP] RX serial=1A src=FE dst=00 dev=00 port=00 rcv=0000 code=00 reg=0x02000000 len=256
[EMU] READBACK reg=0x02000000 dev=00 port=00 rcv=0000 dst=00 data=010100000620010100000000000000000200000500261800010100010126180001020002022618000003000003261800...
[TCP] TX ack=00 bytes=276
[TCP] RX serial=1B src=FE dst=00 dev=00 port=00 rcv=0000 code=00 reg=0x02000100 len=256
[EMU] READBACK reg=0x02000100 dev=00 port=00 rcv=0000 dst=00 data=01a500000620010100000000000000000000000345134513000100014605460500020002460846080003000446214621...
[TCP] TX ack=00 bytes=276
[TCP] RX serial=1C src=FE dst=FF dev=00 port=00 rcv=0000 code=01 reg=0x02000011 len=6
[EMU] ROUTE CMD reg=0x02000011 dst=FF dev=00 port=00 rcv=0000 data=260312184734
[EMU] Rebuilding controller screen blocks from 7 cabinet entries
[EMU] ---- ROUTING_WRITES ----
[EMU] RAW[00] dev=00 port=00 rcv=0000 dst=FF data=260312184513
[EMU] RAW[01] dev=00 port=00 rcv=0000 dst=FF data=260312184605
[EMU] RAW[02] dev=00 port=00 rcv=0000 dst=FF data=260312184608
[EMU] RAW[03] dev=00 port=00 rcv=0000 dst=FF data=260312184621
[EMU] RAW[04] dev=00 port=00 rcv=0000 dst=FF data=260312184641
[EMU] RAW[05] dev=00 port=00 rcv=0000 dst=FF data=260312184701
[EMU] RAW[06] dev=00 port=00 rcv=0000 dst=FF data=260312184734
[EMU] ---- SCREEN_WRITES ----
[EMU] ROUTE[00] dev=00 port=00 rcv=0000 dst=FF group=26 a=03 b=12 c=18 x=45 y=13 word=0x4513 raw=260312184513
[EMU] ROUTE[01] dev=00 port=00 rcv=0000 dst=FF group=26 a=03 b=12 c=18 x=46 y=05 word=0x4605 raw=260312184605
[EMU] ROUTE[02] dev=00 port=00 rcv=0000 dst=FF group=26 a=03 b=12 c=18 x=46 y=08 word=0x4608 raw=260312184608
[EMU] ROUTE[03] dev=00 port=00 rcv=0000 dst=FF group=26 a=03 b=12 c=18 x=46 y=21 word=0x4621 raw=260312184621
[EMU] ROUTE[04] dev=00 port=00 rcv=0000 dst=FF group=26 a=03 b=12 c=18 x=46 y=41 word=0x4641 raw=260312184641
[EMU] ROUTE[05] dev=00 port=00 rcv=0000 dst=FF group=26 a=03 b=12 c=18 x=47 y=01 word=0x4701 raw=260312184701
[EMU] ROUTE[06] dev=00 port=00 rcv=0000 dst=FF group=26 a=03 b=12 c=18 x=47 y=34 word=0x4734 raw=260312184734
[EMU] ---- CABINETS ----
[EMU] CAB[00] tile=00 port=00 chain=00 cascade=05 lx=02 ly=00 group=26 c=18 route=0x4701
[EMU] CAB[01] tile=01 port=00 chain=00 cascade=01 lx=01 ly=01 group=26 c=18 route=0x4605
[EMU] CAB[02] tile=02 port=00 chain=00 cascade=02 lx=01 ly=02 group=26 c=18 route=0x4608
[EMU] CAB[03] tile=03 port=00 chain=00 cascade=00 lx=00 ly=03 group=26 c=18 route=0x4513
[EMU] CAB[04] tile=04 port=00 chain=00 cascade=03 lx=01 ly=04 group=26 c=18 route=0x4621
[EMU] CAB[05] tile=05 port=00 chain=00 cascade=06 lx=02 ly=05 group=26 c=18 route=0x4734
[EMU] CAB[06] tile=06 port=00 chain=00 cascade=04 lx=01 ly=06 group=26 c=18 route=0x4641
[EMU] ---- RCFG_STATE ----
[EMU] (none)
[EMU] Screen blocks rebuilt for dev=00 port=00 entries=7
[EMU] 0x02000000 head=010100000720010100000000000000000200000500261800010100010126180001020002022618000003000003261800...
[EMU] 0x02000100 head=01a500000720010100000000000000000000000345134513000100014605460500020002460846080003000446214621...
[EMU] 0x02020020 head=010000070000000045130001460501014608020146210301464104014701050147340601000000000000000000000000...
[EMU] 0x08000000 head=010101010101010000000000000000000000000000000000000000000000000000000000000000000000000000000000...
[EMU_FULL] 0x02000000=01010000072001010000000000000000020000050026180001010001012618000102000202261800000300000326180001040003042618000205000605261800010600040626180000000000000000000000000000000000000000000000000000000000000000000000000000000000000000000000000000000000000000000000000000000000000000000000000000000000000000000000000000000000000000000000000000000000000000000000000000000000000000000000000000000000000000000000000000000000000000000000000000000000000000000000000000000000000000000000000000000000000000000000000000000000
[EMU_FULL] 0x02000100=01a50000072001010000000000000000000000034513451300010001460546050002000246084608000300044621462100040006464146410005000047014701000600054734473400000000000000000000000000000000000000000000000000000000000000000000000000000000000000000000000000000000000000000000000000000000000000000000000000000000000000000000000000000000000000000000000000000000000000000000000000000000000000000000000000000000000000000000000000000000000000000000000000000000000000000000000000000000000000000000000000000000000000000000000000000000
[EMU_FULL] 0x02020020=01000007000000004513000146050101460802014621030146410401470105014734060100000000000000000000000000000000000000000000000000000000
[EMU_FULL] 0x08000000=01010101010101000000000000000000000000000000000000000000000000000000000000000000000000000000000000000000000000000000000000000000000000000000000000000000000000000000000000000000000000000000000000000000000000000000000000000000000000000000000000000000000000000000000000000000000000000000000000000000000000000000000000000000000000000000000000000000000000000000000000000000000000000000000000000000000000000000000000000000000000000000000000000000000000000000000000000000000000000000000000000000000000000000000000000000
[TCP] TX ack=00 bytes=20
[TCP] RX serial=1D src=FE dst=00 dev=00 port=00 rcv=0000 code=00 reg=0x05000000 len=4
[EMU] RCFG READ reg=0x05000000 dev=00 port=00 rcv=0000 dst=00 data=00000000
[TCP] TX ack=00 bytes=24
[TCP] RX serial=1E src=FE dst=00 dev=00 port=00 rcv=0000 code=00 reg=0x02100000 len=15
[EMU] RCFG READ reg=0x02100000 dev=00 port=00 rcv=0000 dst=00 data=000000000000000000000000000000
[TCP] TX ack=00 bytes=35
[TCP] RX serial=1F src=FE dst=00 dev=00 port=00 rcv=0000 code=00 reg=0x05065000 len=10
[EMU] RCFG READ reg=0x05065000 dev=00 port=00 rcv=0000 dst=00 data=00000000000000000000
[TCP] TX ack=00 bytes=30
[TCP] RX serial=20 src=FE dst=00 dev=00 port=00 rcv=0000 code=00 reg=0x00000016 len=8
[TCP] TX ack=00 bytes=28
[TCP] RX serial=21 src=FE dst=00 dev=00 port=00 rcv=0000 code=00 reg=0x02000000 len=256
[EMU] READBACK reg=0x02000000 dev=00 port=00 rcv=0000 dst=00 data=010100000720010100000000000000000200000500261800010100010126180001020002022618000003000003261800...
[TCP] TX ack=00 bytes=276
[TCP] RX serial=22 src=FE dst=00 dev=00 port=00 rcv=0000 code=00 reg=0x02000100 len=256
[EMU] READBACK reg=0x02000100 dev=00 port=00 rcv=0000 dst=00 data=01a500000720010100000000000000000000000345134513000100014605460500020002460846080003000446214621...
[TCP] TX ack=00 bytes=276
[TCP] RX serial=23 src=FE dst=FF dev=00 port=00 rcv=0000 code=01 reg=0x02000011 len=6
[EMU] ROUTE CMD reg=0x02000011 dst=FF dev=00 port=00 rcv=0000 data=260312184749
[EMU] Rebuilding controller screen blocks from 8 cabinet entries
[EMU] ---- ROUTING_WRITES ----
[EMU] RAW[00] dev=00 port=00 rcv=0000 dst=FF data=260312184513
[EMU] RAW[01] dev=00 port=00 rcv=0000 dst=FF data=260312184605
[EMU] RAW[02] dev=00 port=00 rcv=0000 dst=FF data=260312184608
[EMU] RAW[03] dev=00 port=00 rcv=0000 dst=FF data=260312184621
[EMU] RAW[04] dev=00 port=00 rcv=0000 dst=FF data=260312184641
[EMU] RAW[05] dev=00 port=00 rcv=0000 dst=FF data=260312184701
[EMU] RAW[06] dev=00 port=00 rcv=0000 dst=FF data=260312184734
[EMU] RAW[07] dev=00 port=00 rcv=0000 dst=FF data=260312184749
[EMU] ---- SCREEN_WRITES ----
[EMU] ROUTE[00] dev=00 port=00 rcv=0000 dst=FF group=26 a=03 b=12 c=18 x=45 y=13 word=0x4513 raw=260312184513
[EMU] ROUTE[01] dev=00 port=00 rcv=0000 dst=FF group=26 a=03 b=12 c=18 x=46 y=05 word=0x4605 raw=260312184605
[EMU] ROUTE[02] dev=00 port=00 rcv=0000 dst=FF group=26 a=03 b=12 c=18 x=46 y=08 word=0x4608 raw=260312184608
[EMU] ROUTE[03] dev=00 port=00 rcv=0000 dst=FF group=26 a=03 b=12 c=18 x=46 y=21 word=0x4621 raw=260312184621
[EMU] ROUTE[04] dev=00 port=00 rcv=0000 dst=FF group=26 a=03 b=12 c=18 x=46 y=41 word=0x4641 raw=260312184641
[EMU] ROUTE[05] dev=00 port=00 rcv=0000 dst=FF group=26 a=03 b=12 c=18 x=47 y=01 word=0x4701 raw=260312184701
[EMU] ROUTE[06] dev=00 port=00 rcv=0000 dst=FF group=26 a=03 b=12 c=18 x=47 y=34 word=0x4734 raw=260312184734
[EMU] ROUTE[07] dev=00 port=00 rcv=0000 dst=FF group=26 a=03 b=12 c=18 x=47 y=49 word=0x4749 raw=260312184749
[EMU] ---- CABINETS ----
[EMU] CAB[00] tile=00 port=00 chain=00 cascade=05 lx=02 ly=00 group=26 c=18 route=0x4701
[EMU] CAB[01] tile=01 port=00 chain=00 cascade=01 lx=01 ly=01 group=26 c=18 route=0x4605
[EMU] CAB[02] tile=02 port=00 chain=00 cascade=02 lx=01 ly=02 group=26 c=18 route=0x4608
[EMU] CAB[03] tile=03 port=00 chain=00 cascade=00 lx=00 ly=03 group=26 c=18 route=0x4513
[EMU] CAB[04] tile=04 port=00 chain=00 cascade=03 lx=01 ly=04 group=26 c=18 route=0x4621
[EMU] CAB[05] tile=05 port=00 chain=00 cascade=06 lx=02 ly=05 group=26 c=18 route=0x4734
[EMU] CAB[06] tile=06 port=00 chain=00 cascade=04 lx=01 ly=06 group=26 c=18 route=0x4641
[EMU] CAB[07] tile=07 port=00 chain=00 cascade=07 lx=02 ly=07 group=26 c=18 route=0x4749
[EMU] ---- RCFG_STATE ----
[EMU] (none)
[EMU] Screen blocks rebuilt for dev=00 port=00 entries=8
[EMU] 0x02000000 head=010100000820010100000000000000000200000500261800010100010126180001020002022618000003000003261800...
[EMU] 0x02000100 head=01a500000820010100000000000000000000000345134513000100014605460500020002460846080003000446214621...
[EMU] 0x02020020 head=010000080000000045130001460501014608020146210301464104014701050147340601474907010000000000000000...
[EMU] 0x08000000 head=010101010101010100000000000000000000000000000000000000000000000000000000000000000000000000000000...
[EMU_FULL] 0x02000000=01010000082001010000000000000000020000050026180001010001012618000102000202261800000300000326180001040003042618000205000605261800010600040626180002070007072618000000000000000000000000000000000000000000000000000000000000000000000000000000000000000000000000000000000000000000000000000000000000000000000000000000000000000000000000000000000000000000000000000000000000000000000000000000000000000000000000000000000000000000000000000000000000000000000000000000000000000000000000000000000000000000000000000000000000000000
[EMU_FULL] 0x02000100=01a50000082001010000000000000000000000034513451300010001460546050002000246084608000300044621462100040006464146410005000047014701000600054734473400070007474947490000000000000000000000000000000000000000000000000000000000000000000000000000000000000000000000000000000000000000000000000000000000000000000000000000000000000000000000000000000000000000000000000000000000000000000000000000000000000000000000000000000000000000000000000000000000000000000000000000000000000000000000000000000000000000000000000000000000000000
[EMU_FULL] 0x02020020=01000008000000004513000146050101460802014621030146410401470105014734060147490701000000000000000000000000000000000000000000000000
[EMU_FULL] 0x08000000=01010101010101010000000000000000000000000000000000000000000000000000000000000000000000000000000000000000000000000000000000000000000000000000000000000000000000000000000000000000000000000000000000000000000000000000000000000000000000000000000000000000000000000000000000000000000000000000000000000000000000000000000000000000000000000000000000000000000000000000000000000000000000000000000000000000000000000000000000000000000000000000000000000000000000000000000000000000000000000000000000000000000000000000000000000000
[TCP] TX ack=00 bytes=20
[TCP] RX serial=31 src=FE dst=00 dev=00 port=00 rcv=0000 code=00 reg=0x00000002 len=2
[TCP] TX ack=00 bytes=22
[TCP] RX serial=22 src=FE dst=00 dev=00 port=00 rcv=0000 code=00 reg=0x00000016 len=8
[TCP] TX ack=00 bytes=28
[TCP] RX serial=6C src=FE dst=00 dev=00 port=00 rcv=0000 code=00 reg=0x14000000 len=88
[TCP] TX ack=00 bytes=108
[TCP] RX serial=20 src=FE dst=00 dev=00 port=00 rcv=0000 code=00 reg=0x00000006 len=1
[TCP] TX ack=00 bytes=21
[TCP] RX serial=E5 src=FE dst=01 dev=00 port=00 rcv=0000 code=00 reg=0x00000002 len=2
[TCP] TX ack=01 bytes=20
[TCP] RX serial=24 src=FE dst=00 dev=00 port=00 rcv=0000 code=00 reg=0x05000000 len=4
[EMU] RCFG READ reg=0x05000000 dev=00 port=00 rcv=0000 dst=00 data=00000000
[TCP] TX ack=00 bytes=24
[TCP] RX serial=25 src=FE dst=00 dev=00 port=00 rcv=0000 code=00 reg=0x02100000 len=15
[EMU] RCFG READ reg=0x02100000 dev=00 port=00 rcv=0000 dst=00 data=000000000000000000000000000000
[TCP] TX ack=00 bytes=35
[TCP] RX serial=26 src=FE dst=00 dev=00 port=00 rcv=0000 code=00 reg=0x05065000 len=10
[EMU] RCFG READ reg=0x05065000 dev=00 port=00 rcv=0000 dst=00 data=00000000000000000000
[TCP] TX ack=00 bytes=30
[TCP] RX serial=27 src=FE dst=00 dev=00 port=00 rcv=0000 code=00 reg=0x00000016 len=8
[TCP] TX ack=00 bytes=28
[TCP] RX serial=28 src=FE dst=00 dev=00 port=00 rcv=0000 code=00 reg=0x02000000 len=256
[EMU] READBACK reg=0x02000000 dev=00 port=00 rcv=0000 dst=00 data=010100000820010100000000000000000200000500261800010100010126180001020002022618000003000003261800...
[TCP] TX ack=00 bytes=276
[TCP] RX serial=29 src=FE dst=00 dev=00 port=00 rcv=0000 code=00 reg=0x02000100 len=256
[EMU] READBACK reg=0x02000100 dev=00 port=00 rcv=0000 dst=00 data=01a500000820010100000000000000000000000345134513000100014605460500020002460846080003000446214621...
[TCP] TX ack=00 bytes=276
[TCP] RX serial=2A src=FE dst=00 dev=00 port=00 rcv=0000 code=00 reg=0x02000000 len=256
[EMU] READBACK reg=0x02000000 dev=00 port=00 rcv=0000 dst=00 data=010100000820010100000000000000000200000500261800010100010126180001020002022618000003000003261800...
[TCP] TX ack=00 bytes=276
[TCP] RX serial=2B src=FE dst=00 dev=00 port=00 rcv=0000 code=00 reg=0x02000100 len=256
[EMU] READBACK reg=0x02000100 dev=00 port=00 rcv=0000 dst=00 data=01a500000820010100000000000000000000000345134513000100014605460500020002460846080003000446214621...
[TCP] TX ack=00 bytes=276
[TCP] RX serial=2C src=FE dst=FF dev=00 port=00 rcv=0000 code=01 reg=0x02000011 len=6
[EMU] ROUTE CMD reg=0x02000011 dst=FF dev=00 port=00 rcv=0000 data=260312184812
[EMU] Rebuilding controller screen blocks from 9 cabinet entries
[EMU] ---- ROUTING_WRITES ----
[EMU] RAW[00] dev=00 port=00 rcv=0000 dst=FF data=260312184513
[EMU] RAW[01] dev=00 port=00 rcv=0000 dst=FF data=260312184605
[EMU] RAW[02] dev=00 port=00 rcv=0000 dst=FF data=260312184608
[EMU] RAW[03] dev=00 port=00 rcv=0000 dst=FF data=260312184621
[EMU] RAW[04] dev=00 port=00 rcv=0000 dst=FF data=260312184641
[EMU] RAW[05] dev=00 port=00 rcv=0000 dst=FF data=260312184701
[EMU] RAW[06] dev=00 port=00 rcv=0000 dst=FF data=260312184734
[EMU] RAW[07] dev=00 port=00 rcv=0000 dst=FF data=260312184749
[EMU] RAW[08] dev=00 port=00 rcv=0000 dst=FF data=260312184812
[EMU] ---- SCREEN_WRITES ----
[EMU] ROUTE[00] dev=00 port=00 rcv=0000 dst=FF group=26 a=03 b=12 c=18 x=45 y=13 word=0x4513 raw=260312184513
[EMU] ROUTE[01] dev=00 port=00 rcv=0000 dst=FF group=26 a=03 b=12 c=18 x=46 y=05 word=0x4605 raw=260312184605
[EMU] ROUTE[02] dev=00 port=00 rcv=0000 dst=FF group=26 a=03 b=12 c=18 x=46 y=08 word=0x4608 raw=260312184608
[EMU] ROUTE[03] dev=00 port=00 rcv=0000 dst=FF group=26 a=03 b=12 c=18 x=46 y=21 word=0x4621 raw=260312184621
[EMU] ROUTE[04] dev=00 port=00 rcv=0000 dst=FF group=26 a=03 b=12 c=18 x=46 y=41 word=0x4641 raw=260312184641
[EMU] ROUTE[05] dev=00 port=00 rcv=0000 dst=FF group=26 a=03 b=12 c=18 x=47 y=01 word=0x4701 raw=260312184701
[EMU] ROUTE[06] dev=00 port=00 rcv=0000 dst=FF group=26 a=03 b=12 c=18 x=47 y=34 word=0x4734 raw=260312184734
[EMU] ROUTE[07] dev=00 port=00 rcv=0000 dst=FF group=26 a=03 b=12 c=18 x=47 y=49 word=0x4749 raw=260312184749
[EMU] ROUTE[08] dev=00 port=00 rcv=0000 dst=FF group=26 a=03 b=12 c=18 x=48 y=12 word=0x4812 raw=260312184812
[EMU] ---- CABINETS ----
[EMU] CAB[00] tile=00 port=00 chain=00 cascade=05 lx=02 ly=00 group=26 c=18 route=0x4701
[EMU] CAB[01] tile=01 port=00 chain=00 cascade=01 lx=01 ly=01 group=26 c=18 route=0x4605
[EMU] CAB[02] tile=02 port=00 chain=00 cascade=02 lx=01 ly=02 group=26 c=18 route=0x4608
[EMU] CAB[03] tile=03 port=00 chain=00 cascade=08 lx=03 ly=03 group=26 c=18 route=0x4812
[EMU] CAB[04] tile=04 port=00 chain=00 cascade=00 lx=00 ly=04 group=26 c=18 route=0x4513
[EMU] CAB[05] tile=05 port=00 chain=00 cascade=03 lx=01 ly=05 group=26 c=18 route=0x4621
[EMU] CAB[06] tile=06 port=00 chain=00 cascade=06 lx=02 ly=06 group=26 c=18 route=0x4734
[EMU] CAB[07] tile=07 port=00 chain=00 cascade=04 lx=01 ly=07 group=26 c=18 route=0x4641
[EMU] CAB[08] tile=08 port=00 chain=00 cascade=07 lx=02 ly=08 group=26 c=18 route=0x4749
[EMU] ---- RCFG_STATE ----
[EMU] (none)
[EMU] Screen blocks rebuilt for dev=00 port=00 entries=9
[EMU] 0x02000000 head=010100000920010100000000000000000200000500261800010100010126180001020002022618000303000803261800...
[EMU] 0x02000100 head=01a500000920010100000000000000000000000445134513000100014605460500020002460846080003000546214621...
[EMU] 0x02020020 head=010000090000000045130001460501014608020146210301464104014701050147340601474907014812080100000000...
[EMU] 0x08000000 head=010101010101010101000000000000000000000000000000000000000000000000000000000000000000000000000000...
[EMU_FULL] 0x02000000=01010000092001010000000000000000020000050026180001010001012618000102000202261800030300080326180000040000042618000105000305261800020600060626180001070004072618000208000708261800000000000000000000000000000000000000000000000000000000000000000000000000000000000000000000000000000000000000000000000000000000000000000000000000000000000000000000000000000000000000000000000000000000000000000000000000000000000000000000000000000000000000000000000000000000000000000000000000000000000000000000000000000000000000000000000000
[EMU_FULL] 0x02000100=01a50000092001010000000000000000000000044513451300010001460546050002000246084608000300054621462100040007464146410005000047014701000600064734473400070008474947490008000348124812000000000000000000000000000000000000000000000000000000000000000000000000000000000000000000000000000000000000000000000000000000000000000000000000000000000000000000000000000000000000000000000000000000000000000000000000000000000000000000000000000000000000000000000000000000000000000000000000000000000000000000000000000000000000000000000000
[EMU_FULL] 0x02020020=01000009000000004513000146050101460802014621030146410401470105014734060147490701481208010000000000000000000000000000000000000000
[EMU_FULL] 0x08000000=01010101010101010100000000000000000000000000000000000000000000000000000000000000000000000000000000000000000000000000000000000000000000000000000000000000000000000000000000000000000000000000000000000000000000000000000000000000000000000000000000000000000000000000000000000000000000000000000000000000000000000000000000000000000000000000000000000000000000000000000000000000000000000000000000000000000000000000000000000000000000000000000000000000000000000000000000000000000000000000000000000000000000000000000000000000
[TCP] TX ack=00 bytes=20
[TCP] RX serial=2D src=FE dst=00 dev=00 port=00 rcv=0000 code=00 reg=0x05000000 len=4
[EMU] RCFG READ reg=0x05000000 dev=00 port=00 rcv=0000 dst=00 data=00000000
[TCP] TX ack=00 bytes=24
[TCP] RX serial=2E src=FE dst=00 dev=00 port=00 rcv=0000 code=00 reg=0x02100000 len=15
[EMU] RCFG READ reg=0x02100000 dev=00 port=00 rcv=0000 dst=00 data=000000000000000000000000000000
[TCP] TX ack=00 bytes=35
[TCP] RX serial=2F src=FE dst=00 dev=00 port=00 rcv=0000 code=00 reg=0x05065000 len=10
[EMU] RCFG READ reg=0x05065000 dev=00 port=00 rcv=0000 dst=00 data=00000000000000000000
[TCP] TX ack=00 bytes=30
[TCP] RX serial=30 src=FE dst=00 dev=00 port=00 rcv=0000 code=00 reg=0x00000016 len=8
[TCP] TX ack=00 bytes=28
[TCP] RX serial=31 src=FE dst=00 dev=00 port=00 rcv=0000 code=00 reg=0x02000000 len=256
[EMU] READBACK reg=0x02000000 dev=00 port=00 rcv=0000 dst=00 data=010100000920010100000000000000000200000500261800010100010126180001020002022618000303000803261800...
[TCP] TX ack=00 bytes=276
[TCP] RX serial=32 src=FE dst=00 dev=00 port=00 rcv=0000 code=00 reg=0x02000100 len=256
[EMU] READBACK reg=0x02000100 dev=00 port=00 rcv=0000 dst=00 data=01a500000920010100000000000000000000000445134513000100014605460500020002460846080003000546214621...
[TCP] TX ack=00 bytes=276
[TCP] RX serial=33 src=FE dst=FF dev=00 port=00 rcv=0000 code=01 reg=0x02000011 len=6
[EMU] ROUTE CMD reg=0x02000011 dst=FF dev=00 port=00 rcv=0000 data=260312184830
[EMU] Rebuilding controller screen blocks from 10 cabinet entries
[EMU] ---- ROUTING_WRITES ----
[EMU] RAW[00] dev=00 port=00 rcv=0000 dst=FF data=260312184513
[EMU] RAW[01] dev=00 port=00 rcv=0000 dst=FF data=260312184605
[EMU] RAW[02] dev=00 port=00 rcv=0000 dst=FF data=260312184608
[EMU] RAW[03] dev=00 port=00 rcv=0000 dst=FF data=260312184621
[EMU] RAW[04] dev=00 port=00 rcv=0000 dst=FF data=260312184641
[EMU] RAW[05] dev=00 port=00 rcv=0000 dst=FF data=260312184701
[EMU] RAW[06] dev=00 port=00 rcv=0000 dst=FF data=260312184734
[EMU] RAW[07] dev=00 port=00 rcv=0000 dst=FF data=260312184749
[EMU] RAW[08] dev=00 port=00 rcv=0000 dst=FF data=260312184812
[EMU] RAW[09] dev=00 port=00 rcv=0000 dst=FF data=260312184830
[EMU] ---- SCREEN_WRITES ----
[EMU] ROUTE[00] dev=00 port=00 rcv=0000 dst=FF group=26 a=03 b=12 c=18 x=45 y=13 word=0x4513 raw=260312184513
[EMU] ROUTE[01] dev=00 port=00 rcv=0000 dst=FF group=26 a=03 b=12 c=18 x=46 y=05 word=0x4605 raw=260312184605
[EMU] ROUTE[02] dev=00 port=00 rcv=0000 dst=FF group=26 a=03 b=12 c=18 x=46 y=08 word=0x4608 raw=260312184608
[EMU] ROUTE[03] dev=00 port=00 rcv=0000 dst=FF group=26 a=03 b=12 c=18 x=46 y=21 word=0x4621 raw=260312184621
[EMU] ROUTE[04] dev=00 port=00 rcv=0000 dst=FF group=26 a=03 b=12 c=18 x=46 y=41 word=0x4641 raw=260312184641
[EMU] ROUTE[05] dev=00 port=00 rcv=0000 dst=FF group=26 a=03 b=12 c=18 x=47 y=01 word=0x4701 raw=260312184701
[EMU] ROUTE[06] dev=00 port=00 rcv=0000 dst=FF group=26 a=03 b=12 c=18 x=47 y=34 word=0x4734 raw=260312184734
[EMU] ROUTE[07] dev=00 port=00 rcv=0000 dst=FF group=26 a=03 b=12 c=18 x=47 y=49 word=0x4749 raw=260312184749
[EMU] ROUTE[08] dev=00 port=00 rcv=0000 dst=FF group=26 a=03 b=12 c=18 x=48 y=12 word=0x4812 raw=260312184812
[EMU] ROUTE[09] dev=00 port=00 rcv=0000 dst=FF group=26 a=03 b=12 c=18 x=48 y=30 word=0x4830 raw=260312184830
[EMU] ---- CABINETS ----
[EMU] CAB[00] tile=00 port=00 chain=00 cascade=05 lx=02 ly=00 group=26 c=18 route=0x4701
[EMU] CAB[01] tile=01 port=00 chain=00 cascade=01 lx=01 ly=01 group=26 c=18 route=0x4605
[EMU] CAB[02] tile=02 port=00 chain=00 cascade=02 lx=01 ly=02 group=26 c=18 route=0x4608
[EMU] CAB[03] tile=03 port=00 chain=00 cascade=08 lx=03 ly=03 group=26 c=18 route=0x4812
[EMU] CAB[04] tile=04 port=00 chain=00 cascade=00 lx=00 ly=04 group=26 c=18 route=0x4513
[EMU] CAB[05] tile=05 port=00 chain=00 cascade=03 lx=01 ly=05 group=26 c=18 route=0x4621
[EMU] CAB[06] tile=06 port=00 chain=00 cascade=09 lx=03 ly=06 group=26 c=18 route=0x4830
[EMU] CAB[07] tile=07 port=00 chain=00 cascade=06 lx=02 ly=07 group=26 c=18 route=0x4734
[EMU] CAB[08] tile=08 port=00 chain=00 cascade=04 lx=01 ly=08 group=26 c=18 route=0x4641
[EMU] CAB[09] tile=09 port=00 chain=00 cascade=07 lx=02 ly=09 group=26 c=18 route=0x4749
[EMU] ---- RCFG_STATE ----
[EMU] (none)
[EMU] Screen blocks rebuilt for dev=00 port=00 entries=10
[EMU] 0x02000000 head=010100000a20010100000000000000000200000500261800010100010126180001020002022618000303000803261800...
[EMU] 0x02000100 head=01a500000a20010100000000000000000000000445134513000100014605460500020002460846080003000546214621...
[EMU] 0x02020020 head=0100000a0000000045130001460501014608020146210301464104014701050147340601474907014812080148300901...
[EMU] 0x08000000 head=010101010101010101010000000000000000000000000000000000000000000000000000000000000000000000000000...
[EMU_FULL] 0x02000000=010100000a2001010000000000000000020000050026180001010001012618000102000202261800030300080326180000040000042618000105000305261800030600090626180002070006072618000108000408261800020900070926180000000000000000000000000000000000000000000000000000000000000000000000000000000000000000000000000000000000000000000000000000000000000000000000000000000000000000000000000000000000000000000000000000000000000000000000000000000000000000000000000000000000000000000000000000000000000000000000000000000000000000000000000000000000
[EMU_FULL] 0x02000100=01a500000a2001010000000000000000000000044513451300010001460546050002000246084608000300054621462100040008464146410005000047014701000600074734473400070009474947490008000348124812000900064830483000000000000000000000000000000000000000000000000000000000000000000000000000000000000000000000000000000000000000000000000000000000000000000000000000000000000000000000000000000000000000000000000000000000000000000000000000000000000000000000000000000000000000000000000000000000000000000000000000000000000000000000000000000000
[EMU_FULL] 0x02020020=0100000a000000004513000146050101460802014621030146410401470105014734060147490701481208014830090100000000000000000000000000000000
[EMU_FULL] 0x08000000=01010101010101010101000000000000000000000000000000000000000000000000000000000000000000000000000000000000000000000000000000000000000000000000000000000000000000000000000000000000000000000000000000000000000000000000000000000000000000000000000000000000000000000000000000000000000000000000000000000000000000000000000000000000000000000000000000000000000000000000000000000000000000000000000000000000000000000000000000000000000000000000000000000000000000000000000000000000000000000000000000000000000000000000000000000000
[TCP] TX ack=00 bytes=20
[TCP] RX serial=4E src=FE dst=00 dev=00 port=00 rcv=0000 code=00 reg=0x00000002 len=2
[TCP] TX ack=00 bytes=22
[TCP] RX serial=66 src=FE dst=00 dev=00 port=00 rcv=0000 code=00 reg=0x00000016 len=8
[TCP] TX ack=00 bytes=28
[TCP] RX serial=3C src=FE dst=00 dev=00 port=00 rcv=0000 code=00 reg=0x14000000 len=88
[TCP] TX ack=00 bytes=108
[TCP] RX serial=99 src=FE dst=00 dev=00 port=00 rcv=0000 code=00 reg=0x00000006 len=1
[TCP] TX ack=00 bytes=21
[TCP] RX serial=03 src=FE dst=01 dev=00 port=00 rcv=0000 code=00 reg=0x00000002 len=2
[TCP] TX ack=01 bytes=20
[TCP] RX serial=34 src=FE dst=00 dev=00 port=00 rcv=0000 code=00 reg=0x05000000 len=4
[EMU] RCFG READ reg=0x05000000 dev=00 port=00 rcv=0000 dst=00 data=00000000
[TCP] TX ack=00 bytes=24
[TCP] RX serial=35 src=FE dst=00 dev=00 port=00 rcv=0000 code=00 reg=0x02100000 len=15
[EMU] RCFG READ reg=0x02100000 dev=00 port=00 rcv=0000 dst=00 data=000000000000000000000000000000
[TCP] TX ack=00 bytes=35
[TCP] RX serial=36 src=FE dst=00 dev=00 port=00 rcv=0000 code=00 reg=0x05065000 len=10
[EMU] RCFG READ reg=0x05065000 dev=00 port=00 rcv=0000 dst=00 data=00000000000000000000
[TCP] TX ack=00 bytes=30
[TCP] RX serial=37 src=FE dst=00 dev=00 port=00 rcv=0000 code=00 reg=0x00000016 len=8
[TCP] TX ack=00 bytes=28
[TCP] RX serial=38 src=FE dst=00 dev=00 port=00 rcv=0000 code=00 reg=0x02000000 len=256
[EMU] READBACK reg=0x02000000 dev=00 port=00 rcv=0000 dst=00 data=010100000a20010100000000000000000200000500261800010100010126180001020002022618000303000803261800...
[TCP] TX ack=00 bytes=276
[TCP] RX serial=39 src=FE dst=00 dev=00 port=00 rcv=0000 code=00 reg=0x02000100 len=256
[EMU] READBACK reg=0x02000100 dev=00 port=00 rcv=0000 dst=00 data=01a500000a20010100000000000000000000000445134513000100014605460500020002460846080003000546214621...
[TCP] TX ack=00 bytes=276
[TCP] RX serial=3A src=FE dst=FF dev=00 port=00 rcv=0000 code=01 reg=0x02000011 len=6
[EMU] ROUTE CMD reg=0x02000011 dst=FF dev=00 port=00 rcv=0000 data=260312184850
[EMU] Rebuilding controller screen blocks from 11 cabinet entries
[EMU] ---- ROUTING_WRITES ----
[EMU] RAW[00] dev=00 port=00 rcv=0000 dst=FF data=260312184513
[EMU] RAW[01] dev=00 port=00 rcv=0000 dst=FF data=260312184605
[EMU] RAW[02] dev=00 port=00 rcv=0000 dst=FF data=260312184608
[EMU] RAW[03] dev=00 port=00 rcv=0000 dst=FF data=260312184621
[EMU] RAW[04] dev=00 port=00 rcv=0000 dst=FF data=260312184641
[EMU] RAW[05] dev=00 port=00 rcv=0000 dst=FF data=260312184701
[EMU] RAW[06] dev=00 port=00 rcv=0000 dst=FF data=260312184734
[EMU] RAW[07] dev=00 port=00 rcv=0000 dst=FF data=260312184749
[EMU] RAW[08] dev=00 port=00 rcv=0000 dst=FF data=260312184812
[EMU] RAW[09] dev=00 port=00 rcv=0000 dst=FF data=260312184830
[EMU] RAW[10] dev=00 port=00 rcv=0000 dst=FF data=260312184850
[EMU] ---- SCREEN_WRITES ----
[EMU] ROUTE[00] dev=00 port=00 rcv=0000 dst=FF group=26 a=03 b=12 c=18 x=45 y=13 word=0x4513 raw=260312184513
[EMU] ROUTE[01] dev=00 port=00 rcv=0000 dst=FF group=26 a=03 b=12 c=18 x=46 y=05 word=0x4605 raw=260312184605
[EMU] ROUTE[02] dev=00 port=00 rcv=0000 dst=FF group=26 a=03 b=12 c=18 x=46 y=08 word=0x4608 raw=260312184608
[EMU] ROUTE[03] dev=00 port=00 rcv=0000 dst=FF group=26 a=03 b=12 c=18 x=46 y=21 word=0x4621 raw=260312184621
[EMU] ROUTE[04] dev=00 port=00 rcv=0000 dst=FF group=26 a=03 b=12 c=18 x=46 y=41 word=0x4641 raw=260312184641
[EMU] ROUTE[05] dev=00 port=00 rcv=0000 dst=FF group=26 a=03 b=12 c=18 x=47 y=01 word=0x4701 raw=260312184701
[EMU] ROUTE[06] dev=00 port=00 rcv=0000 dst=FF group=26 a=03 b=12 c=18 x=47 y=34 word=0x4734 raw=260312184734
[EMU] ROUTE[07] dev=00 port=00 rcv=0000 dst=FF group=26 a=03 b=12 c=18 x=47 y=49 word=0x4749 raw=260312184749
[EMU] ROUTE[08] dev=00 port=00 rcv=0000 dst=FF group=26 a=03 b=12 c=18 x=48 y=12 word=0x4812 raw=260312184812
[EMU] ROUTE[09] dev=00 port=00 rcv=0000 dst=FF group=26 a=03 b=12 c=18 x=48 y=30 word=0x4830 raw=260312184830
[EMU] ROUTE[10] dev=00 port=00 rcv=0000 dst=FF group=26 a=03 b=12 c=18 x=48 y=50 word=0x4850 raw=260312184850
[EMU] ---- CABINETS ----
[EMU] CAB[00] tile=00 port=00 chain=00 cascade=05 lx=02 ly=00 group=26 c=18 route=0x4701
[EMU] CAB[01] tile=01 port=00 chain=00 cascade=01 lx=01 ly=01 group=26 c=18 route=0x4605
[EMU] CAB[02] tile=02 port=00 chain=00 cascade=02 lx=01 ly=02 group=26 c=18 route=0x4608
[EMU] CAB[03] tile=03 port=00 chain=00 cascade=08 lx=03 ly=03 group=26 c=18 route=0x4812
[EMU] CAB[04] tile=04 port=00 chain=00 cascade=00 lx=00 ly=04 group=26 c=18 route=0x4513
[EMU] CAB[05] tile=05 port=00 chain=00 cascade=03 lx=01 ly=05 group=26 c=18 route=0x4621
[EMU] CAB[06] tile=06 port=00 chain=00 cascade=09 lx=03 ly=06 group=26 c=18 route=0x4830
[EMU] CAB[07] tile=07 port=00 chain=00 cascade=06 lx=02 ly=07 group=26 c=18 route=0x4734
[EMU] CAB[08] tile=08 port=00 chain=00 cascade=04 lx=01 ly=08 group=26 c=18 route=0x4641
[EMU] CAB[09] tile=09 port=00 chain=00 cascade=07 lx=02 ly=09 group=26 c=18 route=0x4749
[EMU] CAB[10] tile=0A port=00 chain=00 cascade=0A lx=03 ly=0A group=26 c=18 route=0x4850
[EMU] ---- RCFG_STATE ----
[EMU] (none)
[EMU] Screen blocks rebuilt for dev=00 port=00 entries=11
[EMU] 0x02000000 head=010100000b20010100000000000000000200000500261800010100010126180001020002022618000303000803261800...
[EMU] 0x02000100 head=01a500000b20010100000000000000000000000445134513000100014605460500020002460846080003000546214621...
[EMU] 0x02020020 head=0100000b0000000045130001460501014608020146210301464104014701050147340601474907014812080148300901...
[EMU] 0x08000000 head=010101010101010101010100000000000000000000000000000000000000000000000000000000000000000000000000...
[EMU_FULL] 0x02000000=010100000b20010100000000000000000200000500261800010100010126180001020002022618000303000803261800000400000426180001050003052618000306000906261800020700060726180001080004082618000209000709261800030a000a0a2618000000000000000000000000000000000000000000000000000000000000000000000000000000000000000000000000000000000000000000000000000000000000000000000000000000000000000000000000000000000000000000000000000000000000000000000000000000000000000000000000000000000000000000000000000000000000000000000000000000000000000000
[EMU_FULL] 0x02000100=01a500000b20010100000000000000000000000445134513000100014605460500020002460846080003000546214621000400084641464100050000470147010006000747344734000700094749474900080003481248120009000648304830000a000a485048500000000000000000000000000000000000000000000000000000000000000000000000000000000000000000000000000000000000000000000000000000000000000000000000000000000000000000000000000000000000000000000000000000000000000000000000000000000000000000000000000000000000000000000000000000000000000000000000000000000000000000
[EMU_FULL] 0x02020020=0100000b000000004513000146050101460802014621030146410401470105014734060147490701481208014830090148500a01000000000000000000000000
[EMU_FULL] 0x08000000=01010101010101010101010000000000000000000000000000000000000000000000000000000000000000000000000000000000000000000000000000000000000000000000000000000000000000000000000000000000000000000000000000000000000000000000000000000000000000000000000000000000000000000000000000000000000000000000000000000000000000000000000000000000000000000000000000000000000000000000000000000000000000000000000000000000000000000000000000000000000000000000000000000000000000000000000000000000000000000000000000000000000000000000000000000000
[TCP] TX ack=00 bytes=20
[TCP] RX serial=3B src=FE dst=00 dev=00 port=00 rcv=0000 code=00 reg=0x05000000 len=4
[EMU] RCFG READ reg=0x05000000 dev=00 port=00 rcv=0000 dst=00 data=00000000
[TCP] TX ack=00 bytes=24
[TCP] RX serial=3C src=FE dst=00 dev=00 port=00 rcv=0000 code=00 reg=0x02100000 len=15
[EMU] RCFG READ reg=0x02100000 dev=00 port=00 rcv=0000 dst=00 data=000000000000000000000000000000
[TCP] TX ack=00 bytes=35
[TCP] RX serial=3D src=FE dst=00 dev=00 port=00 rcv=0000 code=00 reg=0x05065000 len=10
[EMU] RCFG READ reg=0x05065000 dev=00 port=00 rcv=0000 dst=00 data=00000000000000000000
[TCP] TX ack=00 bytes=30
[TCP] RX serial=3E src=FE dst=00 dev=00 port=00 rcv=0000 code=00 reg=0x00000016 len=8
[TCP] TX ack=00 bytes=28
[TCP] RX serial=3F src=FE dst=00 dev=00 port=00 rcv=0000 code=00 reg=0x02000000 len=256
[EMU] READBACK reg=0x02000000 dev=00 port=00 rcv=0000 dst=00 data=010100000b20010100000000000000000200000500261800010100010126180001020002022618000303000803261800...
[TCP] TX ack=00 bytes=276
[TCP] RX serial=40 src=FE dst=00 dev=00 port=00 rcv=0000 code=00 reg=0x02000100 len=256
[EMU] READBACK reg=0x02000100 dev=00 port=00 rcv=0000 dst=00 data=01a500000b20010100000000000000000000000445134513000100014605460500020002460846080003000546214621...
[TCP] TX ack=00 bytes=276
[TCP] RX serial=94 src=FE dst=00 dev=00 port=00 rcv=0000 code=00 reg=0x00000002 len=2
[TCP] TX ack=00 bytes=22
[TCP] RX serial=31 src=FE dst=00 dev=00 port=00 rcv=0000 code=00 reg=0x00000016 len=8
[TCP] TX ack=00 bytes=28
[TCP] RX serial=A3 src=FE dst=00 dev=00 port=00 rcv=0000 code=00 reg=0x14000000 len=88
[TCP] TX ack=00 bytes=108
[TCP] RX serial=61 src=FE dst=00 dev=00 port=00 rcv=0000 code=00 reg=0x00000006 len=1
[TCP] TX ack=00 bytes=21
[TCP] RX serial=40 src=FE dst=01 dev=00 port=00 rcv=0000 code=00 reg=0x00000002 len=2
[TCP] TX ack=01 bytes=20
[TCP] RX serial=41 src=FE dst=FF dev=00 port=00 rcv=0000 code=01 reg=0x02000011 len=6
[EMU] ROUTE CMD reg=0x02000011 dst=FF dev=00 port=00 rcv=0000 data=260312184910
[EMU] Rebuilding controller screen blocks from 12 cabinet entries
[EMU] ---- ROUTING_WRITES ----
[EMU] RAW[00] dev=00 port=00 rcv=0000 dst=FF data=260312184513
[EMU] RAW[01] dev=00 port=00 rcv=0000 dst=FF data=260312184605
[EMU] RAW[02] dev=00 port=00 rcv=0000 dst=FF data=260312184608
[EMU] RAW[03] dev=00 port=00 rcv=0000 dst=FF data=260312184621
[EMU] RAW[04] dev=00 port=00 rcv=0000 dst=FF data=260312184641
[EMU] RAW[05] dev=00 port=00 rcv=0000 dst=FF data=260312184701
[EMU] RAW[06] dev=00 port=00 rcv=0000 dst=FF data=260312184734
[EMU] RAW[07] dev=00 port=00 rcv=0000 dst=FF data=260312184749
[EMU] RAW[08] dev=00 port=00 rcv=0000 dst=FF data=260312184812
[EMU] RAW[09] dev=00 port=00 rcv=0000 dst=FF data=260312184830
[EMU] RAW[10] dev=00 port=00 rcv=0000 dst=FF data=260312184850
[EMU] RAW[11] dev=00 port=00 rcv=0000 dst=FF data=260312184910
[EMU] ---- SCREEN_WRITES ----
[EMU] ROUTE[00] dev=00 port=00 rcv=0000 dst=FF group=26 a=03 b=12 c=18 x=45 y=13 word=0x4513 raw=260312184513
[EMU] ROUTE[01] dev=00 port=00 rcv=0000 dst=FF group=26 a=03 b=12 c=18 x=46 y=05 word=0x4605 raw=260312184605
[EMU] ROUTE[02] dev=00 port=00 rcv=0000 dst=FF group=26 a=03 b=12 c=18 x=46 y=08 word=0x4608 raw=260312184608
[EMU] ROUTE[03] dev=00 port=00 rcv=0000 dst=FF group=26 a=03 b=12 c=18 x=46 y=21 word=0x4621 raw=260312184621
[EMU] ROUTE[04] dev=00 port=00 rcv=0000 dst=FF group=26 a=03 b=12 c=18 x=46 y=41 word=0x4641 raw=260312184641
[EMU] ROUTE[05] dev=00 port=00 rcv=0000 dst=FF group=26 a=03 b=12 c=18 x=47 y=01 word=0x4701 raw=260312184701
[EMU] ROUTE[06] dev=00 port=00 rcv=0000 dst=FF group=26 a=03 b=12 c=18 x=47 y=34 word=0x4734 raw=260312184734
[EMU] ROUTE[07] dev=00 port=00 rcv=0000 dst=FF group=26 a=03 b=12 c=18 x=47 y=49 word=0x4749 raw=260312184749
[EMU] ROUTE[08] dev=00 port=00 rcv=0000 dst=FF group=26 a=03 b=12 c=18 x=48 y=12 word=0x4812 raw=260312184812
[EMU] ROUTE[09] dev=00 port=00 rcv=0000 dst=FF group=26 a=03 b=12 c=18 x=48 y=30 word=0x4830 raw=260312184830
[EMU] ROUTE[10] dev=00 port=00 rcv=0000 dst=FF group=26 a=03 b=12 c=18 x=48 y=50 word=0x4850 raw=260312184850
[EMU] ROUTE[11] dev=00 port=00 rcv=0000 dst=FF group=26 a=03 b=12 c=18 x=49 y=10 word=0x4910 raw=260312184910
[EMU] ---- CABINETS ----
[EMU] CAB[00] tile=00 port=00 chain=00 cascade=05 lx=02 ly=00 group=26 c=18 route=0x4701
[EMU] CAB[01] tile=01 port=00 chain=00 cascade=01 lx=01 ly=01 group=26 c=18 route=0x4605
[EMU] CAB[02] tile=02 port=00 chain=00 cascade=02 lx=01 ly=02 group=26 c=18 route=0x4608
[EMU] CAB[03] tile=03 port=00 chain=00 cascade=0B lx=04 ly=03 group=26 c=18 route=0x4910
[EMU] CAB[04] tile=04 port=00 chain=00 cascade=08 lx=03 ly=04 group=26 c=18 route=0x4812
[EMU] CAB[05] tile=05 port=00 chain=00 cascade=00 lx=00 ly=05 group=26 c=18 route=0x4513
[EMU] CAB[06] tile=06 port=00 chain=00 cascade=03 lx=01 ly=06 group=26 c=18 route=0x4621
[EMU] CAB[07] tile=07 port=00 chain=00 cascade=09 lx=03 ly=07 group=26 c=18 route=0x4830
[EMU] CAB[08] tile=08 port=00 chain=00 cascade=06 lx=02 ly=08 group=26 c=18 route=0x4734
[EMU] CAB[09] tile=09 port=00 chain=00 cascade=04 lx=01 ly=09 group=26 c=18 route=0x4641
[EMU] CAB[10] tile=0A port=00 chain=00 cascade=07 lx=02 ly=0A group=26 c=18 route=0x4749
[EMU] CAB[11] tile=0B port=00 chain=00 cascade=0A lx=03 ly=0B group=26 c=18 route=0x4850
[EMU] ---- RCFG_STATE ----
[EMU] (none)
[EMU] Screen blocks rebuilt for dev=00 port=00 entries=12
[EMU] 0x02000000 head=010100000c20010100000000000000000200000500261800010100010126180001020002022618000403000b03261800...
[EMU] 0x02000100 head=01a500000c20010100000000000000000000000545134513000100014605460500020002460846080003000646214621...
[EMU] 0x02020020 head=0100000c0000000045130001460501014608020146210301464104014701050147340601474907014812080148300901...
[EMU] 0x08000000 head=010101010101010101010101000000000000000000000000000000000000000000000000000000000000000000000000...
[EMU_FULL] 0x02000000=010100000c20010100000000000000000200000500261800010100010126180001020002022618000403000b03261800030400080426180000050000052618000106000306261800030700090726180002080006082618000109000409261800020a00070a261800030b000a0b261800000000000000000000000000000000000000000000000000000000000000000000000000000000000000000000000000000000000000000000000000000000000000000000000000000000000000000000000000000000000000000000000000000000000000000000000000000000000000000000000000000000000000000000000000000000000000000000000000
[EMU_FULL] 0x02000100=01a500000c200101000000000000000000000005451345130001000146054605000200024608460800030006462146210004000946414641000500004701470100060008473447340007000a4749474900080004481248120009000748304830000a000b48504850000b000349104910000000000000000000000000000000000000000000000000000000000000000000000000000000000000000000000000000000000000000000000000000000000000000000000000000000000000000000000000000000000000000000000000000000000000000000000000000000000000000000000000000000000000000000000000000000000000000000000000
[EMU_FULL] 0x02020020=0100000c000000004513000146050101460802014621030146410401470105014734060147490701481208014830090148500a0149100b010000000000000000
[EMU_FULL] 0x08000000=01010101010101010101010100000000000000000000000000000000000000000000000000000000000000000000000000000000000000000000000000000000000000000000000000000000000000000000000000000000000000000000000000000000000000000000000000000000000000000000000000000000000000000000000000000000000000000000000000000000000000000000000000000000000000000000000000000000000000000000000000000000000000000000000000000000000000000000000000000000000000000000000000000000000000000000000000000000000000000000000000000000000000000000000000000000
[TCP] TX ack=00 bytes=20
[TCP] RX serial=42 src=FE dst=FF dev=00 port=00 rcv=0000 code=01 reg=0x02000018 len=1
[EMU] COMMIT CMD reg=0x02000018 dst=FF dev=00 port=00 rcv=0000 data=00
[EMU] Rebuilding controller screen blocks from 12 cabinet entries
[EMU] ---- ROUTING_WRITES ----
[EMU] RAW[00] dev=00 port=00 rcv=0000 dst=FF data=260312184513
[EMU] RAW[01] dev=00 port=00 rcv=0000 dst=FF data=260312184605
[EMU] RAW[02] dev=00 port=00 rcv=0000 dst=FF data=260312184608
[EMU] RAW[03] dev=00 port=00 rcv=0000 dst=FF data=260312184621
[EMU] RAW[04] dev=00 port=00 rcv=0000 dst=FF data=260312184641
[EMU] RAW[05] dev=00 port=00 rcv=0000 dst=FF data=260312184701
[EMU] RAW[06] dev=00 port=00 rcv=0000 dst=FF data=260312184734
[EMU] RAW[07] dev=00 port=00 rcv=0000 dst=FF data=260312184749
[EMU] RAW[08] dev=00 port=00 rcv=0000 dst=FF data=260312184812
[EMU] RAW[09] dev=00 port=00 rcv=0000 dst=FF data=260312184830
[EMU] RAW[10] dev=00 port=00 rcv=0000 dst=FF data=260312184850
[EMU] RAW[11] dev=00 port=00 rcv=0000 dst=FF data=260312184910
[EMU] ---- SCREEN_WRITES ----
[EMU] ROUTE[00] dev=00 port=00 rcv=0000 dst=FF group=26 a=03 b=12 c=18 x=45 y=13 word=0x4513 raw=260312184513
[EMU] ROUTE[01] dev=00 port=00 rcv=0000 dst=FF group=26 a=03 b=12 c=18 x=46 y=05 word=0x4605 raw=260312184605
[EMU] ROUTE[02] dev=00 port=00 rcv=0000 dst=FF group=26 a=03 b=12 c=18 x=46 y=08 word=0x4608 raw=260312184608
[EMU] ROUTE[03] dev=00 port=00 rcv=0000 dst=FF group=26 a=03 b=12 c=18 x=46 y=21 word=0x4621 raw=260312184621
[EMU] ROUTE[04] dev=00 port=00 rcv=0000 dst=FF group=26 a=03 b=12 c=18 x=46 y=41 word=0x4641 raw=260312184641
[EMU] ROUTE[05] dev=00 port=00 rcv=0000 dst=FF group=26 a=03 b=12 c=18 x=47 y=01 word=0x4701 raw=260312184701
[EMU] ROUTE[06] dev=00 port=00 rcv=0000 dst=FF group=26 a=03 b=12 c=18 x=47 y=34 word=0x4734 raw=260312184734
[EMU] ROUTE[07] dev=00 port=00 rcv=0000 dst=FF group=26 a=03 b=12 c=18 x=47 y=49 word=0x4749 raw=260312184749
[EMU] ROUTE[08] dev=00 port=00 rcv=0000 dst=FF group=26 a=03 b=12 c=18 x=48 y=12 word=0x4812 raw=260312184812
[EMU] ROUTE[09] dev=00 port=00 rcv=0000 dst=FF group=26 a=03 b=12 c=18 x=48 y=30 word=0x4830 raw=260312184830
[EMU] ROUTE[10] dev=00 port=00 rcv=0000 dst=FF group=26 a=03 b=12 c=18 x=48 y=50 word=0x4850 raw=260312184850
[EMU] ROUTE[11] dev=00 port=00 rcv=0000 dst=FF group=26 a=03 b=12 c=18 x=49 y=10 word=0x4910 raw=260312184910
[EMU] ---- CABINETS ----
[EMU] CAB[00] tile=00 port=00 chain=00 cascade=05 lx=02 ly=00 group=26 c=18 route=0x4701
[EMU] CAB[01] tile=01 port=00 chain=00 cascade=01 lx=01 ly=01 group=26 c=18 route=0x4605
[EMU] CAB[02] tile=02 port=00 chain=00 cascade=02 lx=01 ly=02 group=26 c=18 route=0x4608
[EMU] CAB[03] tile=03 port=00 chain=00 cascade=0B lx=04 ly=03 group=26 c=18 route=0x4910
[EMU] CAB[04] tile=04 port=00 chain=00 cascade=08 lx=03 ly=04 group=26 c=18 route=0x4812
[EMU] CAB[05] tile=05 port=00 chain=00 cascade=00 lx=00 ly=05 group=26 c=18 route=0x4513
[EMU] CAB[06] tile=06 port=00 chain=00 cascade=03 lx=01 ly=06 group=26 c=18 route=0x4621
[EMU] CAB[07] tile=07 port=00 chain=00 cascade=09 lx=03 ly=07 group=26 c=18 route=0x4830
[EMU] CAB[08] tile=08 port=00 chain=00 cascade=06 lx=02 ly=08 group=26 c=18 route=0x4734
[EMU] CAB[09] tile=09 port=00 chain=00 cascade=04 lx=01 ly=09 group=26 c=18 route=0x4641
[EMU] CAB[10] tile=0A port=00 chain=00 cascade=07 lx=02 ly=0A group=26 c=18 route=0x4749
[EMU] CAB[11] tile=0B port=00 chain=00 cascade=0A lx=03 ly=0B group=26 c=18 route=0x4850
[EMU] ---- RCFG_STATE ----
[EMU] (none)
[EMU] Screen blocks rebuilt for dev=00 port=00 entries=12
[EMU] 0x02000000 head=010100000c20010100000000000000000200000500261800010100010126180001020002022618000403000b03261800...
[EMU] 0x02000100 head=01a500000c20010100000000000000000000000545134513000100014605460500020002460846080003000646214621...
[EMU] 0x02020020 head=0100000c0000000045130001460501014608020146210301464104014701050147340601474907014812080148300901...
[EMU] 0x08000000 head=010101010101010101010101000000000000000000000000000000000000000000000000000000000000000000000000...
[EMU_FULL] 0x02000000=010100000c20010100000000000000000200000500261800010100010126180001020002022618000403000b03261800030400080426180000050000052618000106000306261800030700090726180002080006082618000109000409261800020a00070a261800030b000a0b261800000000000000000000000000000000000000000000000000000000000000000000000000000000000000000000000000000000000000000000000000000000000000000000000000000000000000000000000000000000000000000000000000000000000000000000000000000000000000000000000000000000000000000000000000000000000000000000000000
[EMU_FULL] 0x02000100=01a500000c200101000000000000000000000005451345130001000146054605000200024608460800030006462146210004000946414641000500004701470100060008473447340007000a4749474900080004481248120009000748304830000a000b48504850000b000349104910000000000000000000000000000000000000000000000000000000000000000000000000000000000000000000000000000000000000000000000000000000000000000000000000000000000000000000000000000000000000000000000000000000000000000000000000000000000000000000000000000000000000000000000000000000000000000000000000
[EMU_FULL] 0x02020020=0100000c000000004513000146050101460802014621030146410401470105014734060147490701481208014830090148500a0149100b010000000000000000
[EMU_FULL] 0x08000000=01010101010101010101010100000000000000000000000000000000000000000000000000000000000000000000000000000000000000000000000000000000000000000000000000000000000000000000000000000000000000000000000000000000000000000000000000000000000000000000000000000000000000000000000000000000000000000000000000000000000000000000000000000000000000000000000000000000000000000000000000000000000000000000000000000000000000000000000000000000000000000000000000000000000000000000000000000000000000000000000000000000000000000000000000000000
[TCP] TX ack=00 bytes=20
[TCP] RX serial=24 src=FE dst=00 dev=00 port=00 rcv=0000 code=00 reg=0x00000002 len=2
[TCP] TX ack=00 bytes=22
[TCP] RX serial=C2 src=FE dst=00 dev=00 port=00 rcv=0000 code=00 reg=0x00000016 len=8
[TCP] TX ack=00 bytes=28
[TCP] RX serial=27 src=FE dst=00 dev=00 port=00 rcv=0000 code=00 reg=0x14000000 len=88
[TCP] TX ack=00 bytes=108
[TCP] RX serial=59 src=FE dst=00 dev=00 port=00 rcv=0000 code=00 reg=0x00000006 len=1
[TCP] TX ack=00 bytes=21
[TCP] RX serial=47 src=FE dst=01 dev=00 port=00 rcv=0000 code=00 reg=0x00000002 len=2
[TCP] TX ack=01 bytes=20
[TCP] RX serial=68 src=FE dst=00 dev=00 port=00 rcv=0000 code=00 reg=0x00000002 len=2
[TCP] TX ack=00 bytes=22
[TCP] RX serial=08 src=FE dst=00 dev=00 port=00 rcv=0000 code=00 reg=0x00000016 len=8
[TCP] TX ack=00 bytes=28
[TCP] RX serial=67 src=FE dst=00 dev=00 port=00 rcv=0000 code=00 reg=0x14000000 len=88
[TCP] TX ack=00 bytes=108
[TCP] RX serial=41 src=FE dst=00 dev=00 port=00 rcv=0000 code=00 reg=0x00000006 len=1
[TCP] TX ack=00 bytes=21
[TCP] RX serial=C3 src=FE dst=01 dev=00 port=00 rcv=0000 code=00 reg=0x00000002 len=2
[TCP] TX ack=01 bytes=20
[TCP] RX serial=39 src=FE dst=00 dev=00 port=00 rcv=0000 code=00 reg=0x00000002 len=2
[TCP] TX ack=00 bytes=22
[TCP] RX serial=8D src=FE dst=00 dev=00 port=00 rcv=0000 code=00 reg=0x00000016 len=8
[TCP] TX ack=00 bytes=28
[TCP] RX serial=3B src=FE dst=00 dev=00 port=00 rcv=0000 code=00 reg=0x14000000 len=88
[TCP] TX ack=00 bytes=108
[TCP] RX serial=7B src=FE dst=00 dev=00 port=00 rcv=0000 code=00 reg=0x00000006 len=1
[TCP] TX ack=00 bytes=21
[TCP] RX serial=83 src=FE dst=01 dev=00 port=00 rcv=0000 code=00 reg=0x00000002 len=2
[TCP] TX ack=01 bytes=20
[TCP] RX serial=4F src=FE dst=00 dev=00 port=00 rcv=0000 code=00 reg=0x00000002 len=2
[TCP] TX ack=00 bytes=22
[TCP] RX serial=41 src=FE dst=00 dev=00 port=00 rcv=0000 code=00 reg=0x00000016 len=8
[TCP] TX ack=00 bytes=28
[TCP] RX serial=78 src=FE dst=00 dev=00 port=00 rcv=0000 code=00 reg=0x14000000 len=88
[TCP] TX ack=00 bytes=108
[TCP] RX serial=72 src=FE dst=00 dev=00 port=00 rcv=0000 code=00 reg=0x00000006 len=1
[TCP] TX ack=00 bytes=21
[TCP] RX serial=A9 src=FE dst=01 dev=00 port=00 rcv=0000 code=00 reg=0x00000002 len=2
[TCP] TX ack=01 bytes=20
[TCP] RX serial=33 src=FE dst=00 dev=00 port=00 rcv=0000 code=00 reg=0x00000002 len=2
[TCP] TX ack=00 bytes=22
[TCP] RX serial=C7 src=FE dst=00 dev=00 port=00 rcv=0000 code=00 reg=0x00000016 len=8
[TCP] TX ack=00 bytes=28
[TCP] RX serial=9B src=FE dst=00 dev=00 port=00 rcv=0000 code=00 reg=0x14000000 len=88
[TCP] TX ack=00 bytes=108
[TCP] RX serial=F9 src=FE dst=00 dev=00 port=00 rcv=0000 code=00 reg=0x00000006 len=1
[TCP] TX ack=00 bytes=21
[TCP] RX serial=FD src=FE dst=01 dev=00 port=00 rcv=0000 code=00 reg=0x00000002 len=2
[TCP] TX ack=01 bytes=20
[TCP] RX serial=43 src=FE dst=00 dev=00 port=00 rcv=0000 code=00 reg=0x02000000 len=256
[EMU] READBACK reg=0x02000000 dev=00 port=00 rcv=0000 dst=00 data=010100000c20010100000000000000000200000500261800010100010126180001020002022618000403000b03261800...
[TCP] TX ack=00 bytes=276
[TCP] RX serial=44 src=FE dst=00 dev=00 port=00 rcv=0000 code=00 reg=0x02000100 len=256
[EMU] READBACK reg=0x02000100 dev=00 port=00 rcv=0000 dst=00 data=01a500000c20010100000000000000000000000545134513000100014605460500020002460846080003000646214621...
[TCP] TX ack=00 bytes=276
[TCP] RX serial=44 src=FE dst=00 dev=00 port=00 rcv=0000 code=00 reg=0x00000002 len=2
[TCP] TX ack=00 bytes=22
[TCP] RX serial=89 src=FE dst=00 dev=00 port=00 rcv=0000 code=00 reg=0x00000016 len=8
[TCP] TX ack=00 bytes=28
[TCP] RX serial=99 src=FE dst=00 dev=00 port=00 rcv=0000 code=00 reg=0x14000000 len=88
[TCP] TX ack=00 bytes=108
[TCP] RX serial=1D src=FE dst=00 dev=00 port=00 rcv=0000 code=00 reg=0x00000006 len=1
[TCP] TX ack=00 bytes=21
[TCP] RX serial=CA src=FE dst=01 dev=00 port=00 rcv=0000 code=00 reg=0x00000002 len=2
[TCP] TX ack=01 bytes=20
[TCP] RX serial=45 src=FE dst=FF dev=00 port=00 rcv=0000 code=01 reg=0x02000018 len=1
[EMU] COMMIT CMD reg=0x02000018 dst=FF dev=00 port=00 rcv=0000 data=00
[EMU] Rebuilding controller screen blocks from 12 cabinet entries
[EMU] ---- ROUTING_WRITES ----
[EMU] RAW[00] dev=00 port=00 rcv=0000 dst=FF data=260312184513
[EMU] RAW[01] dev=00 port=00 rcv=0000 dst=FF data=260312184605
[EMU] RAW[02] dev=00 port=00 rcv=0000 dst=FF data=260312184608
[EMU] RAW[03] dev=00 port=00 rcv=0000 dst=FF data=260312184621
[EMU] RAW[04] dev=00 port=00 rcv=0000 dst=FF data=260312184641
[EMU] RAW[05] dev=00 port=00 rcv=0000 dst=FF data=260312184701
[EMU] RAW[06] dev=00 port=00 rcv=0000 dst=FF data=260312184734
[EMU] RAW[07] dev=00 port=00 rcv=0000 dst=FF data=260312184749
[EMU] RAW[08] dev=00 port=00 rcv=0000 dst=FF data=260312184812
[EMU] RAW[09] dev=00 port=00 rcv=0000 dst=FF data=260312184830
[EMU] RAW[10] dev=00 port=00 rcv=0000 dst=FF data=260312184850
[EMU] RAW[11] dev=00 port=00 rcv=0000 dst=FF data=260312184910
[EMU] ---- SCREEN_WRITES ----
[EMU] ROUTE[00] dev=00 port=00 rcv=0000 dst=FF group=26 a=03 b=12 c=18 x=45 y=13 word=0x4513 raw=260312184513
[EMU] ROUTE[01] dev=00 port=00 rcv=0000 dst=FF group=26 a=03 b=12 c=18 x=46 y=05 word=0x4605 raw=260312184605
[EMU] ROUTE[02] dev=00 port=00 rcv=0000 dst=FF group=26 a=03 b=12 c=18 x=46 y=08 word=0x4608 raw=260312184608
[EMU] ROUTE[03] dev=00 port=00 rcv=0000 dst=FF group=26 a=03 b=12 c=18 x=46 y=21 word=0x4621 raw=260312184621
[EMU] ROUTE[04] dev=00 port=00 rcv=0000 dst=FF group=26 a=03 b=12 c=18 x=46 y=41 word=0x4641 raw=260312184641
[EMU] ROUTE[05] dev=00 port=00 rcv=0000 dst=FF group=26 a=03 b=12 c=18 x=47 y=01 word=0x4701 raw=260312184701
[EMU] ROUTE[06] dev=00 port=00 rcv=0000 dst=FF group=26 a=03 b=12 c=18 x=47 y=34 word=0x4734 raw=260312184734
[EMU] ROUTE[07] dev=00 port=00 rcv=0000 dst=FF group=26 a=03 b=12 c=18 x=47 y=49 word=0x4749 raw=260312184749
[EMU] ROUTE[08] dev=00 port=00 rcv=0000 dst=FF group=26 a=03 b=12 c=18 x=48 y=12 word=0x4812 raw=260312184812
[EMU] ROUTE[09] dev=00 port=00 rcv=0000 dst=FF group=26 a=03 b=12 c=18 x=48 y=30 word=0x4830 raw=260312184830
[EMU] ROUTE[10] dev=00 port=00 rcv=0000 dst=FF group=26 a=03 b=12 c=18 x=48 y=50 word=0x4850 raw=260312184850
[EMU] ROUTE[11] dev=00 port=00 rcv=0000 dst=FF group=26 a=03 b=12 c=18 x=49 y=10 word=0x4910 raw=260312184910
[EMU] ---- CABINETS ----
[EMU] CAB[00] tile=00 port=00 chain=00 cascade=05 lx=02 ly=00 group=26 c=18 route=0x4701
[EMU] CAB[01] tile=01 port=00 chain=00 cascade=01 lx=01 ly=01 group=26 c=18 route=0x4605
[EMU] CAB[02] tile=02 port=00 chain=00 cascade=02 lx=01 ly=02 group=26 c=18 route=0x4608
[EMU] CAB[03] tile=03 port=00 chain=00 cascade=0B lx=04 ly=03 group=26 c=18 route=0x4910
[EMU] CAB[04] tile=04 port=00 chain=00 cascade=08 lx=03 ly=04 group=26 c=18 route=0x4812
[EMU] CAB[05] tile=05 port=00 chain=00 cascade=00 lx=00 ly=05 group=26 c=18 route=0x4513
[EMU] CAB[06] tile=06 port=00 chain=00 cascade=03 lx=01 ly=06 group=26 c=18 route=0x4621
[EMU] CAB[07] tile=07 port=00 chain=00 cascade=09 lx=03 ly=07 group=26 c=18 route=0x4830
[EMU] CAB[08] tile=08 port=00 chain=00 cascade=06 lx=02 ly=08 group=26 c=18 route=0x4734
[EMU] CAB[09] tile=09 port=00 chain=00 cascade=04 lx=01 ly=09 group=26 c=18 route=0x4641
[EMU] CAB[10] tile=0A port=00 chain=00 cascade=07 lx=02 ly=0A group=26 c=18 route=0x4749
[EMU] CAB[11] tile=0B port=00 chain=00 cascade=0A lx=03 ly=0B group=26 c=18 route=0x4850
[EMU] ---- RCFG_STATE ----
[EMU] (none)
[EMU] Screen blocks rebuilt for dev=00 port=00 entries=12
[EMU] 0x02000000 head=010100000c20010100000000000000000200000500261800010100010126180001020002022618000403000b03261800...
[EMU] 0x02000100 head=01a500000c20010100000000000000000000000545134513000100014605460500020002460846080003000646214621...
[EMU] 0x02020020 head=0100000c0000000045130001460501014608020146210301464104014701050147340601474907014812080148300901...
[EMU] 0x08000000 head=010101010101010101010101000000000000000000000000000000000000000000000000000000000000000000000000...
[EMU_FULL] 0x02000000=010100000c20010100000000000000000200000500261800010100010126180001020002022618000403000b03261800030400080426180000050000052618000106000306261800030700090726180002080006082618000109000409261800020a00070a261800030b000a0b261800000000000000000000000000000000000000000000000000000000000000000000000000000000000000000000000000000000000000000000000000000000000000000000000000000000000000000000000000000000000000000000000000000000000000000000000000000000000000000000000000000000000000000000000000000000000000000000000000
[EMU_FULL] 0x02000100=01a500000c200101000000000000000000000005451345130001000146054605000200024608460800030006462146210004000946414641000500004701470100060008473447340007000a4749474900080004481248120009000748304830000a000b48504850000b000349104910000000000000000000000000000000000000000000000000000000000000000000000000000000000000000000000000000000000000000000000000000000000000000000000000000000000000000000000000000000000000000000000000000000000000000000000000000000000000000000000000000000000000000000000000000000000000000000000000
[EMU_FULL] 0x02020020=0100000c000000004513000146050101460802014621030146410401470105014734060147490701481208014830090148500a0149100b010000000000000000
[EMU_FULL] 0x08000000=01010101010101010101010100000000000000000000000000000000000000000000000000000000000000000000000000000000000000000000000000000000000000000000000000000000000000000000000000000000000000000000000000000000000000000000000000000000000000000000000000000000000000000000000000000000000000000000000000000000000000000000000000000000000000000000000000000000000000000000000000000000000000000000000000000000000000000000000000000000000000000000000000000000000000000000000000000000000000000000000000000000000000000000000000000000
[TCP] TX ack=00 bytes=20
[TCP] RX serial=0B src=FE dst=00 dev=00 port=00 rcv=0000 code=00 reg=0x00000002 len=2
[TCP] TX ack=00 bytes=22
[TCP] RX serial=B7 src=FE dst=00 dev=00 port=00 rcv=0000 code=00 reg=0x00000016 len=8
[TCP] TX ack=00 bytes=28
[TCP] RX serial=25 src=FE dst=00 dev=00 port=00 rcv=0000 code=00 reg=0x14000000 len=88
[TCP] TX ack=00 bytes=108
[TCP] RX serial=C8 src=FE dst=00 dev=00 port=00 rcv=0000 code=00 reg=0x00000006 len=1
[TCP] TX ack=00 bytes=21
[TCP] RX serial=50 src=FE dst=01 dev=00 port=00 rcv=0000 code=00 reg=0x00000002 len=2
[TCP] TX ack=01 bytes=20
[TCP] RX serial=1F src=FE dst=00 dev=00 port=00 rcv=0000 code=00 reg=0x00000002 len=2
[TCP] TX ack=00 bytes=22
[TCP] RX serial=59 src=FE dst=00 dev=00 port=00 rcv=0000 code=00 reg=0x00000016 len=8
[TCP] TX ack=00 bytes=28
[TCP] RX serial=73 src=FE dst=00 dev=00 port=00 rcv=0000 code=00 reg=0x14000000 len=88
[TCP] TX ack=00 bytes=108
[TCP] RX serial=DF src=FE dst=00 dev=00 port=00 rcv=0000 code=00 reg=0x00000006 len=1
[TCP] TX ack=00 bytes=21
[TCP] RX serial=89 src=FE dst=01 dev=00 port=00 rcv=0000 code=00 reg=0x00000002 len=2
[TCP] TX ack=01 bytes=20
[TCP] RX serial=46 src=FE dst=00 dev=00 port=00 rcv=0000 code=01 reg=0x05066000 len=256
[EMU] RCFG WRITE reg=0x05066000 dst=00 dev=00 port=00 rcv=0000 len=256 data=53535045ea03000000000000000000000000000000000000000000000000000000000000000000000000000000000000...
[TCP] TX ack=00 bytes=20
[TCP] RX serial=77 src=FE dst=00 dev=00 port=00 rcv=0000 code=00 reg=0x00000002 len=2
[TCP] TX ack=00 bytes=22
[TCP] Conn from ('192.168.0.10', 9085)
[TCP] RX serial=FC src=FE dst=00 dev=00 port=00 rcv=0000 code=00 reg=0x00000002 len=2
[TCP] TX ack=00 bytes=22
[TCP] Conn from ('192.168.0.10', 9086)
[TCP] RX serial=ED src=FE dst=00 dev=00 port=00 rcv=0000 code=00 reg=0x00000002 len=2
[TCP] TX ack=00 bytes=22
[TCP] Conn from ('192.168.0.10', 9087)
[TCP] RX serial=D8 src=FE dst=FF dev=00 port=00 rcv=0000 code=01 reg=0x01000000 len=1
[TCP] TX ack=00 bytes=20
[TCP] RX serial=8B src=FE dst=00 dev=00 port=00 rcv=0000 code=00 reg=0x00000002 len=2
[TCP] TX ack=00 bytes=22
[TCP] Conn from ('192.168.0.10', 9099)
[TCP] RX serial=2F src=FE dst=FF dev=00 port=00 rcv=0000 code=01 reg=0x01000000 len=1
[TCP] TX ack=00 bytes=20
[TCP] RX serial=BB src=FE dst=00 dev=00 port=00 rcv=0000 code=00 reg=0x00000002 len=2
[TCP] TX ack=00 bytes=22
[TCP] Conn from ('192.168.0.10', 9107)
[TCP] RX serial=47 src=FE dst=00 dev=00 port=00 rcv=0000 code=00 reg=0x0200009D len=1
[EMU] VALIDATION READ reg=0x0200009D dev=00 port=00 rcv=0000 dst=00 data=01
[TCP] TX ack=00 bytes=21
[TCP] ERROR: [Errno 104] Connection reset by peer
